#source_id,ra,dec,phot_g_mean_mag
4068055347614633984,266.9532057821593,-24.78232723682327,20.665022
4068055485053566336,266.97981874519013,-24.763307705403868,20.288467
4068055480749873792,266.9789820844035,-24.770514063774403,18.81127
4068055072738244224,266.98731809477556,-24.807110384169746,20.113026
4068055450695514752,266.96976244397524,-24.7821580910336,20.633965
4068056309687468416,266.95919234205473,-24.744216369562842,19.75181
4068055485053550464,266.9736012762467,-24.7722608474691,19.386927
4068055072738242944,266.97858234529417,-24.813932795842778,20.112204
4068055240231703680,266.9766860170896,-24.790625471088248,19.566765
4068055485053549696,266.97409360308257,-24.77205890322163,19.983324
4068055210175451392,267.0000131016873,-24.79407527598973,18.690046
4068055485055251456,266.9845051112441,-24.772516245313213,20.400871
4068055240231704448,266.97750278799055,-24.78679075441629,18.605688
4068055175817458304,267.0001266119388,-24.79903963547243,20.230154
4068055240231702784,266.97589732180137,-24.794496018306997,18.987598
4068055450693821568,266.97041762841906,-24.77337185575365,17.835094
4068055240231703296,266.9762847339747,-24.783268882048652,19.453096
4068055480749871616,266.97598886293497,-24.773349435709505,19.017086
4068055485053558912,266.97689141196514,-24.767659805201486,20.219112
4068055446390132096,266.9744458586734,-24.777690731033566,17.20757
4068055240231701504,266.9742336571721,-24.79078456113857,19.695662
4068055450693821312,266.9626075646373,-24.780109015284623,19.065582
4068055480749870592,266.9751659606416,-24.772760491081637,18.780289
4068055038378502784,266.97476417135266,-24.81701461684434,20.634861
4068055480749869440,266.97343111469996,-24.763083556095488,18.657831
4068055038378501376,266.97055446454505,-24.82020373736698,20.569052
4068055480749869056,266.97325766772036,-24.764574500788957,19.820145
4068055175817454592,266.9915040487621,-24.8057950105629,20.696894
4068055240231700608,266.97322264480573,-24.783713980016795,19.013556
4068055450693803520,266.9683987172594,-24.778822729625553,19.84988
4068055072738239616,266.98839461034936,-24.807918791437206,20.30571
4068055240231701248,266.9739411731846,-24.78784775039543,19.48176
4068055347616295424,266.95282886109675,-24.794857797559917,20.785234
4068055446390131584,266.97411311844,-24.78007443478149,16.57674
4068055549469346304,266.9735494609538,-24.754301416027403,17.9096
4068055038378501632,266.97268264246577,-24.818672712424107,20.750935
4068055347614584320,266.96277706132594,-24.784341545713897,18.599514
4068055450695510656,266.9695565448984,-24.783119464548037,20.216463
4068055446390129664,266.97180082984346,-24.77507993296371,18.038904
4068055485053537280,266.9786740936056,-24.77016815760425,19.63035
4068055480749868928,266.9731159599407,-24.76860583668585,17.07208
4068055137152484864,266.9723820606098,-24.79870412858574,19.363218
4068055038378500608,266.96670529184195,-24.822895063866675,20.447687
4068055549469343872,266.9703824607827,-24.761352600793916,18.5883
4068056275327692288,266.9522508531004,-24.75777895964912,19.398094
4068055549469344384,266.9716865092169,-24.758476771278705,17.158344
4068055485053538304,266.9779410698138,-24.77076397671495,19.717762
4068055343306825856,266.95780015254473,-24.78033600507914,18.224916
4068055274591452416,266.9906580490092,-24.771614220923922,18.699144
4068055485053538432,266.9780303939449,-24.771180255907705,20.018925
4068055171512237440,266.9906981063574,-24.798488520322003,20.0909
4068055549469344512,266.97151057162625,-24.752497257656362,19.938871
4068055274591452288,266.98957863762735,-24.77983877665374,19.181202
4068055549469344000,266.97041331952846,-24.755038248626338,19.2312
4068055347614585344,266.9553870773483,-24.79053311768241,19.332367
4068055274591453056,266.99122046672437,-24.78152127067347,18.668732
4068055244535309440,266.98080867933146,-24.784021516582005,19.01688
4068055485053538048,266.97706432907376,-24.771318461294253,17.02784
4068055171512236160,266.98825572936147,-24.792921332738203,19.13531
4068055171512236800,266.9890798739922,-24.797138353313134,18.922123
4068055274591451648,266.988677819321,-24.78382998210357,19.62394
4068055171512235776,266.9880650285137,-24.7977189862421,18.414654
4068056305379592320,266.9603701864108,-24.74399439079508,17.570734
4068055274591449472,266.9866207650307,-24.77636663936139,17.626957
4068055450695511296,266.97707205349775,-24.778011448748625,20.517569
4068055240231711616,266.98711055207997,-24.788673323164577,18.535934
4068055485055292160,266.9716282323076,-24.77104883889246,20.068565
4068055274591449728,266.987189843947,-24.7727606249919,20.488419
4068055480749878656,266.985467955135,-24.765265347076102,18.335926
4068055038378503552,266.9731678015488,-24.81796986681212,20.22374
4068055347614607104,266.95367111271656,-24.787282460029342,19.49113
4068055480749878400,266.98484904058154,-24.766140898971525,19.080378
4068055450695552000,266.96036349373367,-24.77941570974008,20.660398
4068055485053559808,266.9830852617847,-24.762531453941953,19.796455
4068055485053549824,266.9835521055297,-24.76389668366263,19.457836
4068055274587352576,266.9962096581738,-24.778821579404347,17.466558
4068055274591447040,266.98318446395245,-24.778396078734566,18.721336
4068055450693811712,266.9676042682774,-24.777452699955095,20.043465
4068055240231709184,266.9838708470216,-24.784491084935595,18.941616
4068055141456068608,266.9742916610426,-24.795604530222747,19.732574
4068055347614609152,266.95483656942366,-24.785447993512907,19.969679
4068055347614595712,266.955795186829,-24.787744619234008,19.521145
4068055240231706624,266.9810936501992,-24.790811500814083,19.446838
4068055485053548416,266.97784285860087,-24.76889746850909,19.814234
4068055450693809664,266.9674528577769,-24.777994005264226,19.345139
4068055450693808128,266.96274901113657,-24.782491329832247,19.62392
4068055515109596544,266.9597051455903,-24.76218859249227,18.267784
4068055038378490240,266.97689630321105,-24.818859592964532,21.006712
4068055515109596288,266.9597108317382,-24.767105211648357,18.613617
4068055485053563904,266.9780003131502,-24.765908518927287,19.767796
4068055343310905216,266.9601500466467,-24.789209908035694,19.283798
4068056305383579392,266.96006617959455,-24.753307793611253,18.219887
4068055549469335168,266.9601400492029,-24.75967816034929,18.377884
4068055549469333760,266.95873752927986,-24.757623740216857,18.838137
4068055137152473088,266.95828733073785,-24.7988295276219,19.021132
4068055515109595264,266.9584138668296,-24.77302480399478,18.139969
4068055343310903808,266.95908805937063,-24.783749363891918,17.681149
4068055549469346944,266.97428786582486,-24.756826744387986,19.199436
4068055343310903936,266.95920936735183,-24.791722008005397,17.814053
4068055515109594368,266.9574680051078,-24.77454094120885,18.719643
4068055485053566464,266.9801678930679,-24.76348694169686,17.36396
4068055485053561472,266.9771621636955,-24.767029949245256,19.241863
4068055450693806848,266.9666001988024,-24.779482396218693,19.423483
4068055515109594240,266.9574201316049,-24.766488145028838,18.856817
4068055278896811392,266.989180088462,-24.771701297119527,20.296333
4068055416335823104,266.9494659392716,-24.784991511809785,20.670956
4068055485053550592,266.975402893758,-24.77037364373689,20.820208
4068055412030378112,266.95550630161813,-24.77834994995369,18.409338
4068055343310902016,266.9559257529082,-24.797456175079315,17.581049
4068055480749873664,266.9788610546652,-24.76227550893981,19.484861
4068055347614598656,266.954835128994,-24.788066859559322,19.75879
4068055343310900608,266.95360876668025,-24.78748959197744,18.899294
4068055412030377856,266.9546768725212,-24.779666503740046,18.869192
4068055205868854400,267.0043361950498,-24.783875073398967,18.474092
4068055343310900736,266.9542889818478,-24.783664831244756,19.083063
4068055485053590912,266.976607196296,-24.76116388743045,19.233465
4068055446387023744,266.9782230863967,-24.779015585997527,18.340576
4068055515109591296,266.9519030761249,-24.763380114090143,19.151243
4068055072738234368,266.9782087441973,-24.816567294027074,20.871864
4068055038378484736,266.9690754087629,-24.825915053090092,20.650665
4068055343310900096,266.9530062000651,-24.79015165215406,18.460873
4068055308951161344,266.9526022992768,-24.79950999858273,18.644892
4068055515109591680,266.9527745697116,-24.771649900462183,16.731829
4068055450695559808,266.95848566715273,-24.779099042305397,21.025366
4068055450693851904,266.9584106493054,-24.776882612000197,18.58467
4068055450764684672,266.96804882112207,-24.78211977825132,18.06751
4068055515109590784,266.94990292388434,-24.76718301776144,18.665154
4068056309687458304,266.958842201138,-24.74650756938948,19.892054
4068055137152482560,266.9696248261423,-24.793330852768474,19.551992
4068055485055278464,266.9781286457696,-24.77012398876827,20.677164
4068055485053555968,266.97811760426066,-24.767517757372374,19.421858
4068055480749865216,266.96847902547654,-24.767621708210463,18.833014
4068055549469341696,266.9681388838873,-24.751193827044737,18.865416
4068055485055277312,266.9814792613504,-24.768145272805974,20.030766
4068055549469342464,266.9692917933349,-24.765368405223917,18.91457
4068055485053587072,266.97116267993795,-24.766114305639196,19.968086
4068055446390127232,266.9690395754193,-24.777302850416905,18.397448
4068055347614632064,266.9510307075695,-24.784124964374552,19.128925
4068055446390125568,266.96734050446605,-24.774790566813312,16.965555
4068055278965981696,266.9920645437839,-24.77574974546571,18.272331
4068056309687455488,266.95666980003574,-24.74901764144644,18.966814
4068055347614631168,266.94918293242034,-24.785897299924812,19.20191
4068055141527028608,266.9620712527808,-24.80106069316079,15.806896
4068055137152479360,266.96580321479775,-24.792713232027054,18.224401
4068055446390125056,266.9669007515063,-24.771041518446264,18.591528
4068055519413359744,266.9607582162412,-24.76871646278182,20.314213
4068055549469340288,266.96693288921637,-24.75629606847419,18.114546
4068055343310908800,266.9648586832713,-24.786060091233487,18.821348
4068055210177269120,266.9933580578307,-24.785380579098206,20.605108
4068055137152478336,266.96475816538185,-24.79529743826437,18.367401
4068055446390124288,266.9653632235054,-24.776226482251403,18.891735
4068055446390124416,266.96550660120346,-24.77184370606331,16.75204
4068056309687451776,266.9597010945831,-24.747003840723714,17.967495
4068055244606244864,266.9782784231179,-24.78561457872315,17.622263
4068055072736551808,266.97208396001645,-24.80646287955788,20.321257
4068055446390123264,266.9637903908348,-24.772921312415225,18.43544
4068055515109599744,266.9631322621636,-24.768162076190954,18.774542
4068055515109599872,266.9631577119414,-24.765938251015143,19.056189
4068056305383580800,266.9611561207774,-24.741374494454952,18.230875
4068055553773075200,266.9675493441111,-24.767628146100336,19.87011
4068055515109598208,266.96113123601606,-24.77205479196227,18.401264
4068055416334167808,266.948408681638,-24.774264812220945,19.068178
4068055347616316928,266.9584426132376,-24.785354197293856,21.185003
4068056305383581184,266.9615217769034,-24.74507653644644,18.713223
4068055343310907264,266.96152589336236,-24.788785134135047,17.015982
4068055519413335424,266.9660046856197,-24.769255640673354,20.017738
4068056275330403968,266.9545464924835,-24.75619855183374,20.539352
4068055343310905344,266.96020299337715,-24.784910771413703,18.54041
4068056305383579904,266.9604349993326,-24.752209500715143,18.524834
4068055519413335936,266.9655227902528,-24.769505346665806,19.233284
4068055343310905472,266.96039351710874,-24.793788109386163,18.158525
4068055137152475904,266.9610138886231,-24.799031546881142,18.509771
4068055343310905856,266.9607674397075,-24.790364786822273,18.208366
4068055450695533184,266.9643789527672,-24.78147333832527,20.71245
4068055485053596416,266.97208280544874,-24.76412522778139,18.969866
4068055416334119808,266.9556596066477,-24.778475115547238,20.528776
4068055416334119424,266.95040514853423,-24.782833410042073,19.82161
4068055450695548416,266.96366170958845,-24.77809199229802,20.814041
4068055450695548544,266.9659553727571,-24.776415440020426,20.741943
4068055278965987712,266.9838489961701,-24.77453382618973,15.603768
4068055519413333504,266.95778302573626,-24.776662985220113,19.60256
4068055450695546880,266.9623885836,-24.779101400925125,20.625029
4068055485053593856,266.9717131194645,-24.765000120684658,20.062757
4068055519413331968,266.9614309198336,-24.773874493963113,19.124065
4068055347616332288,266.95866757217584,-24.78175370050809,20.716248
4068055485053593728,266.97181868780945,-24.765190880168372,20.649267
4068056275330352512,266.952638412469,-24.758496944053416,20.340233
4068055485055284608,266.98354304382167,-24.764813034082138,20.022257
4068055480746763264,266.98541903874167,-24.770919870866216,20.36617
4068055485055284224,266.97706107791146,-24.769344394346714,20.03333
4068055210178794880,267.00036195822753,-24.79781840836378,20.664957
4068056309690091392,266.96333934437837,-24.748036556860846,19.866882
4068055450695546368,266.9608741054301,-24.780389878481976,20.292805
4068055519413371776,266.95581557894724,-24.769841929500956,19.083246
4068055175815769984,266.9853707266724,-24.794128832815094,19.76117
4068055416334115072,266.95222190832055,-24.78118220456255,19.57391
4068055416334115200,266.9526612021414,-24.78121171674725,20.002945
4068055485055258624,266.98706188790004,-24.768956357091486,20.693968
4068055485053592448,266.9773532224603,-24.759712606867744,20.792515
4068055450693835776,266.96881674605794,-24.77125650439783,19.796917
4068055485124424320,266.97721026026466,-24.771932262962885,18.244932
4068055485053575040,266.9719381851431,-24.768537781391473,19.546373
4068055485053510656,266.98083102006575,-24.77579691895454,20.227383
4068055485053516288,266.98329412348465,-24.772857173965964,20.307016
4068055485053516416,266.98282963910634,-24.7729932339876,19.651823
4068056309687451392,266.960480788063,-24.74645528153438,19.741735
4068055347614562048,266.96128474311257,-24.791173850162473,19.484787
4068055347614560384,266.95799648132436,-24.794681309949496,19.577892
4068055072736535552,266.98083526516274,-24.801669217769774,19.615126
4068055210246875904,267.00115748490225,-24.792526643187593,20.192135
4068055210246875776,267.0044305912377,-24.793710766338247,19.931828
4068055485124781440,266.9803580212151,-24.76983960195986,19.62629
4068055347614558336,266.9649275617187,-24.789319484660492,19.47876
4068055210246874880,267.0045543165905,-24.791679499939086,19.623411
4068055485124781568,266.98263798964837,-24.768297303220177,20.212107
4068055485053511040,266.97899830681047,-24.7773068469755,19.77415
4068055278895081344,266.98596166152504,-24.771666540665695,20.783154
4068055240227574400,266.97386516895926,-24.794155534917405,16.511646
4068056309687444608,266.95620454182836,-24.751208701351633,19.49049
4068056309687444992,266.9605433838363,-24.747457095745336,19.254364
4068055107096304896,266.96014020309786,-24.813252393219518,19.593689
4068056309687443456,266.9616683048375,-24.74673505930151,19.601654
4068055244535257344,266.98415325997047,-24.792787176562545,19.807213
4068055244535257472,266.97890225575753,-24.79730592108504,20.262255
4068055240227571456,266.9821089373543,-24.79475322037624,18.514933
4068055107096303616,266.95933812341895,-24.814181676137213,19.525856
4068055210175517952,266.9990379680291,-24.780280645062376,19.501463
4068055244535256448,266.9876913994082,-24.78996897908858,18.76802
4068055210175517696,266.9973950254855,-24.781738413871015,19.408173
4068055107096303488,266.95899686004867,-24.814186742544326,19.54326
4068055553773088768,266.96861744422324,-24.76416986613846,19.940195
4068056275327687296,266.952892954868,-24.758055267363446,18.807732
4068055210175516928,266.99787732188247,-24.781067453851534,20.328203
4068055205867847552,266.99292233510533,-24.79149617606903,17.250074
4068055278894993920,266.9907213059913,-24.787559247150917,20.114985
4068055278896783872,266.98784437198407,-24.779852866735602,20.819408
4068055210175515904,266.996476118704,-24.78302169022347,20.895412
4068055175815777408,266.9855631672994,-24.79251736969155,20.075762
4068056309687423232,266.9640763842994,-24.749007170499706,19.53501
4068055278896783616,266.9861499598442,-24.781181017321355,20.578459
4068055141457831424,266.9611470999487,-24.798024174397867,20.337658
4068055141456039552,266.97232285470136,-24.803545822429587,20.497257
4068055107096299776,266.96291255648106,-24.812048411657557,19.199137
4068055107096299904,266.964283463104,-24.810861071979673,16.260492
4068055210175514624,266.9989477859526,-24.781265376527575,19.300608
4068055210177233664,266.9976436305964,-24.791634612568746,20.357473
4068055278896784512,266.98932243542924,-24.778661045805684,20.717981
4068055244535253760,266.9822311228614,-24.795429044707454,18.437279
4068056309687422592,266.9564723251222,-24.756100119576857,20.635298
4068055553773150848,266.9684493997137,-24.75040696298609,19.868793
4068055210175513984,266.9996544552075,-24.78019513343424,19.373667
4068056309687421056,266.9558008105375,-24.756747145852056,20.499342
4068055210175513728,267.0014056263785,-24.77919244304201,19.272724
4068056309687421184,266.95563515771573,-24.756584875816998,19.97979
4068055210175514496,266.9991085485889,-24.781937647486256,20.566463
4068055175815774464,266.9810063720521,-24.796893848209994,18.704227
4068056275327681792,266.9541984324509,-24.75746734297421,17.549816
4068055343306794240,266.95523451467545,-24.791897064499185,17.498209
4068055175815748224,266.9833349915456,-24.800107713958255,20.095676
4068056309689154048,266.9567964889229,-24.749442481550446,20.502432
4068055244535265536,266.9802049865508,-24.794305888872543,19.933739
4068055244535265280,266.98017991555105,-24.793721654913167,20.567682
4068055549487214976,266.969603573386,-24.75790770113119,17.66574
4068055107096312448,266.958430367287,-24.81293065478607,19.987526
4068055244535265152,266.98050474931125,-24.793356297107472,20.655928
4068055278895003136,266.99234926985974,-24.78395939252372,18.48956
4068055553773076736,266.9733528641216,-24.76214271709861,19.975622
4068055244535263360,266.9860188508585,-24.78965295805225,20.020657
4068056275327694208,266.95401380649656,-24.75607456853213,18.416159
4068056275327694336,266.95349698146396,-24.756512814567756,19.088518
4068055244535262464,266.98161732000756,-24.79331700144838,19.376495
4068055210175440128,266.99949355610596,-24.797331533049313,18.695208
4068055171508080896,266.98997524450994,-24.80243530329599,17.337505
4068055175815702784,266.99887575149944,-24.797676721668466,19.429775
4068055068428865920,266.9797373231891,-24.8032777295147,17.977003
4068056309687430912,266.9610343139493,-24.750202252998566,20.077929
4068055278894998656,266.99926796328117,-24.77923114335754,20.103775
4068055141456044288,266.9690899224255,-24.805229819222088,19.621695
4068055137148341376,266.96650258670894,-24.804453541919294,15.379381
4068056309687428480,266.96603765716645,-24.746363136421152,19.135035
4068055210175503616,267.0012146909735,-24.780964032266787,17.889305
4068055038376811648,266.96612718490843,-24.811375533633193,18.915031
4068055210175504128,266.99865751902894,-24.783452754528,20.027407
4068055210175504256,266.99304797420496,-24.788241233130847,19.66722
4068056309687427712,266.9567302093884,-24.754558214789014,19.739037
4068055210175504000,266.9986595125231,-24.78301150359121,19.966768
4068055210175502336,266.99969578301744,-24.78285188844292,19.469173
4068055210175502464,266.997893818102,-24.78440029405296,19.198082
4068055210175503104,267.00071864518435,-24.781722611947867,19.787546
4068055210175501312,267.00222072466306,-24.78055578758823,17.97727
4068055210175501440,267.0025792648484,-24.780690489818486,19.905594
4068055210175501824,266.99480156043126,-24.786456425695512,20.195328
4068055553773156736,266.9650016761338,-24.75239889164046,19.718271
4068055137148354048,266.9601474767739,-24.7967580404237,18.133204
4068055171511581696,266.99110171836605,-24.80052114551133,18.453503
4068055171511581824,266.991672759936,-24.80421039451625,19.1454
4068055210175500928,266.9984812320708,-24.784218905878657,19.32618
4068055072739690752,266.9731605622969,-24.806564531127933,20.595884
4068055240227567616,266.97960531290965,-24.797080794392652,18.55222
4068055068432365952,266.9843978915933,-24.805855360256885,18.551012
4068055068432365568,266.9815807279289,-24.811905228434583,18.284777
4068055171511580800,266.9821395152411,-24.800580163429153,19.293756
4068055141457810176,266.97392572989133,-24.79463721116963,20.479937
4068055068432366336,266.98599026248803,-24.809697195558105,19.071302
4068055171511581568,266.9900618163306,-24.807502292597594,19.308311
4068055175818908288,266.98671969307827,-24.804397403190038,19.997488
4068055068432366080,266.9856044690839,-24.807317385009622,20.023046
4068055068432366208,266.98599368263496,-24.805784261074113,19.466314
4068055175818908544,266.9920242878259,-24.80078145723103,20.214125
4068055034072626432,266.97101806211754,-24.824679297611006,19.08933
4068055137151841664,266.97319649578225,-24.803337178357456,19.681725
4068055175815760640,266.98381566396677,-24.797142429840388,18.818073
4068055068432365312,266.9750340008458,-24.806432126705655,19.717354
4068055210175498880,267.0015826880751,-24.781957488322604,16.52539
4068055278896762496,266.9980831065946,-24.778373315610434,20.483118
4068055068432365056,266.97404817391936,-24.809990397768768,19.329172
4068055034072625408,266.9667207943015,-24.81847535281478,19.856451
4068055068432363904,266.96834335416327,-24.80887001816018,17.86178
4068055141457807360,266.97273751189437,-24.79634661914367,20.646402
4068055141456061440,266.97408858066734,-24.79725261458709,19.49343
4068055034072625152,266.96573197807595,-24.819739269797513,17.913185
4068055141456061824,266.97491793305426,-24.79650295255498,19.748222
4068055137151841152,266.9691726025342,-24.80694030977203,17.879005
4068055141457808000,266.9717539319193,-24.796830611288804,20.309565
4068055034072625792,266.968670869636,-24.81815165316046,18.928198
4068055102792101120,266.9614521839056,-24.805174402142,19.436163
4068055175818909696,266.99614407863606,-24.800840645500607,20.272144
4068055102792101632,266.9643645754846,-24.806321892599748,17.999104
4068055102792101760,266.96550537999747,-24.808048868598327,18.265074
4068055102792100224,266.95838948005235,-24.802285842470162,18.590649
4068055102792100608,266.95996389666755,-24.814731905412312,18.090485
4068055175815772416,266.98011450264505,-24.79801831979499,19.738451
4068055102792100480,266.9594066803293,-24.80209221886082,18.701794
4068055107098082560,266.9590612289756,-24.802458388772166,20.787807
4068055141457820672,266.96261835478305,-24.800040438575884,20.430065
4068055141457821184,266.9664002187305,-24.797404114636507,21.015718
4068055102792099328,266.95566120989116,-24.80346801133696,19.445517
4068055107098082176,266.957067732886,-24.80369103318331,20.307379
4068055210175510272,266.9995170273136,-24.78165456974753,20.130217
4068055278896806272,266.98289498591527,-24.77767407896806,20.832706
4068055141457819776,266.96059031315525,-24.801518370611635,20.688852
4068055210175510400,266.99958323406514,-24.78144971787388,19.981586
4068055107098082048,266.9573855710577,-24.803723852680722,20.010857
4068055072736555392,266.9750947288669,-24.80272614798784,19.684252
4068055141456067328,266.97337495446453,-24.7965754328269,19.906164
4068055278896772096,266.99271449434116,-24.779637606517312,20.326591
4068055446407981312,266.95909878316616,-24.77749254149133,18.617605
4068055412026300416,266.9526459763788,-24.781541397820952,17.855158
4068055343306812288,266.9549409939272,-24.78579864484849,16.860487
4068055274587335424,266.99029305893725,-24.785450930146904,16.505445
4068055107096292480,266.9594872580695,-24.816394092873058,19.648914
4068055278896771072,266.99382776058405,-24.779127754331103,20.836792
4068055412026299648,266.9494083863867,-24.781700325664183,18.08839
4068055107096292864,266.9604229421161,-24.81557657240282,19.123976
4068055313256531584,266.9543092650086,-24.800713817395255,20.37803
4068055210175506688,266.9952890591443,-24.78576290929381,19.755589
4068055278895006208,266.99408603039313,-24.78022847166161,20.661009
4068055205867869312,266.9983284902783,-24.781023870940555,18.384197
4068055141456030464,266.96801392166856,-24.80860173609252,20.709515
4068055038376815488,266.96753575263523,-24.809522109742844,19.164167
4068055278895006080,266.9940888403596,-24.78075705902594,20.170502
4068055308969025920,266.9540744939836,-24.798992481492757,18.84419
4068055175815768704,266.9883180312517,-24.79138272301288,20.069963
4068055343328763904,266.9521261697934,-24.79365487789612,18.950163
4068055210175505792,266.9942999063039,-24.7868251507152,17.04508
4068055072736551936,266.97185315798924,-24.806192386464687,20.500715
4068055137170334464,266.976393876625,-24.799369157129526,18.425146
4068055141457815680,266.96963520083057,-24.796056284655556,20.390375
4068055072736552448,266.9733809872299,-24.804745169686697,19.334911
4068055210175506048,266.9921062521162,-24.788652081295087,19.606695
4068055278896769536,266.98589432131087,-24.784844122621738,20.565786
4068055210175443200,267.0020485056808,-24.79438326772353,19.4299
4068055072736489856,266.981228592081,-24.81199686514151,19.420197
4068055038376751232,266.97382760034196,-24.81867615755445,18.844278
4068055210175442176,267.00921390102974,-24.788617306945195,19.136448
4068055107167282432,266.9633808409178,-24.80936532120551,16.682268
4068055210175442048,267.0092102017547,-24.788962010138125,19.354445
4068055278894998784,266.9996510173629,-24.778810292459355,19.465239
4068055244535262080,266.9814848998167,-24.793820689293746,19.871342
4068055107096308480,266.96057187842484,-24.811773030375218,19.047592
4068055175815702656,266.99852445512533,-24.79754566160716,18.622778
4068055107096303360,266.95892088498834,-24.814025034170097,20.20198
4068055038378531200,266.9670355228728,-24.81523197597367,20.87605
4068055210175440000,267.011167640893,-24.787048463353116,17.89702
4068055038376747264,266.9677801427721,-24.824912552327415,17.865171
4068055210246861824,267.00659609465185,-24.78462601573645,20.249615
4068055141457837056,266.96335692515123,-24.795089578622637,20.7185
4068055347685736320,266.94876855818643,-24.790561099495495,20.608015
4068055210175439744,267.0082323623009,-24.790019952860888,19.328709
4068055210175487872,267.0031528311502,-24.78214239427493,20.120472
4068056309689155200,266.95794887529325,-24.748517730444636,20.79961
4068055072736532864,266.9748836749869,-24.807429717406187,19.796312
4068055107098096640,266.95255246422613,-24.802999512207844,20.015726
4068055072736532608,266.97977945855877,-24.80273675878091,18.812538
4068055175815748352,266.9864729951615,-24.797397903801112,19.952787
4068056309687419776,266.9638085132098,-24.74984888241582,19.780977
4068055519415062784,266.9578823156237,-24.773185966538787,20.700096
4068055210175485696,266.9945589517405,-24.79064851212505,19.973515
4068055210175485568,266.9949311017914,-24.790735667704197,20.247986
4068055141457833088,266.97053914608676,-24.79124222720805,20.903109
4068055141457833728,266.95884200533226,-24.799023583502024,20.703936
4068055038376792704,266.96917048914935,-24.81265860095995,20.078856
4068055175815745280,266.98749629796487,-24.797095979417833,19.05441
4068055278896785920,266.98389045668654,-24.78217139787383,20.08371
4068055072736528640,266.9757220047155,-24.807657270077247,19.697964
4068055210175481984,266.99915170950453,-24.787097810782544,19.170115
4068055072736529152,266.97083202913063,-24.811571934414417,19.520973
4068055343306798336,266.9506003967314,-24.79058359315414,17.601788
4068055210175482496,266.9988809598086,-24.78774176063907,19.548882
4068055210175481088,267.00449476812514,-24.78288467726154,19.447744
4068055210175481216,267.0048618978309,-24.78288592158658,19.88934
4068055210175481728,266.99749718331884,-24.78913094216231,20.026789
4068055038376789504,266.9649291260453,-24.81709122372277,18.861137
4068055072738270592,266.97946083996266,-24.806475388916805,20.736261
4068055210175479936,266.9949557023646,-24.791690946066247,19.069906
4068055175815742208,266.98686288905674,-24.798455278568834,19.7755
4068055072738270976,266.9716894310317,-24.811839047279953,20.25757
4068055072736526848,266.97210990749505,-24.81120722122198,20.131254
4068055072738270720,266.97532295953005,-24.80933321933139,20.792152
4068056309689148032,266.9587845266221,-24.749784117955414,20.234585
4068055210175478784,267.0047378816637,-24.783828446369043,19.007961
4068055278965978880,266.99240540550966,-24.778656036963465,17.37218
4068055072736540672,266.9721394045918,-24.807729722741392,19.988184
4068055038376803200,266.9674776735352,-24.811565791733244,19.158195
4068055038376801536,266.9642238971372,-24.814617234113065,20.24706
4068055175815755136,266.9913485340565,-24.791362525506454,18.97088
4068055210175493120,266.99755561666325,-24.78623609791533,19.837017
4068055072738267776,266.97940370808374,-24.807249918629257,20.63498
4068055038376800384,266.9609812012671,-24.81780671721318,19.059422
4068055072736539392,266.9789600604587,-24.802330531680482,19.495386
4068055038378527872,266.96273731555516,-24.818956109787553,20.274601
4068055038376801152,266.965090316626,-24.8141553390175,19.381985
4068056309689127296,266.96022222226406,-24.75397783290138,20.658972
4068055038376800128,266.9611271517059,-24.817708290225433,19.490849
4068055072736537344,266.97841631707195,-24.803067445683837,19.668806
4068055034069110528,266.9631914413298,-24.813792635376906,16.476664
4068055175815752576,266.98739647508995,-24.795343398115268,20.173067
4068055210175490688,267.0014416696266,-24.78353727783578,19.638771
4068056309689125632,266.95992455419065,-24.754423907850942,20.424866
4068055210175489664,266.9988473178657,-24.78616658360453,19.564602
4068055210175488000,267.0036092656751,-24.782194956460742,17.685438
4068055210175488128,267.00389064744223,-24.782317121969555,19.035028
4068055210175488640,266.9929087787781,-24.79121572806571,20.307816
4068055347614562176,266.9559873290789,-24.796137168122268,19.611113
4068055210175471488,267.0010838969776,-24.788193115146324,19.48551
4068055072738278144,266.9795091307825,-24.80443676827072,20.433073
4068056309689138816,266.95548159958844,-24.754174560226932,20.538115
4068055210175469952,267.00150980617656,-24.788463460990844,19.42787
4068056309758173952,266.9577408154881,-24.754148617866846,17.779387
4068056309758173696,266.9559656671991,-24.75605036762987,17.069643
4068055450693778944,266.9752697788917,-24.77901552602285,18.693274
4068055072738275712,266.98227918516824,-24.8033543305029,20.14538
4068055072736515072,266.98219097815905,-24.805183911237343,18.873238
4068055175815731072,266.99226913363316,-24.796453429626656,17.880058
4068055038378537856,266.9693459003529,-24.812190811537327,20.492062
4068056309689137024,266.95759733622555,-24.75319843170267,20.875599
4068055038376775680,266.9671849510703,-24.818302832962676,19.863686
4068055072738273536,266.9791879228575,-24.806018742560976,20.19455
4068055038376774784,266.96955948199667,-24.81653374059414,18.993284
4068055210175465728,266.9992532849027,-24.79117938642377,19.639704
4068055210175465600,267.0060793418357,-24.78538536241933,19.673141
4068055210175466240,267.00114076655774,-24.789535284965545,19.469746
4068055072738273024,266.9762227831006,-24.808319897629993,20.491423
4068055175815727616,266.9950627227533,-24.794778097682343,19.730694
4068055038376774272,266.9637114512584,-24.82162029980748,19.898495
4068055175815726080,266.9904142862507,-24.79912777577476,19.836157
4068056309687439360,266.95584331008416,-24.75293985291834,19.538132
4068055038378533760,266.9622094713277,-24.81816254539343,20.56735
4068055549465313152,266.96477562017407,-24.757801309697204,17.691128
4068055210175464192,267.0009165247993,-24.79027458872187,20.010044
4068055175815725952,266.99298390450514,-24.79705664436642,19.701853
4068055038376787200,266.9658295750417,-24.81654702326692,19.112911
4068055038376787328,266.96855447509694,-24.8147019082504,19.109417
4068055416335851264,266.95348827494286,-24.775500161801325,20.491804
4068055141527393152,266.9700831403575,-24.79788248445232,19.818974
4068055175815739648,266.9852634719511,-24.80067344102694,20.405817
4068055210175478144,266.9970662544408,-24.790540578575335,19.41256
4068055072736524288,266.97720311964287,-24.80764859758301,19.574253
4068055038376786048,266.96656773072874,-24.816750904934363,19.731005
4068055175817467648,266.9878259031627,-24.804744307226084,20.383791
4068055553843921664,266.969258138406,-24.75272760980721,16.121471
4068055068428860160,266.97153135259583,-24.806745458878076,17.70312
4068055175815738368,266.984149147204,-24.80184239716195,19.85182
4068055072738251392,266.9846184957292,-24.807695684865468,20.39649
4068055072736521984,266.97225009389786,-24.812198443535138,19.555239
4068055210175473920,266.9957715740189,-24.791197241992986,19.549671
4068055210175473792,266.9958188911986,-24.79195147737581,19.525167
4068055175817463552,266.99045106611874,-24.804560933731658,20.701199
4068055210175474176,267.004411866631,-24.784738863790345,19.09426
4068055519484186752,266.9508111015587,-24.764555712713612,16.685478
4068055210175473408,267.0030610022334,-24.785989481239834,19.572771
4068055416335884672,266.9497994285445,-24.77176651275561,20.469034
4068055450693792384,266.9701717654697,-24.779921257845285,19.268745
4068055072738247296,266.9749459533815,-24.81543566900134,20.423012
4068056309758418432,266.95753787617707,-24.750016593539346,20.25143
4068055072736519040,266.98150765094414,-24.80457334000159,16.896187
4068055519415103360,266.95274120521947,-24.76871778415405,20.467344
4068055485056361984,266.97455334415264,-24.77068138921171,20.534119
4068055553773132928,266.9624340888283,-24.759221045261583,19.75819
4068055553774841472,266.9682445581567,-24.758051440456637,20.660608
4068055072738288896,266.9712423436833,-24.807611314977716,20.749147
4068055519413393664,266.9581720545085,-24.76333927281794,18.758549
4068055553773126528,266.9677709541497,-24.755763413886772,20.754135
4068055107098027904,266.95916828388715,-24.81562717442997,20.793156
4068055519415101952,266.9512783691922,-24.77025066359107,20.784218
4068055072738289280,266.98057855783304,-24.801033769301558,20.71697
4068055450764950144,266.97073883102854,-24.780969083628406,20.807882
4068055038447796096,266.96669770100596,-24.82054582136919,19.399218
4068055210246487552,267.0027985814165,-24.789614293442735,20.00022
4068055210246486016,267.0036541113302,-24.791579270595047,16.096762
4068055519413391360,266.95678618047737,-24.76473018792701,17.458946
4068055553774838400,266.97067104520005,-24.75699346466,20.57848
4068055553773130496,266.96331203733655,-24.75921815400802,19.957766
4068055553774820608,266.9665757148404,-24.763882352678625,20.31068
4068055553773130368,266.96426599457084,-24.758436360081852,19.704552
4068055515105542144,266.9492316561187,-24.77071144848492,17.135906
4068055519416104448,266.96304569510994,-24.766655556583586,20.824629
4068055210246483968,267.00680199996543,-24.792036561937316,17.613745
4068055553773129600,266.9673017645831,-24.756171215512975,20.54928
4068055210246484736,267.01015836689027,-24.787715368309787,18.468506
4068055210246484864,267.01051936416815,-24.78786643786872,19.343481
4068055240244776960,266.97929605494676,-24.78905025167713,18.526794
4068055175886746240,266.989142987913,-24.806176762175348,17.272089
4068055450765023104,266.9653861666523,-24.770929569261998,20.529488
4068055072807530368,266.9882631337032,-24.808500935685736,16.536837
4068055553773126656,266.9682170556832,-24.75569772625179,19.155022
4068055553774818816,266.97647512487305,-24.757289133968282,20.680506
4068055519416105984,266.95802917412277,-24.765180574403804,20.368946
4068055038379754368,266.96934119414806,-24.826462995889123,19.892565
4068055519413387392,266.95730889724825,-24.765241734152305,20.141943
4068055416335863296,266.9506724059339,-24.77533269466104,20.696798
4068055553773141504,266.9593401930135,-24.759399628403262,19.127258
4068055038379754752,266.9708589164433,-24.823195588135256,20.058512
4068055210178448000,267.0085106257512,-24.791298258899904,19.68769
4068055553843911936,266.97292603364195,-24.761135772850817,17.665367
4068055519484174080,266.9618097797018,-24.77045615445274,19.659445
4068055553773140480,266.964637242314,-24.755761554030535,18.317724
4068055519413402240,266.9531079164729,-24.764905414268654,20.886414
4068055519415075968,266.9569867011003,-24.771273357648248,20.380676
4068055210178448896,267.00784677363043,-24.785781405726603,19.56028
4068055210178449280,266.9941656568497,-24.79157956763045,20.444126
4068055553843911424,266.9770561217248,-24.75857517965851,15.419345
4068055553773138176,266.96838655297233,-24.75308472200412,18.299065
4068055485124433024,266.97780427159984,-24.759941450338967,17.168982
4068055553773137152,266.96979311629497,-24.752024324614382,20.156502
4068055485124432128,266.9793883459561,-24.759462057097227,19.599302
4068055485124432640,266.97967038217257,-24.758832278277882,19.113777
4068055244538189056,266.9827005814434,-24.7912609970564,20.362055
4068055416404955648,266.9480372794496,-24.786285482692424,17.848618
4068055485124432512,266.96977471221516,-24.767579583733788,18.865856
4068055274604523648,266.9884189257724,-24.78548401634138,18.27293
4068055347685477760,266.9518014393564,-24.78419665021472,19.805569
4068055347685478144,266.9484567192749,-24.786819946524503,18.197243
4068055347685476608,266.9526069056419,-24.784887884802245,19.57518
4068055519413396480,266.955943206717,-24.764348817660775,19.126423
4068055347685476480,266.9487554638804,-24.788216389899635,17.611376
4068055450764692224,266.96934076131595,-24.769844485063768,16.781412
4068055210175461504,267.0061138102414,-24.786564590407444,19.186394
4068055519413396352,266.9555986192768,-24.764373933882226,20.14166
4068055416334162944,266.9508695353476,-24.773077685884576,18.707926
4068055485124428160,266.98096700817786,-24.763521301185463,17.026241
4068055485124427904,266.9744356903415,-24.76935188696468,19.506401
4068055519413377024,266.9524073428517,-24.772075090500902,20.796242
4068055519484182016,266.9529422842555,-24.768154801261772,20.556181
4068055519415084544,266.95415391882983,-24.771931808463815,20.92796
4068055519413376896,266.95160702865684,-24.77182873754881,20.954277
4068055519415083392,266.9561474319585,-24.77071321157461,20.710594
4068055553843919616,266.96693722020433,-24.75804769059592,15.704698
4068055553774822016,266.976799109873,-24.756391520961873,20.876017
4068055519484180352,266.9511367604324,-24.77276045447726,15.507232
4068055519413375616,266.9579051751779,-24.767960593228818,20.491945
4068055519484180096,266.9524249810942,-24.771614387731265,20.608004
4068055519484178816,266.95907903656206,-24.76743277874776,20.089172
4068055519413373440,266.95431251624564,-24.771187672340574,20.493382
4068055519413373568,266.9543407980801,-24.770673733639708,19.831127
4068055485055259776,266.98246221354384,-24.771708151501322,20.367987
4068055347616307072,266.9620489359062,-24.785644820989866,20.883137
4068055347616329088,266.9515132564845,-24.787073537994623,20.387848
4068055553773111040,266.970955849496,-24.756509366719456,20.016542
4068055519484177152,266.9608421427813,-24.76738014647353,19.359879
4068055175818779904,266.9884968007622,-24.79796765357967,20.344608
4068055175818780032,266.9936106628681,-24.80340353343506,20.56724
4068055450695520896,266.96737602639365,-24.782281341729142,20.410536
4068055485055257856,266.9833786027942,-24.771707949573504,20.611158
4068055175818779776,266.9928266774421,-24.798518274663486,20.370047
4068055313256565760,266.9502242388276,-24.794562178020946,20.651844
4068055175818780288,266.9883018858108,-24.800798224754853,20.640865
4068055347616304896,266.95809461037027,-24.788965439705848,20.309725
4068055175818778880,266.98890738672446,-24.792124496226805,20.413193
4068055485055258112,266.9805625337474,-24.773627181230694,20.876417
4068055553773124736,266.9718124192021,-24.75296154678254,19.045761
4068056309687444096,266.9550288028733,-24.752303858540383,19.17155
4068055485055256576,266.97794633229813,-24.77567519770796,20.220793
4068055485055256704,266.977838521154,-24.775922892204278,20.53649
4068055519413385216,266.95546951217324,-24.76765874705923,18.593622
4068055519416161280,266.960478460285,-24.764408245078023,20.879395
4068056275330405632,266.9535982979518,-24.759300401216205,20.663654
4068055485124418560,266.98560972690314,-24.771635875405476,18.473871
4068055347616302464,266.96025559577873,-24.7881585593598,20.68536
4068055347616302080,266.9533064259028,-24.79300635406401,20.28702
4068056275330404864,266.95257640194194,-24.75706827286325,20.664927
4068055485124418304,266.9804051978386,-24.77558894432727,19.44585
4068055485055255296,266.9797817023789,-24.77482856946948,20.571589
4068055553773121664,266.97307299382004,-24.753036440831753,19.771837
4068055549469335936,266.9606647678697,-24.75804336119166,18.759977
4068055278965987200,266.984478687032,-24.775096309450113,17.83618
4068055485056419840,266.97806596283573,-24.76678323587088,20.80271
4068055107167293440,266.9580748458506,-24.800136512568365,18.319956
4068055519413382656,266.9551711469449,-24.768551883302013,19.560175
4068055244606247424,266.97022515399914,-24.789211335653718,16.246674
4068055553773119872,266.96269387839334,-24.76227108293936,20.314028
4068055450695531392,266.9725543338491,-24.77612447330273,20.570232
4068055485056418816,266.97589961476007,-24.76105478562938,20.543736
4068055343310907392,266.9626095225127,-24.790859709211777,19.500546
4068055347616314624,266.9577064697854,-24.786793204865084,20.436306
4068055141527031680,266.96769125161126,-24.79244276216301,17.33631
4068055515109600768,266.96491447390144,-24.770095594649717,19.02298
4068055485055268736,266.98727707945125,-24.766228066706304,20.408972
4068055244606245120,266.98017097003617,-24.783569583174923,16.659105
4068055278965983360,266.98703240071075,-24.777593393496975,18.701708
4068055278897988096,267.0002240458288,-24.777956317534425,20.529161
4068055278965982464,266.9893422417616,-24.776750164388794,19.9208
4068055278965982720,266.9866562839749,-24.778933009540346,15.766822
4068055347616313216,266.95979873547793,-24.78577820695729,20.917654
4068055347616322560,266.9490365363482,-24.790742593321102,20.992119
4068055553774852864,266.9636364842466,-24.75832063468724,20.555445
4068055137152480384,266.9673904617774,-24.79053257681453,19.486828
4068055137165551360,266.9684322022204,-24.80587312212103,18.789448
4068055485124427008,266.9813984544518,-24.76439035955252,18.529894
4068055450695539072,266.97212815425615,-24.774559225801656,20.933735
4068055485124426880,266.97238378598996,-24.772215682441754,17.078054
4068055485053587200,266.97157838498157,-24.766286556723685,19.88005
4068055347685474048,266.9587584385181,-24.783341424156934,19.548454
4068055485124427392,266.9775165369179,-24.767546985958734,19.153189
4068055347616311168,266.9543098150657,-24.789989759872856,20.455374
4068055038379831296,266.9654846303557,-24.823421067139822,19.899069
4068055038378499328,266.9717680322482,-24.819853148468145,20.561861
4068056309687450112,266.96222181450474,-24.745108618060378,19.44306
4068055450764687488,266.9616531274821,-24.782100688520046,18.347544
4068055450764688000,266.96353146765097,-24.78012231768405,19.909607
4068055347614634240,266.9527850675581,-24.78229424161942,18.941319
4068055450693816704,266.96372365211363,-24.779758024089528,17.31832
4068055553774871040,266.96080449249285,-24.7563966805106,20.821598
4068055072738236544,266.98234865989076,-24.8127425570418,19.930555
4068055038378498816,266.9690779398335,-24.821702853906565,19.55589
4068055347685471872,266.95616903671953,-24.787465851357606,16.880083
4068055485124423936,266.98159987276216,-24.76894779696823,14.669786
4068055244535303808,266.97456384620136,-24.791107790182306,20.35613
4068055278895040896,266.9849539779651,-24.782004892988837,19.927032
4068055141456087168,266.9723141827143,-24.79293972603658,19.675615
4068055519413423232,266.9527826900558,-24.761852026444682,19.899937
4068055278895041408,266.99291618040553,-24.77517197571376,19.974394
4068055175886750208,266.98741449783495,-24.80193691056417,16.238523
4068055244535301120,266.97809365501007,-24.788215595802775,18.619253
4068055141456086144,266.9627046378822,-24.80134516675153,19.127632
4068055210246489856,266.9956055986232,-24.791490638378594,19.236748
4068055141456085120,266.97063022875074,-24.79495582408441,18.787489
4068055244535300864,266.98326068126426,-24.78406533483788,19.40341
4068055553773159936,266.9685462455083,-24.748778151153765,20.00513
4068055210177262080,266.99761041560373,-24.783745823473602,20.480238
4068055278895054080,266.98728600420196,-24.77701444949368,17.00506
4068055072807536768,266.97692838307375,-24.80797183650654,19.629948
4068055107096362496,266.95867125586574,-24.801450405090435,19.944256
4068055278895053184,266.9861760584152,-24.77773585914851,20.121635
4068055240227628672,266.9752328935418,-24.781867112734894,15.993065
4068055278895053312,266.9865669380593,-24.777832030262385,19.364319
4068056309687418624,266.9627720652335,-24.751099693651735,19.96924
4068055553773105664,266.97150495486005,-24.75784654305313,18.305832
4068055553773105280,266.9696551470549,-24.759642446753297,19.612152
4068056309687417600,266.9661889670257,-24.748330988852537,18.98748
4068055553773105536,266.97075296418245,-24.758539969813093,19.60613
4068056309687415808,266.9593077300136,-24.75434782012307,19.191595
4068056309687415936,266.9590514895969,-24.754752016185098,17.652884
4068055244535312512,266.9780095493769,-24.785456127655518,19.581118
4068056309687412352,266.9578215727477,-24.756480957937704,19.394978
4068055278895051648,266.9888978351097,-24.77621060249987,19.36435
4068055553776013568,266.96377405070183,-24.75459790028587,20.569506
4068055141456097920,266.96338088515677,-24.79823850656847,20.030092
4068055519413369600,266.9608822855154,-24.76624420893782,20.491734
4068055549465318784,266.9641782507363,-24.756380540077465,19.258907
4068055416334155392,266.95024953759616,-24.775090564067618,20.357666
4068055278895049472,266.99044380590254,-24.77541105792105,19.476227
4068056309687414272,266.95880357947874,-24.75546069188198,17.631372
4068055244535309696,266.97781678626114,-24.78704418075908,20.9192
4068055450696979584,266.96941650131697,-24.779965568313344,20.991295
4068055244538380928,266.98626110233664,-24.788636649235976,20.81278
4068056309687423488,266.95833895700235,-24.753880219514468,19.026148
4068055278895048320,266.9872484859627,-24.778408654595097,19.437416
4068055141456093184,266.96885803934833,-24.794060065391108,19.45699
4068055141456093312,266.9692112083881,-24.794332053061627,19.606958
4068055107098037504,266.96619947708746,-24.808657303582947,20.390924
4068055244537022976,266.97628966752126,-24.79372860211025,20.715912
4068055450693785856,266.9654175233422,-24.785590213030712,19.869242
4068055519413411328,266.9511417633369,-24.765461185560003,18.231548
4068055278898283520,266.9921802065983,-24.782090790626306,20.718266
4068055450693783552,266.9764214633134,-24.77700043823366,19.249157
4068056305379573632,266.96241228054583,-24.751656440400144,17.361004
4068055519484175104,266.96466991183206,-24.76665660093124,19.626373
4068055553773146368,266.96662300216457,-24.752249379285544,20.39576
4068055553773146496,266.966604719172,-24.75264797751408,20.29194
4068055278895050240,266.9859461322756,-24.779138494754864,17.895647
4068055485053520256,266.9837727562483,-24.770642217720273,20.12084
4068055485053520768,266.9846798985833,-24.770199166008595,19.848896
4068055485053520384,266.9839653466384,-24.770884057311186,19.515577
4068055450693782144,266.97272945823664,-24.780437799829336,19.63157
4068055347614565632,266.9579162138944,-24.79379694109437,20.127495
4068055313254827008,266.9532016242084,-24.79803723651025,18.875763
4068055450693780608,266.96769954469124,-24.785512469133263,18.687601
4068055553776203648,266.95922962149956,-24.758507299463066,20.899336
4068055485053518080,266.982158068232,-24.773329890018488,20.335644
4068055485053517952,266.98196660412856,-24.772674538358604,20.582893
4068055485053533184,266.9786379701038,-24.772182607964535,19.536797
4068055347614578944,266.9638291294781,-24.785071928416478,20.006409
4068055485053532160,266.9775879582216,-24.772620821810023,20.559275
4068055485053532288,266.9779971750585,-24.772921712929172,19.776514
4068055553774811392,266.9708926002238,-24.76215223838055,20.5847
4068055549465323136,266.972577007352,-24.7539782061696,17.221052
4068055038378523264,266.9625299756393,-24.819968277408254,20.116478
4068055347614577920,266.95950965223705,-24.789299160341244,20.166433
4068055347614578048,266.9593014253513,-24.789116464759328,20.058142
4068055416335843456,266.94789132523766,-24.781364919383382,20.572765
4068055450693790720,266.9745394323733,-24.776924296583683,20.419228
4068055450693790848,266.9744950126774,-24.776515747860948,18.765785
4068055519413373312,266.95428467491615,-24.7709738313629,20.208733
4068055553773153792,266.9648183759254,-24.753034051354735,19.914831
4068055210175475584,267.00600867365415,-24.78325061887241,19.342909
4068055072738248832,266.9809420150866,-24.81109894114497,20.834274
4068055519413414016,266.9554585948581,-24.761277614252606,19.640442
4068055549465299968,266.97206090064105,-24.763163675827688,17.67508
4068055485053512704,266.9794807651113,-24.776629004468653,20.319807
4068055347614573312,266.9629243359284,-24.786915589536754,19.890839
4068055519413413632,266.94950840506533,-24.766461885981244,19.581429
4068055313254817024,266.9556787269222,-24.79825089343217,19.3128
4068055416335849216,266.9479794594013,-24.779729166086668,20.49636
4068055519413413504,266.949283428115,-24.76626859760198,20.203377
4068055450693770240,266.97773008445427,-24.778960588747722,20.30385
4068055553843922304,266.959471819873,-24.759747253752003,16.474987
4068055278895079168,266.98915004183345,-24.76913348720592,19.818434
4068055553773150976,266.9628556673185,-24.755173597125083,19.140062
4068055347614555648,266.9657919297763,-24.789420532079298,19.867067
4068055210179005696,267.0063884353499,-24.784144374102027,19.28977
4068055313254816128,266.95175835904655,-24.80183586081972,18.295797
4068055519484182784,266.95685899203875,-24.763514477514843,16.504177
4068055278895078272,266.98591909769516,-24.77243208911757,19.76775
4068056309687442944,266.9595011338241,-24.748697869800765,17.334457
4068055313254815360,266.9554358318254,-24.79872869586355,19.946865
4068055549465312256,266.9701401976986,-24.758637411959246,18.978426
4068056309758181248,266.9578506363984,-24.746184867471904,16.32047
4068055278895075456,266.983071748964,-24.774292191545868,19.866005
4068055244535336320,266.9725595058347,-24.784509839596343,19.333084
4068056309687451264,266.96067813958854,-24.746255272415166,19.72312
4068055278895074304,266.9904474236003,-24.769262803235076,19.763418
4068055347614551936,266.959152889599,-24.795724056588945,18.92767
4068055244535336448,266.9714268172904,-24.785477229874576,19.724861
4068055278895074944,266.98994138887406,-24.76948057958915,19.933952
4068055480745833472,266.97951631809826,-24.75854546877194,18.453974
4068055278895073664,266.9817501246709,-24.77679583550778,19.67546
4068056309687438336,266.95875040699985,-24.750638741234365,19.85357
4068056309687438464,266.9638581643219,-24.746214112610886,19.830713
4068056309758177280,266.95972599903666,-24.748555078777525,14.2586775
4068056309758177536,266.9564136050213,-24.750636452165107,19.41683
4068055068428850048,266.97713965022734,-24.81260063912744,17.036758
4068055141456118784,266.96657273826486,-24.79031653255325,19.242067
4068055278895072384,266.9832527798261,-24.77598404625302,19.583393
4068055278895072896,266.9875050067031,-24.772126864415522,19.773811
4068055313254809728,266.9536962280584,-24.801570783875324,19.557013
4068056275327698176,266.9532524041456,-24.755759592416393,18.85019
4068056275398437120,266.9538897652463,-24.75583583897517,16.684973
4068056309687436800,266.964863754257,-24.745776520579753,19.500599
4068055278895071744,266.98422924116716,-24.775026933909793,19.016705
4068055072736515712,266.98299056262556,-24.804232854054163,19.408823
4068056309758175744,266.9610188595192,-24.74996972005766,18.477303
4068055102788590080,266.95765981484266,-24.8115544020659,16.254313
4068056275398436352,266.951742456107,-24.7583757140285,19.19485
4068056309758173184,266.96460070646896,-24.74941456294581,20.168438
4068055210175504640,267.0001528487043,-24.7820812859682,19.485382
4068055141457816192,266.9669731408572,-24.797853513752887,20.365864
4068055175815766016,266.98693869840076,-24.793372003518204,19.38098
4068055244537030272,266.9819331871592,-24.78776054798784,20.87124
4068055107098075392,266.95718819897286,-24.80520592801458,20.665134
4068055141456079744,266.97170133243736,-24.79517192697021,19.975666
4068055244535271552,266.98632396565944,-24.7879135617009,20.196653
4068055141456057856,266.97586967112886,-24.796543534077347,19.288317
4068055141456074112,266.9706589793602,-24.79804305568912,20.617552
4068055244535273216,266.97960118629305,-24.793227242151975,19.453463
4068055240227586176,266.9807169406608,-24.789001709333224,17.058735
4068055278896799360,266.990320323368,-24.774070969865637,18.169212
4068055553774870272,266.9603578101057,-24.75687811086248,20.384682
4068055141457794432,266.96856371442965,-24.802145196242463,20.387741
4068055278895026304,266.99131270838944,-24.78006050234771,18.729807
4068055107096335104,266.95590351941604,-24.810206780735193,19.019413
4068055278895012224,266.9906722417482,-24.783620985688962,18.693783
4068055244535288448,266.9757887045695,-24.79326147221738,20.833216
4068055141457794688,266.97085963828295,-24.800515051311084,20.721466
4068055107096333440,266.95822901881525,-24.808513419420972,17.696152
4068055519415129472,266.9533301770085,-24.76216846142537,20.896166
4068055278895013248,266.99092811276796,-24.783109091617607,18.98082
4068055278895030400,266.99121186641275,-24.779018307704035,20.065401
4068056309687422464,266.95644455687614,-24.755723535466576,20.6362
4068055210175450624,267.00363020104,-24.79111008865124,18.201378
4068055210177269376,266.9953276709437,-24.78397098286836,20.335993
4068055278895023488,266.9947431420184,-24.777621918173725,20.124117
4068055141457799424,266.9634952711036,-24.80390262813408,20.557772
4068055278895023744,266.98827225962253,-24.783034598849465,20.03997
4068055141456068864,266.9684049613449,-24.800570889137372,19.1148
4068055175886756864,266.98832032404596,-24.791749459171804,19.749018
4068055244535283840,266.97838314327703,-24.792028405883528,19.585981
4068055141457790080,266.9645411444539,-24.805715165156442,20.450945
4068055278895037696,266.9950345957689,-24.77441884686051,19.16668
4068055141457789184,266.9705834786293,-24.801863000674974,20.67295
4068055141456083968,266.97256460632326,-24.79369754656205,19.624079
4068055278895037568,266.99506298738913,-24.774077576594447,19.055397
4068055141456084608,266.9619023339065,-24.802433778302877,19.853771
4068055553774876928,266.9679538538318,-24.75006172392844,20.90831
4068055141456083456,266.9686207453955,-24.79719241901358,20.198757
4068055210175454592,267.0057595614203,-24.788404457518457,18.691933
4068055278896757632,266.99418817671915,-24.782245922987897,20.25348
4068055141456082560,266.96450889392895,-24.80082202010369,19.445002
4068055244535296384,266.9768845555718,-24.79045505586136,19.466438
4068055210175453184,267.0047275253237,-24.789645986173802,19.012201
4068055244535296128,266.97689013290926,-24.79092926727652,20.22237
4068055553774862720,266.9635678635354,-24.756215712378637,20.899181
4068055107098064640,266.9560680844063,-24.80876309387878,20.7025
4068055175815714048,266.9943177916426,-24.798753209586337,19.734373
4068055141457801472,266.9711045249527,-24.79851532032233,20.663544
4068055141457801600,266.97115811378336,-24.798884255328563,20.111692
4068055244535295744,266.9780302980761,-24.78972948613926,19.341124
4068055519415126656,266.95191862241825,-24.76385966157235,20.212072
4068055278896755584,266.9970190905048,-24.780915859274817,20.382427
4068055210175452672,267.0079960323283,-24.786506205263088,18.333023
4068055210175452800,267.00830449737,-24.786715094530013,19.38438
4068055141457800448,266.96886396596625,-24.800665153836615,20.67248
4068055278895032320,266.98693146356686,-24.782278254783872,19.527317
4068055210175451136,267.00414168433167,-24.790592210982805,19.149536
4068055210175451264,267.0016523146597,-24.792743226114023,20.071825
4068055274587352064,266.98083512797393,-24.779048905717985,17.95782
4068055210175451648,267.00799210017937,-24.78722702199176,19.15657
4068055278896754304,266.9918380194168,-24.78478566451183,20.181442
4068055278895031296,266.9945018568967,-24.775958530436625,19.694206
4068055210175450112,266.99982555549786,-24.79458520645805,18.868067
4068055141457799552,266.9633753809119,-24.80433299744135,20.596682
4068055072736496768,266.9822526543946,-24.809591312609722,20.209534
4068055553774873728,266.9673091222901,-24.751393199599615,20.337046
4068055205867850752,267.006239262657,-24.788120344610178,18.19996
4068055038376757632,266.9673928788325,-24.822491391854978,19.316446
4068055278895030272,266.98562695100975,-24.78384834232752,19.125324
4068055205867851520,266.9995930581941,-24.787272421322175,19.058578
4068055210175449088,267.0014999818234,-24.793343985375934,19.385803
4068055107096338944,266.95743500072166,-24.80781602342124,20.026993
4068055244537013760,266.97925405355954,-24.79377527651123,20.504618
4068055072736496256,266.9811558115021,-24.810620245923577,19.344667
4068055278896752256,266.99669568965277,-24.781741398694987,20.499208
4068056275327677824,266.9513909011706,-24.761286038754786,18.929283
4068055347616275456,266.95970868400894,-24.79531302349261,20.46177
4068055141456059136,266.96935936099743,-24.80171607271894,20.084877
4068055553774870528,266.95796022377556,-24.758415639946133,20.457037
4068055278895012736,266.9931163442262,-24.781327586359335,19.521044
4068055278895012352,266.99532081623215,-24.77955315274234,19.42695
4068055278895011072,266.9963011258072,-24.779198102713735,19.367548
4068055205867847680,266.9924753126639,-24.790136732970314,16.453403
4068055141456057728,266.9676808034556,-24.80366502026139,20.237648
4068055141456057344,266.97472254166496,-24.797738404803773,19.981934
4068055210175463168,266.996275027523,-24.794522222757184,19.97165
4068055347616275328,266.9599058687186,-24.794922084303145,20.367674
4068055553774854016,266.968628269027,-24.754767364081808,21.087646
4068055553774853632,266.9698040244967,-24.753980233809507,20.240782
4068055210175461632,267.00324458268597,-24.788895304222017,19.141098
4068055210175461376,267.00589630852744,-24.78627412798528,19.71162
4068055274587340288,266.9909320157788,-24.784032310646495,17.769587
4068055141456057216,266.97549980877443,-24.797863038802145,20.112473
4068055278895010304,266.9930096003389,-24.781770151749672,20.367193
4068055244537059200,266.97910392440394,-24.78206954187854,20.139357
4068055244535272064,266.9806615382906,-24.79266791220249,20.447462
4068055072736508544,266.9742383475997,-24.813591357979657,19.760925
4068055038376768512,266.96655650638536,-24.820449339510745,20.025116
4068055278895009536,266.9895321425811,-24.7852467124144,19.787613
4068055210175461120,267.00439989190266,-24.788075510779336,18.572691
4068055141456055808,266.9707289428403,-24.80142329800034,19.998627
4068055072736507392,266.9749552189616,-24.813418206155376,19.394949
4068055072736507520,266.9736930465739,-24.8144330403204,19.978285
4068055278896796288,266.99343832716494,-24.772403357722734,20.478182
4068055038376767744,266.968236223283,-24.819493044713298,19.354387
4068055278895008128,266.9888255926175,-24.78618292690719,20.002642
4068055278895008640,266.9900378138037,-24.785006148991034,19.58916
4068055038376766848,266.973602850805,-24.815096247890466,18.839592
4068055244535268480,266.9822064308367,-24.792211716923422,20.065226
4068055038376766592,266.96648235782885,-24.821215875318625,19.101109
4068055244537055360,266.98033117329317,-24.782572494465605,20.298342
4068055519415111552,266.950808621113,-24.767844313718147,20.757496
4068055210175458944,267.0066235983118,-24.786778416682388,19.282866
4068055278895005952,266.9970420367699,-24.779538324341374,19.486843
4068055240227597312,266.975673709152,-24.785274640077215,17.582392
4068055141456052352,266.97176297285057,-24.80127052687895,20.20718
4068055072736553088,266.9725870883744,-24.80524135253003,19.610804
4068055210175457408,267.00035096055984,-24.792350309325627,18.950737
4068055278895006464,266.99466129335497,-24.781298381263476,20.567045
4068055244537054336,266.97345507647225,-24.787624472243145,21.06103
4068055278895006592,266.99506349389947,-24.781245062744183,19.200506
4068055244535282944,266.9859252252752,-24.785741096557896,19.896275
4068055175815718144,266.9881586061881,-24.802770727033323,20.654694
4068055519415109376,266.95540569539537,-24.76511123271551,20.572922
4068055244537054080,266.9788285693984,-24.78400286646059,20.90738
4068055072736503424,266.97585007048883,-24.813462103637846,19.59512
4068055553774847488,266.963879132759,-24.759378985238722,20.520422
4068055244535281664,266.9752253285161,-24.795086182545823,19.513105
4068055210175455872,266.99994436276245,-24.7928765469052,15.24434
4068055519416105088,266.9613209220256,-24.765707555907724,20.409971
4068055210175455744,266.99896230913964,-24.793018362906647,20.033274
4068055175815699840,266.9898895706729,-24.806378477860903,19.603683
4068055141456065664,266.9740270479443,-24.79637224736234,19.896278
4068055343306809856,266.95129712254584,-24.78632421795108,17.78287
4068055141456066304,266.9657651271873,-24.8032799377437,20.344728
4068055278894997248,266.99167176133324,-24.78583816071523,19.67872
4068055141456064512,266.9677334675237,-24.802018143707897,19.511047
4068055244537066496,266.9686202148193,-24.787855556325372,20.41633
4068055141456065024,266.9703671948246,-24.799377722105383,20.525385
4068055210175437312,267.0063729323546,-24.79188242770022,19.566126
4068055141456065152,266.9706904464797,-24.79941311489808,18.439337
4068055175815697664,266.9986698088252,-24.79895790071429,19.476154
4068055175815774080,266.98648172917683,-24.792248033442018,19.343416
4068055175815697792,266.98973797929546,-24.806851598833713,19.602543
4068055175815697408,266.9967428449483,-24.800790112244155,19.221838
4068055072736483072,266.98311715688436,-24.812495268114585,19.225174
4068055278895017856,266.99547662236716,-24.778274024545077,19.300108
4068055278895017600,266.99511400068184,-24.778446490531216,20.261013
4068055175818909952,266.99687461733754,-24.80154135419939,19.721325
4068055210178647424,267.0082970177713,-24.788214287268133,19.16677
4068055210175435136,267.00503227518516,-24.794012960756852,19.343096
4068055278895016064,266.98835552210073,-24.78488587219645,19.290228
4068055034069097344,266.9631667997298,-24.820816077232575,17.521181
4068055278895016832,266.9931438782121,-24.780545947562814,19.54574
4068055519415117184,266.94862177607075,-24.7682286837174,20.884932
4068055034069097216,266.9721039804339,-24.821405935915454,15.123966
4068055210175435648,267.0026328580185,-24.79599944984605,19.390602
4068055210175435264,267.00494697541,-24.794237340057094,18.97222
4068055141456061696,266.9743370836002,-24.796717121871914,18.47857
4068055278895014528,266.9892099854914,-24.78442385118327,20.242382
4068055347616278912,266.9579684419307,-24.795670525908474,20.40023
4068055175818909568,266.9973780549425,-24.799485595996252,20.50615
4068055107096323840,266.96292708999164,-24.80673247980556,19.846004
4068055347616278656,266.964588100897,-24.791234960499963,20.48075
4068055210175434496,267.0011536366245,-24.797747154580478,19.671757
4068055072736481152,266.98478381293074,-24.81171001994414,19.642584
4068055175818909312,266.9946002055645,-24.800124863287976,19.902613
4068055175818907904,266.9943621890357,-24.795694026042685,20.760546
4068055107096322304,266.95801146200336,-24.810889116038442,19.23229
4068055137151841408,266.969953565939,-24.802953591027936,19.334305
4068055038379954176,266.9676733378425,-24.817466622879607,19.491518
4068055072736545664,266.9741026516821,-24.80541297122692,20.274597
4068055553774857856,266.9654033027159,-24.75620767392628,20.507305
4068055519484500992,266.9557774395266,-24.759163496184854,20.114077
4068055141457847680,266.9676892660156,-24.78921187537439,20.510647
4068055278896800768,266.9933026236175,-24.771577377168743,20.525726
4068055553774856192,266.9686234111876,-24.754218763412553,21.075508
4068055175815695104,266.98988038088515,-24.80727253850711,19.301308
4068055278895014400,266.9888907205808,-24.784332376132365,20.197594
4068055347616278400,266.96295209175685,-24.792413805460047,20.671461
4068055175818907392,266.992759594358,-24.79487554853147,20.478598
4068055068432365824,266.9834786605178,-24.813765244578683,19.208754
4068055205885058304,266.9992987066515,-24.794950801975787,17.749458
4068055175818905984,266.9908009305508,-24.791702284085588,20.221346
4068055175815692672,266.9912163012256,-24.806821741480952,21.073631
4068055278966330752,267.00066732348364,-24.778262470556804,20.145956
4068055072736477184,266.9873160983034,-24.810777149097554,20.068924
4068055205867830272,266.99880604638315,-24.796596966679285,17.618265
4068055210178644608,266.9936562497517,-24.791323610867074,20.272787
4068055175815692800,266.9914626275807,-24.80711270759304,19.600584
4068055210175501952,266.9950799006677,-24.786970602185527,19.441833
4068055175815708032,266.9974279079497,-24.797472046864414,19.533487
4068055278896781696,266.9915440117621,-24.777928605732637,20.857508
4068055175815707392,266.98824336047403,-24.80560491335908,19.677742
4068055038376753664,266.97458414682524,-24.817689195629615,19.50336
4068055240227602688,266.97745279397185,-24.78329336125293,18.572836
4068055038376753792,266.9741538303878,-24.81776494918799,20.058764
4068055210175444224,267.00309825405657,-24.793192153570203,20.167006
4068055205885055616,266.99676806892046,-24.792722227792588,17.245537
4068056309758418816,266.9571564702348,-24.747479407051195,20.275345
4068055072738261248,266.98273837858204,-24.80627755668798,20.725498
4068055038378522368,266.97250052403353,-24.813519403574908,20.358324
4068055175817475968,266.98698615367226,-24.803491597187456,20.58793
4068055553844172416,266.968754609456,-24.74967902002892,20.076777
4068055553844170752,266.9629899137301,-24.7607112166336,17.107536
4068055416335856768,266.95102027799186,-24.77616908817133,20.139896
4068055519484433280,266.9497343346714,-24.765454847985552,17.023237
4068055210177211392,267.00671036068877,-24.79097466240605,19.898975
4068055519484431488,266.9543860198643,-24.773388448493144,20.470222
4068055519484432128,266.958742212722,-24.76634475684613,20.95779
4068055072738258816,266.9796451297261,-24.809371419565554,20.637003
4068055072738257280,266.9820825813338,-24.808064467414543,20.533138
4068055416405215232,266.95055725600724,-24.77911034675886,15.69414
4068055416405216000,266.95297420145386,-24.77576935369935,18.020363
4068055072738257792,266.97541820587014,-24.81253618048845,20.776798
4068055034069093376,266.96743904445606,-24.823687566866234,16.243639
4068055485124690944,266.9712440953816,-24.7701332112039,20.654177
4068055553773099904,266.973796797163,-24.756781887162553,20.063505
4068055549465327872,266.96413556836035,-24.752074304883177,16.776756
4068055485053522560,266.98758649211925,-24.767073044791932,20.03858
4068055553774805248,266.9690787119969,-24.764571161786932,20.589594
4068055416335851520,266.94987688850733,-24.77792297742974,20.451809
4068055210177257216,266.99985236726167,-24.784116312163547,20.197523
4068055485055310848,266.97451121238754,-24.765047135356618,20.436682
4068055244537063680,266.9800558758696,-24.780492474320386,20.408031
4068055450693785600,266.975971636799,-24.776774661010165,18.694155
4068055519413356800,266.9548826374257,-24.774488249927796,19.067
4068055485055310464,266.96984192781787,-24.768397377326572,20.573895
4068056271019821184,266.9542321092197,-24.757841611267335,16.588915
4068055450695571200,266.96317005874727,-24.773181093794786,20.724083
4068055485055309696,266.98047344027947,-24.761202038005678,19.974312
4068055450695568640,266.959267927599,-24.776676732400915,20.625563
4068055416334155008,266.9494365160737,-24.77586212158804,18.576307
4068055553773107456,266.9710043010739,-24.75774846689198,19.331774
4068055034069100800,266.9741399074074,-24.81838436866935,17.33221
4068056275327677184,266.9533545940206,-24.75983797116758,19.224571
4068056309687415168,266.95667747240583,-24.757102993462592,19.698568
4068055519416276864,266.95904740280037,-24.76495478850574,20.346416
4068055515122662656,266.9607518851696,-24.771131995318985,19.694963
4068055175886757760,266.9888025674576,-24.790054596015835,17.369108
4068055278895050112,266.985531620849,-24.779033753002043,20.223763
4068055553773106432,266.9701780216739,-24.75880380213936,17.925657
4068055210246495872,266.9973041098146,-24.783008047978896,16.36004
4068055519416275072,266.95638808643633,-24.75951954504165,20.842163
4068055038447802368,266.96304002537056,-24.814879026787086,18.85599
4068055038447803136,266.966044408889,-24.81106914569739,19.473372
4068055210246494720,266.9983854126179,-24.783789473829156,20.427399
4068055210246494848,266.99481886284997,-24.786791855321102,19.674276
4068055210177265280,266.998051640592,-24.783109408695577,20.51774
4068055416335842304,266.95105314640483,-24.77956164864069,20.271086
4068055278895051776,266.9871545125829,-24.77769879580526,19.155548
4068055416334151040,266.95210135106606,-24.77487546390228,19.470715
4068055038447801984,266.9602869585207,-24.81748487203898,17.361862
4068055416335843200,266.95119800080397,-24.779158449427896,20.748903
4068055210246492160,266.99955833138335,-24.785643494838048,16.423473
4068055244537001344,266.98041124302125,-24.795917646969865,20.260204
4068055485055318272,266.97710732702717,-24.761324716724545,20.556639
4068055485055318400,266.9773650568061,-24.76151926570364,20.77691
4068055072807819136,266.9841214485618,-24.809092599087844,20.36315
4068055038447800960,266.96844359052704,-24.811391062584253,16.751406
4068055416335842176,266.9474461656633,-24.78206788233211,20.688383
4068055519413364736,266.9609766062222,-24.767602776705875,17.184113
4068055210246491904,267.00419394838497,-24.78171886995008,16.273249
4068055038447798656,266.96607447488395,-24.81687324822069,16.109966
4068055072807537408,266.97438938573225,-24.809354004518433,16.717937
4068055553773102720,266.96501877518307,-24.764251367671168,18.121864
4068055141457784576,266.9688802329501,-24.804555422082178,21.144976
4068055175886752384,266.9927092595843,-24.793882958159525,16.219772
4068055107099426048,266.9618017636041,-24.80603831704806,20.539568
4068055446386062208,266.9690936427218,-24.772969392748212,13.274989
4068055210246489088,266.9991946419825,-24.790670565658637,20.01509
4068055553773160576,266.95779690663403,-24.757914761548566,19.879814
4068055553773083776,266.970870000277,-24.762844378985307,19.311409
4068055038447796992,266.9705213433524,-24.815974022318176,17.56029
4068055175886750592,266.99192067715074,-24.797525170785136,17.461224
4068055485055314816,266.97049967075327,-24.766660590645053,21.012575
4068055107098044032,266.96142827235604,-24.81022457628172,20.919872
4068055278965980160,266.99115468670243,-24.778468849422744,18.401312
4068055141527027456,266.962187273745,-24.80251738943147,20.202848
4068055450696806656,266.97427856770076,-24.77869916682334,20.699308
4068055485055313408,266.9724395841847,-24.765680435695565,20.374578
4068055553773164416,266.962639518716,-24.752878541922364,20.290407
4068055485056544768,266.98616005588116,-24.76846850101353,20.72017
4068055485124688896,266.979601365558,-24.772450271584184,16.477266
4068055107167287808,266.95887466948733,-24.8068122792616,14.94707
4068055450764951168,266.9625168994307,-24.781645109553423,20.035538
4068056309689139840,266.9597093377824,-24.75092427336749,20.354776
4068055278965978752,266.98709899214094,-24.7833746016073,16.389288
4068055450696804736,266.96866603075136,-24.776896321006966,20.190372
4068055244606238976,266.9855617314863,-24.785785076742684,19.754375
4068055141527023744,266.9640969481672,-24.804564817987856,17.542286
4068055553773078912,266.9764703617493,-24.759249470639052,19.469206
4068055141527022848,266.9744962641084,-24.797128227591287,20.707773
4068055450696803328,266.9667961323648,-24.77285900464442,21.003769
4068055244606517504,266.98133001463594,-24.784837035192034,20.691765
4068055553773079296,266.9710772462715,-24.76369480202153,18.198236
4068055278965975296,266.99885976131236,-24.77753522851144,17.395632
4068055107167283200,266.96059996763177,-24.810727471506574,18.87711
4068055416334124672,266.9545324374305,-24.77812897842496,19.99671
4068055278965975552,266.9930875838005,-24.782032307614745,16.295732
4068055072738283008,266.9733672958575,-24.80762204379999,20.119335
4068055072738281856,266.97744056297637,-24.805050869997,20.130337
4068055515105530624,266.95356422220493,-24.774579079836734,17.471016
4068055244606236288,266.98443716630584,-24.791237260283054,19.654818
4068055416334138752,266.94859745520887,-24.78054506363231,18.158031
4068055210246496256,266.99960592237363,-24.780540144487286,19.42664
4068055519415093504,266.9540536339714,-24.77018689416968,20.649519
4068055107167281280,266.9644197876987,-24.8105585437069,17.33486
4068055141527020416,266.9680125131152,-24.806292224915275,17.213411
4068055244606235136,266.98483295633883,-24.792276428684097,18.83994
4068056309689142784,266.9553293014877,-24.75327626710619,20.741592
4068055175887037056,266.9812145881482,-24.80048822615721,20.722904
4068055416335877760,266.95034568840236,-24.772850318158344,20.276445
4068055519413352192,266.95900519685176,-24.772034399742296,20.325764
4068055519415091584,266.9547127510229,-24.770007547372096,20.566656
4068055515105550848,266.9575315054905,-24.767774671405935,16.873344
4068055553774830208,266.96867036336977,-24.760061080665,20.429031
4068055278898258944,266.98769406262164,-24.776395121150706,20.915508
4068055175815718272,266.9880249783963,-24.80313756935947,19.6893
4068055519413348608,266.96040789527046,-24.771627498426373,20.51076
4068055519413348736,266.9611821482747,-24.771139290836615,20.638004
4068055519415103872,266.9519807024075,-24.769204432470172,20.736164
4068055553773086336,266.9740842627239,-24.7598219724928,19.875593
4068055175817506688,266.9836759420555,-24.798171946783636,20.631449
4068055278895056512,266.99272341144655,-24.771686606716866,17.950697
4068055416335888896,266.94909823174703,-24.771184333500475,20.081232
4068055244538524800,266.98311625603463,-24.79153853385098,21.023197
4068056309687460480,266.9613901016099,-24.743914187814667,19.414568
4068055485053573376,266.97442541151526,-24.766349708098733,20.562592
4068055485053573504,266.97433531904534,-24.766631477813753,20.285204
4068055210178791424,267.001915533399,-24.787739707777337,20.257763
4068055205867871360,267.00194315896357,-24.780247969034964,17.248783
4068055210178791552,267.0021739229115,-24.787582159795566,20.0973
4068055308950528512,266.9525171572336,-24.80203651092494,18.327505
4068055485053572352,266.9776701469146,-24.764116448423813,20.273235
4068055485055281024,266.98495617991523,-24.764218824102127,20.9567
4068055347614618752,266.9495119277764,-24.788281618597278,18.024586
4068055210178790912,266.99714537060055,-24.789695464898294,20.073982
4068055485053571456,266.9761135518833,-24.76576130675558,19.642252
4068055210178789504,267.0019248102685,-24.783127479920022,20.62966
4068055347616326144,266.95290456581,-24.78694517968779,20.455269
4068055485053571200,266.97203986941105,-24.769342841518082,19.979263
4068055175819051520,266.99219004059813,-24.792217495804984,20.717913
4068055205889836288,266.99625870535095,-24.791747497075633,17.554857
4068055450693831040,266.96285813531176,-24.777575935900618,18.938292
4068055485053569536,266.9751730788521,-24.766943405879072,20.47316
4068055450696621312,266.97333105601143,-24.779824563451303,20.190151
4068055278895028352,266.9959092697869,-24.775562862216756,19.897532
4068055450693828736,266.9645904871592,-24.776606580059205,19.708588
4068055347617406592,266.9524031875244,-24.792987444605306,20.057375
4068055244538190208,266.97767840201146,-24.785105280939188,20.31231
4068055244538190592,266.97737775741257,-24.782368789613614,20.59796
4068055244538190720,266.9749915145575,-24.7830499609819,20.28627
4068055278897928704,266.9830010079058,-24.78102115433446,20.43782
4068055450693842944,266.95932159384995,-24.778051458856332,18.681505
4068055175818711040,266.98709411827315,-24.796283615853675,20.569084
4068055450693842688,266.95850857149134,-24.777797103272338,19.03762
4068055450693842432,266.9598938961953,-24.777594331764764,18.11917
4068055141458973568,266.9656679896289,-24.80635219558065,20.016531
4068055450693842560,266.9593201872609,-24.77777049041847,18.935226
4068055210178797952,267.0085872376577,-24.78918380490062,20.213816
4068055210178448384,267.00679417265366,-24.78914472217897,19.703648
4068055210178798080,266.99863136909687,-24.787192818921074,20.377472
4068055072739495680,266.972037702964,-24.80849476840106,19.930836
4068055450696966784,266.9695322493532,-24.771842363893192,19.726236
4068055205871984512,267.00100230205663,-24.78669380828697,19.18357
4068055480745451776,266.9762610520955,-24.775301814753767,11.969437
4068055485053578240,266.98016574041117,-24.76054394396196,20.109043
4068055210178447744,267.0057938678903,-24.793949004140625,20.307293
4068055072739493888,266.9861172831588,-24.80844742970453,19.433361
4068055278898257664,266.9916463811796,-24.770687203668935,20.72488
4068055519413402496,266.95318091141417,-24.765530612926117,19.366392
4068055038379755648,266.9743416827643,-24.81657714211094,19.93901
4068055137151841280,266.969731147403,-24.805082208565995,18.906439
4068055210178448128,267.01154414939845,-24.788661923166377,19.37851
4068055210178448256,267.0036173908588,-24.793522931729452,20.005228
4068055205871983360,267.00032853890633,-24.79355314809054,18.339985
4068055485053578880,266.97213658308516,-24.767056271592136,20.60975
4068055210178447872,267.0039586200526,-24.79448760632782,19.398731
4068055519413380352,266.961401786244,-24.763566112783465,20.86069
4068055072739493632,266.987091950785,-24.809846925295993,19.414131
4068055485053576448,266.97098724053467,-24.768858034986174,19.351027
4068055038379755136,266.97089897921813,-24.821562095991915,19.868517
4068055171512243712,266.9986689167159,-24.799256613469343,19.199078
4068055450693837824,266.9606929390353,-24.777837915740154,20.08974
4068055485053575424,266.97562133760476,-24.765251205640183,19.88329
4068055553773125888,266.9612805876145,-24.76178387946606,20.569422
4068055171512241408,266.9963999846817,-24.796787653356024,19.380007
4068055450693837568,266.96199594657816,-24.77678800941505,20.236868
4068055519416106752,266.95721205677864,-24.762936356953233,20.26025
4068055107096370176,266.95648705473064,-24.801053476676522,19.658085
4068055274591455616,266.9946703462146,-24.781045550523018,19.288622
4068055244535324416,266.9703245575854,-24.788708177006686,16.885183
4068055205871978496,266.994220320716,-24.787923904155136,19.291306
4068055519416105856,266.95932613328625,-24.764279569360063,20.384035
4068055171512240896,266.9954336416155,-24.799223423013665,18.935265
4068055205871979392,266.9957241192268,-24.787666325724324,19.32334
4068055244535323008,266.97966148917453,-24.781481099584276,19.844799
4068055519416104320,266.9619054134765,-24.767710104831615,19.54982
4068055244535322624,266.97727520454544,-24.783194508116654,19.902594
4068055244535322752,266.9775623034399,-24.783367665833044,18.744402
4068055274591454592,266.99400307527753,-24.77269949491968,19.287825
4068055278895061760,266.9857506392183,-24.776104395341466,19.722383
4068055553775843072,266.9698330867256,-24.761220383653008,19.341282
4068055450696944256,266.9715172596542,-24.77608699688728,20.600899
4068055244535323136,266.9745973864253,-24.785797578792785,17.62236
4068055210246491264,266.9976978228564,-24.788244471869163,15.456214
4068055171512239872,266.9941155428988,-24.79966054083391,19.271278
4068055072736476800,266.9882733224357,-24.8102660193654,19.501081
4068055107096368384,266.9577276453502,-24.800066128586284,18.783173
4068055171512239616,266.9940047645769,-24.79271318901266,17.980015
4068055274591453568,266.9922209656024,-24.785611362051817,19.787249
4068055278895060864,266.9904925947036,-24.772305681533265,19.607662
4068055171512238848,266.9927682826757,-24.799106604027102,17.98142
4068055171512238976,266.9928565739253,-24.79767677999593,20.058586
4068055553774838528,266.9707315025492,-24.757205886703975,20.737076
4068055210246485760,267.0022683752733,-24.79319163501998,17.23437
4068055205871977088,266.9924888151432,-24.789039849034115,18.490719
4068055519416102272,266.9634109385034,-24.771045792429604,20.261377
4068055278895058944,266.9883524115833,-24.774079101927217,20.141304
4068055278895059072,266.984869747948,-24.77753259315684,19.80813
4068055278895059840,266.9869046435247,-24.77555277988697,18.323214
4068055210246486784,266.9996932843694,-24.793129621957647,14.805987
4068055450696624128,266.96617421738256,-24.774485197957517,19.9286
4068055068428862976,266.9828161117975,-24.80459228221988,17.778206
4068055519413393536,266.9584205720021,-24.763026456012902,19.940212
4068055141456105088,266.9627770354551,-24.796599258260454,19.870178
4068055278895043968,266.993020337226,-24.774463467986898,20.29987
4068055480745817600,266.97536923182037,-24.76511063660422,16.723587
4068055244535319424,266.97066990892534,-24.790113039460177,19.407314
4068055244535319040,266.97507559162113,-24.786654962210225,19.868258
4068055519413394432,266.957013696576,-24.763937303148314,19.742579
4068055244535319168,266.98079195585103,-24.78167962485524,20.592724
4068055450696622464,266.9677220963256,-24.778752987594846,20.080154
4068055205871989120,267.0063451253739,-24.787196984740067,17.9204
4068055278895056640,266.9855122032936,-24.7778540928651,19.617723
4068055244535318400,266.9774610335914,-24.78470480692808,20.00506
4068055553774842752,266.9659824264989,-24.759509716722487,20.60106
4068055450696622720,266.9708127037847,-24.77637291429384,20.070227
4068055519413348224,266.95561072156494,-24.775532630960637,20.011768
4068055244538523008,266.9797738099706,-24.789916703050412,20.961132
4068055141456117120,266.95730982704663,-24.798648315243884,20.132145
4068055519413348992,266.96420081589963,-24.768102205237273,19.62563
4068055278895070208,266.9832100116393,-24.776487771417987,19.610878
4068055141456117504,266.9592725813987,-24.796952024962447,18.47955
4068055553773087488,266.9667431655662,-24.765899197927418,19.27264
4068055244535332480,266.9694269235026,-24.788241017918157,16.685276
4068055205871987584,267.0039627191785,-24.787331216190232,18.61081
4068055278895069312,266.9810536492765,-24.778603498049854,18.093046
4068055480745813504,266.97245794850346,-24.767091158805894,18.485254
4068055515105552000,266.9548589088723,-24.76688393798187,17.63286
4068055205871985792,267.00238866874105,-24.795582073860114,18.730791
4068055141456116352,266.96271920285756,-24.79419506896827,19.84129
4068055141456114944,266.967884550441,-24.7900999514634,20.067165
4068055244535330176,266.97137921450076,-24.787069195354697,19.550415
4068055205871986304,267.002687011315,-24.783094553050475,18.307178
4068055553774830336,266.9688651272032,-24.76020380255184,20.918335
4068055205871985152,267.00215246444566,-24.788403867045574,19.23528
4068055107096374912,266.95261482162596,-24.803479393901704,19.411915
4068055553773110656,266.96836541635037,-24.758657911037087,19.300219
4068055244535261184,266.9788793049657,-24.796273011057536,19.922804
4068055244535327616,266.9722905493105,-24.786895418690353,20.027378
4068055210246776576,267.0033244007678,-24.781019056052862,20.350586
4068055107096372224,266.95724045620256,-24.800145337124018,20.310278
4068055274587361920,266.9884663027537,-24.77444557766395,16.663843
4068055278895063296,266.9878519460422,-24.77404029821011,20.306723
4068055244606236160,266.97742296831535,-24.79726161266377,17.278229
4068055141456109952,266.9653888726002,-24.793264611935065,19.86625
4068055210246495104,267.00166577119234,-24.78087089371629,18.230024
4068055278895046144,266.98934316244237,-24.777146289533608,17.842096
4068055553773166080,266.96709557837596,-24.748828872731576,20.10428
4068055141527024512,266.96938687597464,-24.79951646232261,17.478924
4068055515105541376,266.96022136505536,-24.771113248384655,17.527105
4068055553773165440,266.9593210879492,-24.75557621700888,19.233738
4068055274587372672,266.992845459825,-24.77084310816769,17.715317
4068055141456089472,266.96795607808997,-24.79604010895998,19.945234
4068055278895041792,266.99179850729195,-24.775574948091243,18.30559
4068055244535303936,266.9741007435487,-24.79038859746988,19.6759
4068055274587372160,266.9884308520064,-24.77105495290701,17.221277
4068055244535304064,266.97396820506606,-24.790885963823694,19.654612
4068055450764685696,266.96345362478877,-24.784449773890735,17.595186
4068055347616292352,266.9595047453057,-24.791194254249145,20.75594
4068055038378498688,266.9699335272288,-24.82096532296913,19.269005
4068055485053554304,266.9762949932758,-24.76928958821646,19.980669
4068055347685469312,266.9576050536991,-24.791399463149677,15.877176
4068055347616289920,266.95672873802056,-24.793722051482305,20.52492
4068055347685469696,266.95830412151275,-24.790464412184633,19.903234
4068055072738235264,266.9773852509849,-24.817000615813207,20.701138
4068055107096321536,266.962392414474,-24.807531509643233,20.124744
4068055347614589440,266.96142383939,-24.784395153560894,19.450212
4068055278896813568,266.9903105694352,-24.770513288144873,20.615242
4068055416336949248,266.953556505082,-24.778341484651914,20.493607
4068055072738233344,266.98204383374923,-24.81406481218278,20.62825
4068055485053550848,266.9750440674224,-24.771001482959694,19.66078
4068055515109593600,266.95570778584903,-24.772253508361338,19.386824
4068055416336949888,266.9496472487026,-24.780948734404223,20.704477
4068055313256551168,266.9525560391579,-24.796643054572666,20.883142
4068055278896812928,266.9865552239809,-24.772875933374184,20.23575
4068055485053550720,266.9753620352455,-24.770706422170992,20.047096
4068055347614598016,266.95019779305693,-24.79212915398025,19.522943
4068055347685467904,266.9621735317534,-24.78864735793986,16.334105
4068055485053543424,266.983597551106,-24.76537869452139,20.191788
4068055347685466496,266.9555538881222,-24.796213647240407,18.846857
4068055347616286976,266.9556167282479,-24.795346484190915,20.269363
4068055347685466240,266.9612491896785,-24.79162105942394,19.218878
4068055278895031168,266.99412154895197,-24.775662213202462,20.659208
4068055450764681728,266.9753625719849,-24.779278985196257,16.2524
4068055450764681856,266.9746734563331,-24.779763964307687,16.8191
4068055485053565312,266.9792700285193,-24.76447849172368,19.687355
4068055450693827456,266.96549150427694,-24.77667721051252,20.215586
4068055278896808960,266.9802213944845,-24.778625405887407,20.21522
4068056305383578880,266.9596760982988,-24.747606857507304,17.992874
4068055072738245888,266.9832640919596,-24.809907108532084,20.764122
4068055347614593920,266.95490805724853,-24.788987146565006,19.81048
4068055450693826048,266.9702351836617,-24.77246649756449,19.470201
4068055072738246400,266.98230526335567,-24.810490783685676,20.312214
4068055038378508160,266.9708163881338,-24.8184204417399,20.486578
4068055278896808832,266.9827364631811,-24.776980967716177,20.58742
4068055278896808448,266.98992964286015,-24.772080369437045,20.213556
4068055274591443968,266.9796390544665,-24.779330312432776,18.948313
4068055480749874816,266.9806897782674,-24.761876680348056,19.445595
4068055480749873408,266.9777348936063,-24.772745132516555,19.761103
4068055480749873280,266.9782159595424,-24.75953588001391,19.618105
4068055072738243584,266.97799574006785,-24.814187056123973,20.765358
4068055072738244352,266.98753037343465,-24.807530452605505,20.660845
4068055240231705472,266.97903675415597,-24.780737795835282,18.845778
4068061493704106112,267.00127346083724,-24.736890693947075,17.838099
4068061493704109696,267.0053592859767,-24.738652323886864,18.758846
4068061390624894464,267.00518015753056,-24.74415857664079,19.2887
4068061326213680640,267.03931695265453,-24.736327480464947,20.726442
4068061150106725760,267.0050942322357,-24.766816625250232,19.034752
4068061081387248896,267.0044672496212,-24.775165725627943,19.22691
4068061154414989056,266.99470108245947,-24.76705157106417,20.863796
4068061150106725504,267.0044394539994,-24.774050528770374,17.988567
4068061562423585408,267.00391587698687,-24.731342480484965,19.14975
4068061150106724864,267.00372686752854,-24.763573907026338,20.007763
4068061390624893312,267.0038379935858,-24.743436437214502,18.64457
4068061390624893184,267.0034430753087,-24.748168343298968,19.187283
4068061150106724480,267.00367290737466,-24.76620232743633,17.851488
4068061115742904704,267.014309457481,-24.766953867592363,17.481339
4068062185207491200,266.9719786794509,-24.73566167736345,20.663084
4068061528076952192,267.02117123340247,-24.721829634123658,18.782574
4068061532372255232,267.0229922885447,-24.727130216975166,20.461166
4068061085694268416,267.0107593626921,-24.777119338979425,19.22793
4068061287558785408,267.0225700348899,-24.743355420418112,18.35636
4068061498014972416,267.01148612096466,-24.732880720449213,19.507862
4068061532372293376,267.01415804697314,-24.728154229084648,18.954636
4068061360573443072,266.99243559407483,-24.765446677948663,20.832552
4068061085694291584,267.01156929963224,-24.770937937869018,20.409376
4068061532374712064,267.0250397311294,-24.72309522627098,20.1432
4068062219567256192,266.9800547346403,-24.727340474196026,19.419096
4068061188774751616,267.0070073913482,-24.755386659409794,20.545668
4068062219567256320,266.9799252413626,-24.727243803975515,20.398342
4068061566734495360,267.0002004223389,-24.71742498737841,19.58606
4068061463652815104,266.99120309891157,-24.744494270402768,20.841661
4068061120054027392,267.0143147611474,-24.769335064548724,20.147749
4068061498012556928,267.00489942440214,-24.734296761778978,20.187498
4068061120057786496,267.0286618298975,-24.77237088719943,19.395447
4068061463652818048,266.99549702823873,-24.740921906661832,20.545393
4068061085694294144,267.00942824997054,-24.77190791141045,19.45604
4068061081383158912,267.0147816547011,-24.78110452869191,15.640383
4068061429293079168,266.98707468502647,-24.74679652174021,20.911554
4068061291853969664,267.02066776569484,-24.745438765265437,20.329283
4068062322646468096,266.99075288844654,-24.719952420004795,18.690197
4068062322646468480,266.990109600857,-24.71965710974875,17.581306
4068061081383159680,267.0126879962615,-24.769778829677463,15.498373
4068061085694295680,267.00842317851635,-24.772376737966567,19.580164
4068061188774753408,267.0122259364833,-24.75138791589424,20.300077
4068061218822117888,267.03348435695017,-24.767737228012166,19.771116
4068061498014957568,267.0144885633033,-24.741312607934443,19.375467
4068061085670835200,267.01333633069726,-24.78686847469189,19.362387
4068061085694292096,267.01295553547396,-24.77014023078397,19.869545
4068061291853971072,267.0142182182972,-24.749208768576533,20.681
4068061085694292480,267.0057820546887,-24.77615255559533,19.48994
4068061910396341376,267.0332825532336,-24.714335024463395,17.956966
4068061115742904064,267.0304942009813,-24.767078976377654,17.588285
4068061566735062400,267.0032713494071,-24.72673926805494,20.563639
4068061085694293248,267.00270561004584,-24.778429712717486,20.55225
4068061120049534848,267.0226471723537,-24.774192912332072,18.219183
4068061223137681280,267.02948062890965,-24.75683418956545,20.746487
4068061291857157888,267.0262219104978,-24.753938173379296,20.586153
4068061498014964864,267.0143432272787,-24.736501937210043,19.231878
4068061429293074432,266.9816248034832,-24.75137932270535,20.100641
4068061498012563072,267.0063724150041,-24.732638420596217,20.60492
4068061223137680384,267.0355544187916,-24.75958509570297,20.398825
4068061910329423360,267.03207810837665,-24.714877661078216,20.243944
4068061154413787136,267.00023024031253,-24.76610521618945,18.62623
4068061910329422208,267.029863424495,-24.715976596001262,20.212439
4068061463652823168,266.99921842739207,-24.737674409529586,20.342026
4068061120058655104,267.0261730546749,-24.769809266009098,20.227287
4068061463652826496,266.9893253642357,-24.7438950646027,20.626862
4068061532375318912,267.0265592126196,-24.721277700328457,20.719543
4068061532375318784,267.02710963205175,-24.72162522793959,20.632465
4068061635454533632,267.0549347166681,-24.742540981532287,20.826385
4068062219567261312,266.9810344489933,-24.725898216416805,20.400156
4068061085694272256,267.0132669193638,-24.776277344343416,19.878622
4068061463652820736,266.99383768129803,-24.741672632045596,20.882414
4068061532375321472,267.0188433793828,-24.728883027928333,20.65015
4068061085689790976,267.0144627413895,-24.78213603505229,19.254139
4068061085689790848,267.0150570945832,-24.782447196724902,18.525806
4068061463652819840,266.9979494984745,-24.73900659290733,20.692047
4068061463652819712,267.00026935374785,-24.737400651814806,20.454659
4068062219567263232,266.97437604560616,-24.73020356484005,20.520483
4068061154418210176,267.00221587874273,-24.77567875839756,20.672024
4068061120122107392,267.02161496381524,-24.776672610682862,17.578024
4068061085689793152,267.0203056938501,-24.78095323078485,18.009418
4068061085762357248,267.0125700557165,-24.778467594198126,17.918745
4068061979051325696,267.02235292702056,-24.716292721251744,19.131945
4068061429295512064,266.9738770136156,-24.749721616908072,20.678589
4068061601094206336,267.0166840664167,-24.71822514848525,19.821743
4068061120049541760,267.0174287546362,-24.772408902751504,19.683874
4068061532372276352,267.0238824006781,-24.72399440024977,20.577852
4068061257561274240,267.0440145700062,-24.7522184093896,17.041105
4068061257561273984,267.04212628518167,-24.754938653688054,17.850626
4068061188777944704,267.0127784962125,-24.756278014865963,19.941683
4068061257561273728,267.04693904634036,-24.75213018174119,15.636031
4068061394936374528,267.0010615720477,-24.744377146885935,20.571526
4068061463655851136,266.9897136514194,-24.732781330176216,19.080488
4068061120122319872,267.0298041574858,-24.76484290509907,18.357193
4068062322646457728,266.9916190359557,-24.720630604538083,18.438301
4068061394936374144,267.00803940211347,-24.746899444582898,20.591219
4068061601094203264,267.02089928565033,-24.71791208955658,19.794874
4068061223201534336,267.0325559200455,-24.765099688485748,17.234247
4068061223201534208,267.0394415840923,-24.760612516999657,17.447859
4068062185207503616,266.967325250413,-24.737462515514288,20.811087
4068061463655850240,266.99803710428904,-24.734773936309004,20.953651
4068062219567241344,266.98495571864385,-24.724934514924318,19.278112
4068061120122322816,267.017247648281,-24.765616436447342,18.273846
4068061223201537792,267.0290834940122,-24.75733091120375,19.402473
4068062219567236736,266.97526190908826,-24.73248591078132,20.949522
4068061120122322304,267.02263484577776,-24.762506923745256,17.344126
4068061120058469888,267.0212474960832,-24.769736590042644,19.634722
4068061699875677696,267.0429595306115,-24.724709944808474,18.892817
4068062322646451968,266.99649285523253,-24.717817863753798,20.129133
4068061120058469760,267.0188762001881,-24.767131635523747,18.004337
4068061532372273024,267.0234668790764,-24.724762122188174,20.25486
4068061085762362624,267.0171481342874,-24.777645636174768,16.947475
4068061120058469376,267.0223872464995,-24.769515619290924,19.84268
4068061498014977792,267.01249638409956,-24.7296226152624,19.612251
4068061120058469120,267.0231125721484,-24.7692176760114,19.033499
4068061120058468992,267.02192699083326,-24.76847716888969,20.397825
4068061120122321280,267.01947672072043,-24.76672016690931,19.643417
4068061120058468864,267.02175561928965,-24.768844985520346,19.997017
4068062322648738944,266.99198321576347,-24.723212016380362,19.90775
4068061085762359552,267.0166262655618,-24.782936167423657,19.160175
4068061120058468480,267.022827231496,-24.76870269739996,20.02085
4068062219567235456,266.98295508208736,-24.72739273721863,20.269442
4068061120049540096,267.02343789422724,-24.77367423206222,19.526556
4068061532372274688,267.02690936495554,-24.722096118199346,20.5011
4068061085689801344,267.0150450335877,-24.78205452026346,19.061356
4068061085762361088,267.0212221602301,-24.77877480280035,16.752975
4068061631143092480,267.0537866599718,-24.736527030819115,19.41431
4068061085762382080,267.0126922070549,-24.768937042534716,19.924269
4068061223137007232,267.0428269151135,-24.75666747778547,19.922136
4068061223137006720,267.039280305893,-24.759380498290547,19.822796
4068061085698053120,267.00930849236295,-24.780251756568585,20.239983
4068061120122317952,267.02514903045494,-24.775041232549214,18.502728
4068061532374720000,267.01285003838416,-24.72741852001781,19.49489
4068061223137005824,267.0402124374702,-24.759653575116428,20.392754
4068061910331838720,267.02981535774444,-24.71757389059804,19.145554
4068061635453869952,267.0551354989839,-24.745695323929137,19.199293
4068061188774694784,267.01613728372485,-24.757270816934266,20.346447
4068061223137009280,267.0367258620822,-24.75857151144792,20.157492
4068061085762380288,267.0076228005392,-24.77860152206455,19.99135
4068061085698055552,267.0060179903366,-24.780109991839293,20.223627
4068061498014978944,267.00255232705183,-24.73581819428784,19.182089
4068061120057793664,267.0241689739414,-24.767623000400917,19.0831
4068061223137008512,267.0343186778023,-24.761758312032814,19.67883
4068061120057793280,267.0269873301786,-24.76687715981529,20.025513
4068062185207512064,266.9636603457236,-24.73877185956716,20.59174
4068061223137008256,267.03650609471293,-24.760316468680628,19.652437
4068061223137008128,267.0384947031341,-24.759033743217817,19.85409
4068061669814610176,267.0671172476708,-24.734847964017778,20.73625
4068061120057792768,267.02816283599907,-24.766709311180627,19.810978
4068061223137007744,267.0362497042586,-24.7611923511618,19.251453
4068061223137007616,267.03078779989863,-24.764998368481596,19.418234
4068061429293070976,266.97995945631044,-24.752986554288125,20.486834
4068061120057787776,267.03210045700547,-24.768568442237246,19.600105
4068061120057787648,267.0277123428934,-24.77229932126813,19.452984
4068061463652863232,266.98700071972706,-24.74082832175744,20.756386
4068061429293065984,266.9847429522701,-24.750304942761645,20.77078
4068061120057787008,267.03066712768236,-24.770539106618646,20.073763
4068061635451296768,267.05172934018367,-24.732325311759336,20.090338
4068061120057786752,267.02984507677303,-24.771057298070158,19.607655
4068062219569518336,266.9842498912615,-24.731280255415225,19.706911
4068061085698048000,267.0106017773721,-24.78741683255967,19.44276
4068061498012468608,267.01085793176026,-24.742104247963084,20.827341
4068061085694265088,267.01310601732433,-24.779187657171246,19.193878
4068061120057789568,267.0261894379166,-24.770275714396636,19.764114
4068061257497749248,267.04626033733655,-24.750670081483637,20.611366
4068061115746999680,267.02239959513463,-24.775561728830176,16.89293
4068061218822134272,267.0284880117512,-24.761885409465823,17.110146
4068061463655260288,266.9874481866474,-24.735105230525438,19.911625
4068061566732158592,267.00063653697794,-24.720889155146285,20.667215
4068061566734478720,267.0043235883279,-24.722268612377018,19.601257
4068061120122691072,267.0277476337388,-24.769137703921416,18.94947
4068061085762952960,267.0069984419392,-24.782245931947358,19.508633
4068062180898845440,266.96696673531045,-24.74508808946732,17.826681
4068061085762339200,267.019221781725,-24.7785870244613,16.242088
4068061218822152704,267.03861560278455,-24.753557231799764,17.130688
4068061601094215680,267.01329649302113,-24.715877100376815,19.35195
4068062180898848384,266.9699302783276,-24.739750936423373,19.162241
4068061223128820992,267.0341091775302,-24.767349590404162,19.99652
4068061635445681536,267.05574230835475,-24.747415067899414,20.35591
4068061223128820864,267.0336142441012,-24.767357614926993,18.443497
4068062180898847104,266.9685330477571,-24.74264663705453,18.828577
4068061562423582720,267.0010117210367,-24.721461030358185,18.510172
4068061326213736960,267.0246212883117,-24.73793597632335,20.19321
4068061120049555840,267.0199538970478,-24.771421879848717,19.19965
4068061188778122624,267.01597508821925,-24.759707858921804,19.926743
4068061326217076352,267.03984186699955,-24.73932032946955,19.72631
4068061188778121728,267.01493233690513,-24.759626287434486,19.570591
4068061188778121472,267.0129264313288,-24.760601260327395,19.863539
4068061326217076608,267.0360597655353,-24.742639974131492,19.710192
4068061704174196864,267.0520722841647,-24.726920699013046,19.884212
4068061356261108608,266.9853312139283,-24.75354044770247,17.494347
4068061635518400768,267.0497604017581,-24.739450377316885,20.462526
4068061326217069056,267.0307306551088,-24.736779619132516,20.891624
4068061974740457216,267.0206838003984,-24.714691504062895,17.971376
4068061188778115200,267.0057604737778,-24.757146505963004,20.659828
4068061601094215808,267.0136282057475,-24.716181932294354,19.816183
4068061528063857792,267.0203773352111,-24.728290264545887,19.706034
4068061528063857536,267.01988782490713,-24.72243286670354,19.332445
4068061532374695808,267.0282891721493,-24.731744420216344,20.011984
4068061601094216960,267.0142851681627,-24.71536620964911,19.761671
4068061085689840768,267.0177523058584,-24.779149488449658,17.234703
4068061528063860608,267.02380833220366,-24.725571753820752,19.282244
4068061085689840128,267.01540004786625,-24.781053988075538,17.278595
4068061120122084736,267.0215709079356,-24.776171538628347,18.43675
4068061115746999552,267.02275937984376,-24.764068131275067,17.295343
4068061085689839616,267.0199153534686,-24.7768949867087,17.519653
4068061115746999168,267.0223683332812,-24.771226399959303,17.63475
4068061528063859200,267.0222370677005,-24.735157766182606,19.380188
4068061218822130432,267.0376156327442,-24.76288707983727,16.382034
4068061291853903872,267.02408907595014,-24.752750640574195,20.040312
4068061287545690368,267.0214356091514,-24.7482959223513,19.385227
4068061287545690112,267.0209851886031,-24.753756530421054,18.153393
4068061566734481408,267.0044226081752,-24.721213321595425,19.513973
4068061528063853952,267.0163804070212,-24.72408262770178,19.407541
4068061596783330432,267.01605788879965,-24.719108913717342,19.464617
4068061085689841792,267.0182216770798,-24.77873673695905,16.990725
4068061528063853440,267.01508762914256,-24.724969167167465,18.616793
4068061287545684736,267.01534623807754,-24.74535340262898,19.872433
4068061635454729216,267.0586018913234,-24.738203046450163,19.593367
4068061704174009856,267.04278738095536,-24.7315297526601,20.698181
4068061085689853312,267.02172164037773,-24.778200441859084,17.57954
4068061566799298560,267.0020198810647,-24.733472524275783,19.435743
4068061115746992128,267.01433034647584,-24.76757717810691,17.062412
4068061356261093504,266.98550063847546,-24.762690500337573,16.799503
4068061287545687936,267.018844393314,-24.749697099590435,18.48705
4068061493704117888,267.0180194148359,-24.74122199350817,18.32944
4068061081387257344,267.01809834747337,-24.774157817836542,17.266563
4068061085689852416,267.0203032458878,-24.779423868149472,16.63774
4068061566734479488,266.9964775038826,-24.72743172415862,19.941273
4068061115746995328,267.0179078426851,-24.769482135881663,18.745916
4068061601094218240,267.0146135642119,-24.71481523883891,19.376802
4068061566734478976,266.99494277403323,-24.728709332969817,19.865763
4068061188778124800,267.0158793509837,-24.762799921433245,20.78112
4068061188778124672,267.01583771384674,-24.763083010841324,19.806047
4068061493704116864,267.01770394598725,-24.734120568252628,18.627798
4068061356261096192,266.98107439110606,-24.757824651013497,17.539568
4068061287541624448,267.0216320792145,-24.75572185758792,18.138807
4068061115746994688,267.01746175211565,-24.76695244812425,18.381548
4068061528063854976,267.01701834224497,-24.729605492173462,19.459764
4068061218839320960,267.0293812464773,-24.75760949436576,17.243786
4068061120049595008,267.0230139970809,-24.778105523100766,18.289436
4068061528063854592,267.0169268106291,-24.722426365376265,19.072412
4068061356261091200,266.9952170382521,-24.76001759729545,17.908865
4068061115742922496,267.0241995173382,-24.75974748836977,16.992943
4068061218822137472,267.02697144359666,-24.75952061302613,18.551517
4068061321905435776,267.03180619096497,-24.74337075018883,19.04511
4068061218826220544,267.0312487408334,-24.754508264372284,18.353159
4068061906020987392,267.0306803582904,-24.723877227110453,18.66843
4068061321905435008,267.03061841565284,-24.741353953057605,19.563976
4068061218826219776,267.0300244190938,-24.762096357111844,19.852785
4068061218826219648,267.03017018568517,-24.75933245154403,20.101887
4068061120058649216,267.01676645256396,-24.76468167736273,20.402264
4068061395000606080,266.9950369771298,-24.74402608164088,19.385439
4068061424980590208,266.9784481747672,-24.751913991070932,19.345308
4068061184462397568,267.00562448474153,-24.761093533455785,16.166445
4068061218826223488,267.0364825663603,-24.750410530518554,19.36892
4068061218826223360,267.0358234253695,-24.752875369912573,18.533089
4068061394936798848,266.998821510586,-24.740967763606786,20.828848
4068061321905437824,267.0348312346591,-24.7459023210852,18.808811
4068061498015749632,267.0085288733914,-24.734721402904267,20.930477
4068061906020989696,267.0342861902264,-24.719057800092816,19.113733
4068061218826222464,267.0346895408695,-24.76536933822106,20.111406
4068061498015749376,267.002711055995,-24.73899959010295,20.970041
4068061085689851776,267.02081721135175,-24.778508685576895,17.970446
4068061566734468096,266.99864517296993,-24.730649559814747,19.644627
4068061218822156800,267.0293797317218,-24.751913470780156,17.771793
4068061287545698560,267.03297904466865,-24.74699249182487,19.99156
4068061394936533632,266.9982908179526,-24.74078228048212,20.01664
4068061287545693952,267.0270012753621,-24.752295205992468,17.540949
4068061287545693696,267.0267860294443,-24.742897998701483,18.927876
4068061429296271360,266.98310981508155,-24.752215380064342,20.829432
4068061223201907456,267.0287028949484,-24.755922406017845,19.400072
4068061528063862016,267.0261387927896,-24.724794192391062,18.747953
4068062215258596096,266.981543575547,-24.72495011618184,18.985323
4068061394936536704,267.0018730180381,-24.743195564289813,19.371836
4068061223201907200,267.02988341710926,-24.762630389732895,19.654167
4068061528063861760,267.0256814006699,-24.72936572744117,19.686556
4068061906020983936,267.0259787741342,-24.717750864203232,18.644817
4068061394936536576,267.00098915473217,-24.743823594042468,19.421698
4068061257561645184,267.0515859562509,-24.75126177041336,20.472637
4068061120122691584,267.02852528788986,-24.76726786023232,19.274158
4068061326281125760,267.0314107179933,-24.737600986107093,19.314623
4068061704238247680,267.0512905361575,-24.723805333270583,19.5566
4068061906020983168,267.0246204877179,-24.71512947113925,18.383236
4068061356265137792,266.9828147926348,-24.754359136237902,18.060158
4068061291921386752,267.0244514671661,-24.7438663827361,19.59154
4068061115747004288,267.02979221397413,-24.765949823563712,18.190897
4068061321905434368,267.02952815391643,-24.739130164973222,19.534071
4068061394936535168,266.99838305417387,-24.74416087342025,19.817833
4068061218826219008,267.0291888236154,-24.758218541353745,19.355604
4068061321905433984,267.02890539850114,-24.74227418056893,19.330229
4068061326281124352,267.0284513034973,-24.74205252677418,19.41999
4068061287545695232,267.0281059515237,-24.75053221908318,19.681673
4068061528063863552,267.0278834097285,-24.72827885693809,18.050049
4068061321905432832,267.02748127673885,-24.740437344919798,19.671371
4068061566735221632,266.9970535171647,-24.733067753421746,20.750349
4068061115747002752,267.027544509043,-24.768421954913073,19.018866
4068061321905432576,267.02717032560633,-24.73877605421499,18.96912
4068061390624888704,266.9991613320953,-24.742987337219052,18.910301
4068061150106720000,266.99897366280464,-24.76261928105131,19.367107
4068061085690748160,267.0045736438518,-24.781831537868882,19.852383
4068061424980590336,266.9762975209282,-24.751432181477192,17.896206
4068061463656009216,266.9962739095967,-24.73974911437346,19.357952
4068061150106719232,266.99789023475796,-24.77028709516839,19.160452
4068061150106718720,266.99752472327447,-24.76417870557157,19.68018
4068061150106718592,266.9975070487536,-24.774321245285165,18.00497
4068061356265141760,266.9879827007188,-24.750056344718484,19.31994
4068061459344363648,266.9972740776728,-24.734693454791213,18.257801
4068061390624890624,267.0008132152559,-24.741450999409793,19.161156
4068061562423582336,267.0007534899319,-24.734128733621464,18.630962
4068061463656007808,266.9939659474449,-24.737573839479012,19.80834
4068061562423582208,267.00065491654203,-24.716811892077466,19.460684
4068061150106721536,267.00046149332246,-24.771735182959894,19.698984
4068061596801574400,267.0099707399529,-24.71470295995932,18.128942
4068061390624889984,267.00028246043473,-24.74513732438098,19.651913
4068062219570528128,266.9841793896667,-24.72661894341631,21.035042
4068061154417559424,267.00084001601806,-24.759487599770036,20.234966
4068061390624889472,266.99968916130155,-24.73823015958287,18.446928
4068061218839325312,267.03326629132033,-24.761454995835553,17.457413
4068061562423580928,266.9992665034053,-24.733972949059876,19.480894
4068061394936541952,267.0065397715451,-24.751225153611824,19.47607
4068061394936541824,267.00509517448353,-24.752379227825237,19.613178
4068061424984608640,266.9756135790046,-24.744666387766845,18.647978
4068061601094207744,267.0135491613704,-24.719819424415764,20.46005
4068062318337820544,266.9942064050607,-24.720350606120377,18.49056
4068061154418376576,266.9941173189874,-24.766684070378133,20.717743
4068061356265145600,266.99399804736476,-24.754442066317687,19.367115
4068061390624883840,266.9937485045076,-24.744265901415908,17.523487
4068061188778114688,267.00906638971475,-24.753164909864882,19.773998
4068061356265145344,266.9931513570923,-24.762566232153436,18.744099
4068062180898850048,266.9722292805136,-24.735124002387987,18.485048
4068061562423575040,266.99205177722416,-24.72839663516528,18.950245
4068061154418375808,266.99196864569575,-24.76689999050443,20.827862
4068062318337818752,266.99224846170677,-24.720123604453683,18.367992
4068061291857329024,267.01499398131216,-24.746959330476653,19.590237
4068061188774734592,267.01341232662736,-24.752439316131802,19.598541
4068061150106714112,266.99176696155286,-24.769106248794497,17.853436
4068061085694275456,267.00997366751307,-24.778266717123834,19.066132
4068061390624885760,266.99573279114827,-24.751342401620757,18.856478
4068061528076950400,267.01948872663957,-24.72933511494458,18.385824
4068061150106716800,266.9954274229853,-24.767317089609342,18.464184
4068061360576799744,266.9853249931867,-24.761288881271703,20.113977
4068061562423576832,266.99482200095025,-24.725733233418982,18.816353
4068061429293055744,266.98441438516033,-24.752074323979116,20.90425
4068061287545681792,267.0197073620445,-24.75260642666577,19.161417
4068061562423588608,267.00957892527043,-24.726803852607922,19.302662
4068061596783326848,267.0121735740391,-24.715630564499715,19.601868
4068061566734485888,266.9982106040632,-24.723272588529298,19.927048
4068061394936540544,267.0043155299382,-24.75050955846142,19.55559
4068061562423587328,267.00662541925703,-24.7297032769485,18.32042
4068061596783325440,267.0062999186808,-24.720209910869848,19.108418
4068061394936539904,267.0071460777586,-24.74746941996755,20.700584
4068061596783325184,267.00568595427234,-24.716830340999866,19.704203
4068061394936539392,267.00435133821287,-24.74870912584889,19.20015
4068061528063852160,267.0139259209287,-24.729000919466735,19.973991
4068061081387253248,267.0137670564694,-24.770746624249387,18.319023
4068061704170815104,267.04801090645486,-24.728581318017056,19.900297
4068061081387253120,267.01351926742603,-24.783669619375342,17.30047
4068061566734483712,267.0026233217092,-24.721143560257154,19.405401
4068061081387252992,267.01346929615926,-24.773188206225083,16.737864
4068061596783328384,267.0125768363487,-24.720575917996182,19.142187
4068061566798965504,266.99654186075685,-24.732377310638366,19.634792
4068061085694276096,267.0099849043831,-24.778518945939503,19.396374
4068061081387252736,267.01242342030145,-24.78433823108923,17.138264
4068061493704113024,267.01233968236465,-24.733433152602412,19.712933
4068061596783327616,267.01089700603745,-24.719312109345644,17.917
4068062185207469824,266.9708988340288,-24.73889632240514,21.020292
4068061085694277248,267.00593803065635,-24.78155657973664,19.31969
4068061150106724224,267.00350185979096,-24.767743113800922,19.434778
4068061562423584128,267.0024193042751,-24.724479913964654,19.169514
4068061562423583744,267.0012980909334,-24.724218456340306,19.315285
4068061085694266240,267.0072693641273,-24.783623607369154,20.193237
4068061085694266368,267.0068512218013,-24.783495964740894,18.980803
4068061699862564480,267.0439201610433,-24.73567178885642,20.90037
4068061120057789312,267.0263030567796,-24.770721482184097,19.4965
4068061223137004288,267.04254161999665,-24.759565631309933,19.854753
4068061394935752832,267.00370221549974,-24.74094100398322,19.83321
4068062322646461440,266.99298242532956,-24.719193109070787,20.517782
4068061223137004160,267.03600892916273,-24.76414096302498,19.753777
4068061223137004032,267.0358502677853,-24.764205522344326,19.880823
4068061085689776896,267.0158204359425,-24.777749293155477,18.423935
4068061120057788544,267.03002724701565,-24.768796636125327,19.82281
4068062322646461312,266.99322205511646,-24.71879691879143,19.684929
4068061154414958336,267.001365744983,-24.767223746172434,20.359394
4068062322646460544,266.99408734743116,-24.718552973613107,20.144163
4068061257496753920,267.0429894047213,-24.747044464773996,19.267416
4068061635453875712,267.0595485074109,-24.735572256099996,20.3763
4068061635453875840,267.05816275038234,-24.73652255589002,19.943169
4068061085762374272,267.0214694429898,-24.7785774671181,17.742962
4068061498012543360,267.00781619509996,-24.734224603886044,20.280445
4068061085694258048,267.013038009806,-24.781961778434226,19.42197
4068061085694258176,267.0133859407264,-24.782444345979215,19.299486
4068061120057799296,267.0252034474872,-24.76121006423049,19.87994
4068061223137014272,267.03600190941967,-24.753855926534044,19.975039
4068061463652849152,266.98974819045577,-24.741060845115033,20.185387
4068061085762375168,267.0197183979157,-24.777518567613537,17.781647
4068061085694255488,267.0120129436587,-24.785776261973382,19.57434
4068061635453877888,267.05343857898345,-24.73641753717355,19.47829
4068061085762372096,267.02244562172126,-24.778411220519857,17.992485
4068061223137017216,267.0352666669405,-24.749619147890648,19.569578
4068061253185969664,267.0519166420009,-24.746077647546446,19.32811
4068061669813615488,267.0674809276117,-24.728732151916343,17.647465
4068061669813614848,267.06789490316066,-24.729082709043464,20.10126
4068061360573517824,266.9889895453362,-24.756954378526114,20.9101
4068061635453876224,267.05601581817484,-24.73770776859148,19.522486
4068061601091804160,267.015705210884,-24.722868638484123,20.760487
4068061223137011584,267.0341045253262,-24.75821645503091,19.842777
4068061257496749824,267.0514304953386,-24.74641789562304,20.290833
4068061429293112064,266.97520484285417,-24.750836268551467,20.632843
4068061120057796224,267.02344563837045,-24.765982150397086,20.068861
4068061085762378112,267.0125024686312,-24.777406884108206,19.363482
4068061566732076672,267.0039382391709,-24.729271077159545,18.771667
4068061223137011200,267.03413645288947,-24.758730482782678,19.767715
4068061257496749440,267.04367598291867,-24.752810393081898,19.613827
4068061085698057472,267.00421008847565,-24.78029339898572,20.190676
4068061223137010816,267.0305906458954,-24.762090277797252,19.960741
4068061154414983680,266.9989026485352,-24.764989254496903,20.572914
4068061223137010560,267.0399675145179,-24.755667708939292,19.525045
4068061223137010304,267.0410786646281,-24.7549218684681,20.110018
4068061085694262784,267.00998681067017,-24.781992704790994,17.775463
4068061085762379136,267.01249272042077,-24.776043571582704,18.402369
4068061257496748544,267.052702312763,-24.74687284446172,19.375298
4068061291853937792,267.02181498238286,-24.74887710969211,18.804756
4068061085698056320,267.00875597011014,-24.77756225323473,20.292772
4068061223137009664,267.03571188571334,-24.75896424685553,19.971684
4068061601091798016,267.01314494898156,-24.72557948720647,20.513958
4068061257496752000,267.0420432396558,-24.74989277866771,19.664862
4068061635453873920,267.0617584460833,-24.73628942506206,19.842478
4068061223137013376,267.02798099966947,-24.759888711068445,19.816233
4068061463652844160,266.99035650291006,-24.74132486358568,20.650167
4068061223137012864,267.0317486402312,-24.758230626638472,20.462646
4068061635453873152,267.0620864106368,-24.737232569862908,19.696718
4068061566735064448,266.99199141983354,-24.72575791422111,20.782461
4068061223137012608,267.02847616812363,-24.76058956151154,19.81367
4068061635453872896,267.0569107602821,-24.740908449143156,20.604038
4068061566732145792,266.99264398884526,-24.728143288930866,20.623756
4068061223137012224,267.0381076769965,-24.75489262062872,19.075762
4068061635453872768,267.0624045347614,-24.7380911323683,19.808552
4068061704170903296,267.04525402742456,-24.71787013041006,20.094452
4068061601158712704,267.0038076238683,-24.718854475433826,17.367928
4068061635453872384,267.05928444459346,-24.740453346762948,19.36928
4068061085694261120,267.01311613549933,-24.78012747220226,19.428246
4068061085689784960,267.01876595284506,-24.780530962868365,16.716427
4068061223137011840,267.0320801036291,-24.759523207557248,19.889807
4068061532372323328,267.02075802158856,-24.719660295315236,18.90891
4068061085689784576,267.02275434424257,-24.77819797945428,17.241413
4068061566732061440,267.00377472501594,-24.73172913369909,19.878527
4068061596779371648,267.01133981856816,-24.716073212223282,18.153078
4068061566732061184,267.0044798192682,-24.73100496929904,19.556181
4068061120058793344,267.02052556965873,-24.763794584643428,21.023958
4068061085689828864,267.01456379943465,-24.779152636587277,19.102448
4068061906017015808,267.0291266373675,-24.716698805312408,16.83896
4068061326217220224,267.03697608321863,-24.741293619518732,20.424877
4068061906017011456,267.0429351775637,-24.718069311252496,18.585312
4068061120122069120,267.01949227979895,-24.773139964153177,19.177448
4068062219567197440,266.9859236235194,-24.729807726537214,20.84822
4068061566732071040,267.0078234556042,-24.727365452590547,20.142382
4068061463652855808,266.9869394111327,-24.741783279167812,20.464249
4068061498079467264,267.0097043089378,-24.744356685564178,18.27255
4068061395000251904,267.00597923997935,-24.747225273180632,14.801596
4068061596779368064,267.01277387435874,-24.717950427465272,16.005396
4068061326216892800,267.0289378064498,-24.74291217658675,20.844053
4068061906017013248,267.0333300277084,-24.7176113999541,17.864182
4068061326280774400,267.0332928006445,-24.72937501077586,15.716302
4068061704170788864,267.04767426818324,-24.732484751943392,20.598408
4068061498079465728,267.0144460952617,-24.743422984658487,19.383358
4068061528059890048,267.02352347912216,-24.7176954890932,16.760874
4068061085762338048,267.014752251186,-24.776530551351442,19.580563
4068061085689824256,267.01823173063207,-24.774638806166067,18.860542
4068061566732165632,266.9973819408744,-24.72225173005972,20.207518
4068061463652852608,266.9965897025811,-24.735517389521295,20.72128
4068061459357428992,266.9870961463115,-24.735797898861975,19.220055
4068061532439206784,267.027603132408,-24.730588316132955,16.949556
4068061085762335104,267.01528085759946,-24.774974353960395,18.996643
4068061085694251648,267.01213528544355,-24.787431284149942,17.97787
4068061085689826816,267.016344158454,-24.77694240532159,18.197016
4068061291921033088,267.01452622182376,-24.74524717306652,20.317932
4068061498079463168,267.01246546524703,-24.74677161178529,15.195292
4068061085689826176,267.017364028021,-24.776483219095137,17.90671
4068062180911912448,266.965721448033,-24.745262677005055,17.870798
4068061566732069888,267.00007661494726,-24.732898197944564,20.263323
4068061906017024768,267.02953054503115,-24.71402792477391,16.911777
4068061291921031808,267.0178825099096,-24.744448296871667,18.478704
4068061085762325120,267.0153687834728,-24.777570515617846,19.372585
4068061120049575424,267.0210593154023,-24.775535100605865,17.929771
4068061085689836928,267.0201246259396,-24.776415458881768,18.992632
4068061085689836800,267.01470276839314,-24.780916372576392,18.617704
4068061085689836672,267.01822052678864,-24.777890112778824,17.305796
4068061498079464960,267.0135437508453,-24.74522171072078,20.057388
4068061596779374208,267.0160228291383,-24.71562564616675,17.708082
4068061566735217664,266.99951696876417,-24.72338427210656,19.429684
4068061085698047872,267.0117483178159,-24.787875965334734,19.544079
4068061154414930688,267.007337927498,-24.769134501884928,20.543932
4068061085698047744,267.01147197784104,-24.78790976241607,20.038574
4068061120122061056,267.02027270164933,-24.774158831635475,19.399805
4068061463652831744,266.99889489339137,-24.73665712946837,20.327063
4068062219567275904,266.97685306049823,-24.72710932019526,17.548368
4068061395000260096,266.99640199113355,-24.745515939379974,20.15867
4068061566732116736,267.00490173490056,-24.723627051763657,19.834223
4068061596779376256,267.0061092389865,-24.715081771629947,17.21987
4068061910396335360,267.0357454048914,-24.718509168489522,20.364553
4068061291853971200,267.0145049873231,-24.749488606216925,20.912699
4068061085689837568,267.0154765783521,-24.78042530786574,19.248636
4068062185205971456,266.9686478803403,-24.737873711468495,19.964958
4068061223134405760,267.0338587873835,-24.751541643386634,20.594292
4068061532439212544,267.0293048907198,-24.723738188177343,18.775394
4068061566732048384,267.006226628446,-24.73133211914717,18.465122
4068061120122067456,267.0211111924051,-24.772928865105616,19.392494
4068061532372305792,267.02101424943527,-24.72212015445153,19.690685
4068061429293168896,266.96875678574986,-24.747572236846906,20.603745
4068061463652828544,266.9991627661161,-24.737099568027737,20.450993
4068061734218307072,267.0574817401478,-24.723208135208065,17.978907
4068061566732091776,267.0009008002513,-24.729650891954613,20.656363
4068061734218307200,267.0567771465205,-24.72242969422995,17.79636
4068061463652828160,266.99700054083513,-24.73862971615684,20.539953
4068061498079476864,267.00702921374364,-24.736883215668666,18.235836
4068061532439214848,267.0167672848478,-24.73071188761426,20.386068
4068061532439214720,267.0225853662952,-24.726398757396165,20.073084
4068061360572228480,266.99428537425814,-24.757804969222875,19.892712
4068062185207533440,266.97072789812756,-24.732001517642708,20.307589
4068062219567271296,266.9776174530218,-24.727294923051726,20.469633
4068061429293167104,266.9797057372074,-24.740357123970632,20.148815
4068061528059879296,267.0288952521015,-24.722424758476663,16.410788
4068062185205970560,266.96873413645267,-24.739103675823387,19.676485
4068061360573494784,266.99003345938945,-24.759026718341232,20.16175
4068061498079470848,267.01157843546406,-24.739620481468105,17.105862
4068061291856516992,267.0241402949063,-24.74068382541717,19.82851
4068061532372306816,267.02227112280747,-24.72086302892332,18.927221
4068061085689833728,267.016117468787,-24.77907405939635,18.355125
4068061085689833472,267.0174223338933,-24.77766023205695,17.81764
4068061223134410240,267.0289247833197,-24.75379330068283,20.64874
4068061394933222016,267.00539239745353,-24.750129596261736,20.658825
4068061326216254336,267.035069102201,-24.733319661690977,19.851274
4068061704173376256,267.0446149196413,-24.726777014057344,19.723488
4068061532439207936,267.0232512303646,-24.732404262647457,20.465704
4068061532439211776,267.01968712746645,-24.731217464713033,19.53013
4068061291856515584,267.0213044357426,-24.74317218300755,19.698492
4068061291856515456,267.02374366571786,-24.741621176196613,19.719343
4068061326213745920,267.0335439819482,-24.730361609311526,18.242695
4068061326216253696,267.0323325908745,-24.735670246320066,19.888878
4068061120049555712,267.0192501844448,-24.772041253679465,18.85142
4068061085689811456,267.0141452399899,-24.777985868958353,19.272676
4068061085762350976,267.0200953977228,-24.778801114579565,17.825863
4068061532372225280,267.032005918278,-24.7254843274673,19.566502
4068061498014965504,267.01239593886936,-24.737386191657336,19.358812
4068061429291713280,266.98697334157026,-24.74499119425144,19.43003
4068061326216256640,267.0337802912785,-24.733283971032865,19.388216
4068061424997677696,266.9740581304596,-24.752222971864775,18.54396
4068061223134400256,267.02806698511256,-24.756607871313662,19.283623
4068061291856517888,267.0212149063594,-24.742107952290482,19.757898
4068061910396332160,267.0430009517366,-24.71755348696446,18.709373
4068061085762348288,267.0170837615668,-24.778536484652026,16.665426
4068061291921020672,267.02196525709945,-24.75186918189788,16.506247
4068061562420461696,267.0060639638387,-24.722531976413862,19.748457
4068061326280758528,267.0389055932738,-24.74075236193034,12.291792
4068061429291718784,266.97143785118016,-24.747974803265823,19.961967
4068061669878142080,267.0611759848711,-24.725588300429095,17.469563
4068061291856512640,267.01743117838475,-24.74803852878499,19.859987
4068061291856512512,267.02340630749717,-24.743902606818295,19.323593
4068061635518403456,267.0479220565199,-24.734558457378107,17.656027
4068061326216250752,267.02854171133293,-24.740370093529314,19.571215
4068061635518403072,267.04736095951165,-24.735985796353546,18.612043
4068061188777297152,267.0128100866664,-24.751383773124083,19.798725
4068061699858565760,267.0404612696945,-24.723544924127808,18.23987
4068061532372313856,267.0122876310417,-24.7264607677446,19.479944
4068061188777296384,267.0121301417344,-24.75238026406978,18.396397
4068061291856511360,267.0194670919154,-24.74729326003333,19.975803
4068061223134402816,267.03066767244894,-24.75426772289446,20.343096
4068062219567276672,266.98063726460526,-24.724425580262697,20.202112
4068062219567276544,266.98264871127355,-24.723078698914012,20.432737
4068061291921022336,267.01791805433504,-24.7532234546478,16.732655
4068062219567276800,266.98031504893714,-24.724831715840438,19.754583
4068061635451263872,267.0498953020651,-24.740877817668192,20.085224
4068061360575991424,266.9941354286723,-24.76283950881404,20.13558
4068061669878143744,267.05618315065647,-24.72726851358071,16.379787
4068061429291711872,266.9845914009313,-24.750967488556764,18.966085
4068061188777299456,267.01268365248785,-24.75000609239141,19.434885
4068061463652835840,266.99600197779415,-24.738188563871486,21.1953
4068061085689810432,267.015668381156,-24.78416810809921,19.079727
4068061291921021568,267.02399404648907,-24.750017646209532,17.975046
4068061188777299072,267.0105941249525,-24.751755420607328,19.362198
4068061291856514048,267.0191386688126,-24.74584009179039,19.423183
4068061566732111872,266.9954228107878,-24.730905608421345,21.048475
4068061085689810304,267.01690879374894,-24.782548776340427,18.72844
4068061635518404608,267.051583517337,-24.7313418360334,17.14618
4068061188841801600,267.0154500922993,-24.76402846814172,19.035254
4068061257561278080,267.03636413422015,-24.74981573159694,20.789948
4068061532372315520,267.02130442576197,-24.72039046337908,20.243525
4068061669878138368,267.0643148645878,-24.73076789899846,18.417381
4068061120055185664,267.0184134229901,-24.76285977083627,18.211874
4068061291856513280,267.01619951901534,-24.748578440294313,19.886404
4068061326216251520,267.02718728232344,-24.741087392088982,19.473528
4068061704173373440,267.04023182570455,-24.732074695783822,19.35284
4068061635518399744,267.05976673294384,-24.734271543104335,15.374967
4068061120049554816,267.0178601776883,-24.773016702226258,19.88683
4068061669878138240,267.06232819219747,-24.732173370006386,17.161884
4068061498012440320,267.0144560183358,-24.743232512684013,19.635548
4068061223201538816,267.02673042012214,-24.75826989452551,16.865765
4068061635451261952,267.05141642365106,-24.740243985369933,18.74801
4068061223201538432,267.03644761330537,-24.752167165500186,17.96451
4068061085762341760,267.01884686587243,-24.77998540924806,17.264112
4068061085689820544,267.01402640402137,-24.777297491042926,17.945398
4068061394935739264,267.00773381818976,-24.74833692377248,19.849236
4068061498012489472,267.015573739168,-24.736040862985895,20.098251
4068061498014954112,267.0139916199777,-24.74406715299472,19.284035
4068061463652946944,266.9867224946194,-24.730119955646035,20.287632
4068061257561280256,267.04456766479234,-24.739382565267295,20.223476
4068061566732134912,267.0017223566597,-24.723083366884914,20.361258
4068061188841803136,267.0183544047844,-24.759288101641488,14.289631
4068061910329349120,267.03818508626586,-24.720599284225145,20.303295
4068061085762338816,267.0173787023159,-24.782082093839715,18.516209
4068061085689819392,267.0137232937231,-24.777263950675025,19.18775
4068061326216265472,267.0297680365019,-24.73075658708626,19.798553
4068061188841802624,267.0219328979042,-24.757212315092573,18.661303
4068061223137015680,267.02629080959986,-24.75859119850834,19.91136
4068061566732136064,267.00114146067665,-24.723324479778938,20.85378
4068061498014956800,267.01196630470696,-24.74360872923917,19.291164
4068061223201540608,267.03003532444046,-24.752627486967786,17.828682
4068061635518401152,267.0588862365048,-24.73195734051988,15.809188
4068061734218310144,267.05226319594715,-24.72134590865108,18.054998
4068061566732164096,266.9997053450969,-24.72082816585492,20.742569
4068061085689822592,267.01760232533303,-24.774707369380383,19.434597
4068061596779356544,267.0163321117981,-24.72226532335279,16.557417
4068061257561278592,267.0448941220692,-24.743306561881305,19.024157
4068061429293150208,266.97372853567873,-24.746985476191874,20.53086
4068061498012491264,267.01239758783186,-24.737967478092223,20.850908
4068061326280766976,267.0284604059509,-24.73964906903427,20.697882
4068061601091902080,267.0067425672236,-24.716072513946415,17.741589
4068061635451282048,267.0515665787631,-24.73498861465212,20.207485
4068061463652887680,266.9879065070489,-24.737287861204617,18.385181
4068061120055175808,267.02170663832254,-24.763500930025845,20.326687
4068061120055175552,267.0212807717786,-24.76289813075693,19.842848
4068061360572231424,266.9883549619063,-24.7560177124766,19.147171
4068061360572231296,266.98726015586857,-24.75704267182849,18.224936
4068061257494128640,267.05013288255236,-24.74398637846273,18.87456
4068061394933214208,267.00291897282113,-24.753123031078623,20.152498
4068061360572231168,266.98728754161823,-24.757297688866267,20.599821
4068061360572231040,266.99069967544943,-24.75418283480131,19.06205
4068061120055154432,267.0303456448623,-24.767436998761568,19.620384
4068061360572230784,266.9908071706048,-24.755561156459162,20.095839
4068061120055154176,267.02474740585836,-24.771301500725702,18.764263
4068061120055154048,267.02461212674245,-24.770963448317254,19.862932
4068061120055153792,267.023772001466,-24.771590632473906,16.918852
4068061596779376384,267.0080527238684,-24.715315299606615,17.812563
4068061360572230016,266.986289413917,-24.7611885611172,16.261065
4068061360572229888,266.98899651761093,-24.758876930395616,19.837278
4068061360572229760,266.9924622840267,-24.755929973070238,20.193026
4068061326213715456,267.0262175298251,-24.740404973929003,20.74967
4068061120055153152,267.0288303730651,-24.768586734348848,19.956419
4068061120055153024,267.0282994039294,-24.76857008608636,20.163475
4068061154413778816,267.0099029553398,-24.76663815538744,19.796532
4068061120055152896,267.02924223788295,-24.76854548938935,19.526102
4068061154413778688,267.00980486450965,-24.766420748467027,18.569654
4068061463652864640,266.98503128597025,-24.74203369023075,20.758728
4068061394933263872,267.00566988111075,-24.744432727016417,20.702847
4068061120055156608,267.02584994051955,-24.768930238577276,18.480494
4068061154413778304,267.0085187218088,-24.76825236887543,19.862036
4068061154413778176,267.0077110273601,-24.768307762007304,19.524809
4068061326213714560,267.02974356185246,-24.738142356963476,20.311975
4068061120055156352,267.03066855964727,-24.766108992113676,19.95443
4068061154413778048,267.0080450320121,-24.76785699266657,20.391361
4068061120055156224,267.03070247896426,-24.766457508268996,19.7496
4068061188773516288,267.011909175726,-24.7657488516008,20.208456
4068061120055156096,267.022210073515,-24.772017506332475,18.503452
4068061188773516160,267.0122327486037,-24.7654505181994,19.436533
4068061120055155968,267.02245512747345,-24.772116510307622,19.330133
4068062322646465792,266.987302949055,-24.722502727140206,19.248184
4068061188773516032,267.0124469390071,-24.76559563372695,19.935383
4068061566732082688,266.9990764358223,-24.73200064512694,20.450724
4068061154413777536,267.0084069976048,-24.76885871665088,18.72981
4068061223137008000,267.04132716412465,-24.757274102782958,19.082113
4068061154413777280,267.00011451585397,-24.77534508290984,19.05652
4068061154413777152,267.00056056536954,-24.775644746346238,19.703098
4068061223134370432,267.03249292849546,-24.76487561831347,20.021315
4068061738530577664,267.051494128747,-24.72265300598116,20.703611
4068061154413780864,267.00299392375507,-24.77048890835967,19.630787
4068061223134370048,267.03919783792054,-24.761065210194747,20.18336
4068061154413780736,267.0048533786007,-24.769095457166703,19.773
4068061498012477056,267.01230997203675,-24.740278758119402,20.40778
4068061154413780480,267.0017657531776,-24.771824193675865,18.85523
4068061120055150464,267.0236631574485,-24.773204696993233,18.877779
4068061120055150336,267.0241613708858,-24.77283397090779,19.595322
4068061085695411712,267.00726236552896,-24.78430487792379,19.989298
4068061154413779968,267.005866572384,-24.76930184462224,19.649385
4068061120055149952,267.02575182839536,-24.771531080159217,20.005009
4068061120055149824,267.02635784312673,-24.77134162965868,16.941822
4068061120055149696,267.0259002731169,-24.771912352058145,19.296156
4068061188774762624,267.00837817627695,-24.752118558725414,20.650894
4068061154413779584,267.0045200483614,-24.770467371567584,19.743809
4068061120055149568,267.02549582919664,-24.771889333897832,19.910534
4068061463652939904,266.9904885342636,-24.728390997057325,20.188324
4068061120055149440,267.02479587916037,-24.772880502822076,18.019459
4068061120055149312,267.03288513512643,-24.767574480023747,20.581348
4068061601091814528,267.01966099618534,-24.718439620388267,19.965225
4068061120055149184,267.02923086320084,-24.771024500064318,18.102097
4068061154413778944,267.0035376960449,-24.77179777641842,19.764338
4068061120055148928,267.02854508427146,-24.771916193356788,19.804817
4068061154413774720,267.00334181978076,-24.77492630437676,19.632584
4068061120055148800,267.02908700131906,-24.771423388707934,19.300713
4068061154413774592,267.0063084103697,-24.772675427662595,18.411278
4068061120055148672,267.028960993784,-24.770591917102045,19.869753
4068061356260712448,266.98741559786095,-24.760983321148863,12.215002
4068061631139058944,267.0502073649617,-24.735869992603863,16.880783
4068061223134367488,267.033616262006,-24.765357969616684,19.861877
4068061154413774080,267.00114363720456,-24.777418896206317,19.623257
4068061223134367360,267.0387148304625,-24.761910724365375,20.697144
4068061154413773952,267.0021929754879,-24.776580177598607,19.444227
4068061085694297088,267.01141047173456,-24.76875630816671,19.592674
4068061223134367104,267.04194544371927,-24.759772234886455,18.338926
4068061360573448576,266.99190493035,-24.76503092695375,20.891918
4068061704170832128,267.04111090728304,-24.731069941927558,20.561937
4068061085694296960,267.00929483023236,-24.770635343733964,18.990627
4068061085694296832,267.00847182593657,-24.771678196026674,20.15323
4068061085694296704,267.00883267236156,-24.771870479464067,20.69668
4068061085694296576,267.0013955856969,-24.777889192974136,18.994154
4068061085694296448,267.010005303542,-24.77052892803921,19.545101
4068061085694296320,267.0102210961481,-24.770145862077484,19.975233
4068061120055151232,267.0281200310121,-24.769596961471727,18.305012
4068061085694296192,267.0099599870087,-24.76998702810144,20.764582
4068061291853975040,267.0216315117256,-24.743956616057304,20.7714
4068061120054034432,267.0144501283342,-24.76663018480721,20.053423
4068061188773515136,267.01317440566453,-24.765325749245818,19.929703
4068061154413785088,267.00253714817916,-24.766785025295878,19.99824
4068061120055150848,267.02717779886206,-24.77013502915557,19.861399
4068061188773515008,267.01221199750717,-24.76619057600929,19.919214
4068061120055150592,267.0237255479984,-24.772842040528555,18.518253
4068061154413776384,267.0028935531278,-24.774250545615338,19.648216
4068061635451238144,267.064698088004,-24.738206415823097,19.943748
4068061154413776256,267.0087200022287,-24.76964815543244,18.879103
4068061154413776128,267.0091522808978,-24.770057301073212,20.089005
4068061154413776000,267.0088062338421,-24.769981825157966,20.425243
4068061326213712384,267.037298854087,-24.733318718454033,18.83468
4068061429291715200,266.97505581109266,-24.75032792462905,19.877527
4068061120055162240,267.0246151249075,-24.766369722292566,20.230368
4068061120055161984,267.0242165102014,-24.765855788717058,19.77552
4068061601091827200,267.01737281871993,-24.718702342052815,20.874252
4068061154413775488,267.00922445622746,-24.76923583246071,20.002087
4068061154413775360,267.0075972901824,-24.770829218410274,18.713398
4068061154413775232,267.0078498898637,-24.770547606412148,17.787327
4068061463652873472,266.9895317928699,-24.737973175220688,20.21459
4068061665498798464,267.06766875585527,-24.73407157576931,18.623646
4068061154413775104,267.0010620144112,-24.776582467730066,19.816551
4068061154413774848,267.0056705320301,-24.772887516080075,20.02178
4068061493700101760,267.0057617281117,-24.73715622047482,17.974382
4068061085762314752,267.0201661231553,-24.77751665363365,17.551203
4068061291853984640,267.0158149161665,-24.746339403943395,20.549942
4068061738530583296,267.0510277933074,-24.722051781440737,20.785072
4068061120055164672,267.022165676126,-24.766695483478603,20.72369
4068061120055164544,267.0215191781321,-24.76698705964136,20.027254
4068061498012536064,267.0050570701789,-24.73722745787181,20.14787
4068061154413786240,267.0021634984897,-24.764893291038096,17.71504
4068061120055164416,267.020305475977,-24.766768224586748,20.498425
4068061188773524480,267.007433557585,-24.76054152221293,18.516844
4068061429291716224,266.9786155935916,-24.746253602581238,20.50283
4068061154413785984,266.9953387885355,-24.771366447031703,19.460579
4068061120055164160,267.0210698389468,-24.767061942564904,19.44493
4068061154413785728,267.0043680521142,-24.763704389596555,19.5776
4068061085695425536,267.0074057029645,-24.777146373576734,20.311312
4068061154413785600,267.00157307723634,-24.76626406790127,19.815495
4068061154413785472,267.00318770095885,-24.765119838113517,18.897728
4068061120055163648,267.02491542249106,-24.764806648646232,20.73849
4068061704170848128,267.0447150173961,-24.72579830894467,20.160707
4068061154413785344,267.00346048639597,-24.76482166710968,19.444416
4068061154413785216,266.996417853604,-24.77143496530463,20.156067
4068061669810977408,267.0687570871095,-24.734921009962555,20.499823
4068061120055163264,267.02015544887416,-24.768643890970978,17.145847
4068061120122059008,267.0192443296445,-24.774029069680555,19.435986
4068061360573463808,266.989436453295,-24.764240934497337,20.642736
4068061394933202048,267.004885361095,-24.753610460037287,21.117483
4068061188777287936,267.0164350802563,-24.754511446686923,19.82726
4068061463652874624,266.98525844782057,-24.74082261524664,21.073597
4068061223134373760,267.03958917971454,-24.758277943171063,20.637014
4068061223134373632,267.03175176433416,-24.763475175744315,18.025526
4068061223134373504,267.0323376569909,-24.764239555629945,19.761658
4068061154413788288,266.9983183384788,-24.767243420149825,20.131992
4068061631139056768,267.05234705564277,-24.735938188388147,17.093494
4068061223134373376,267.03143708413006,-24.76398176292069,19.01529
4068061120055158144,267.02166752922443,-24.77097077447012,19.808344
4068061120055158016,267.02201670335637,-24.770901605659954,18.825981
4068061704173364480,267.0465504047064,-24.733080248591914,19.648912
4068061326216242560,267.0405595095979,-24.737251468697256,19.88221
4068061223134372736,267.0379227155029,-24.7602755593428,20.562595
4068061188773525888,267.00530992549034,-24.760655610286122,19.797333
4068061291853981312,267.01497874423274,-24.747456327635224,20.43375
4068061257494110720,267.0480246287422,-24.753551610743013,18.917364
4068061223134372224,267.0406932828702,-24.758625765491445,18.833393
4068061498012474624,267.01650806100946,-24.737548583058164,21.163626
4068061154413782784,267.0007871712628,-24.77057458933945,19.63466
4068061188777294208,267.0143546829977,-24.752315186336713,19.408379
4068061498012475008,267.0188067783033,-24.735919686095254,20.22621
4068061154413782528,267.00623758741364,-24.76608434687732,19.771181
4068061429293130112,266.9754471987644,-24.74813483825946,20.586021
4068061120055160704,267.0278879953945,-24.765315180299563,20.01256
4068061498012533888,267.0132874920077,-24.731951023872725,20.93847
4068061498012475264,267.0142626785217,-24.739049730675852,21.063303
4068061154413782272,267.00282896851917,-24.76903212133796,19.027817
4068061326213718656,267.0331804913562,-24.735090261726565,20.327124
4068061120055160448,267.02768240386854,-24.764996096652748,19.10145
4068061154413782144,267.00232830920856,-24.76882822267387,19.98459
4068061085762319360,267.01781718759406,-24.78158963448901,18.101494
4068061704173370112,267.0412802046329,-24.73343789702832,20.032679
4068061326213718528,267.03288744491715,-24.734828168185306,20.74618
4068061120055160320,267.02076469481034,-24.770274604093892,20.514408
4068061154413782016,266.9989095851434,-24.772643505455054,20.005949
4068061326213718400,267.0345996842947,-24.73417456265123,20.26395
4068061120055160192,267.0203547918595,-24.769902513871312,19.751137
4068061154413781888,267.00786941292506,-24.76471742740939,18.361452
4068061120055160064,267.02026629611805,-24.770376571250534,20.009356
4068061532375643648,267.0296009312751,-24.72833443513384,20.84676
4068061120122058112,267.01790049449164,-24.77376177716126,19.43185
4068061635518396416,267.05591825342424,-24.742323355241098,20.762224
4068061223134374912,267.0335295983096,-24.76244247900918,19.574478
4068061601091825024,267.0196657978562,-24.717326895801595,18.995764
4068061154413781376,267.00030456149125,-24.77158845231052,19.691664
4068061188773519616,267.0092208544229,-24.76468585682839,19.789305
4068061188774768256,267.0115974466194,-24.749496996100767,20.34696
4068061188773519360,267.0092055323638,-24.765160870455702,19.976738
4068061120055159168,267.02367507508364,-24.768801171438554,19.865847
4068061360573459712,266.99547402007397,-24.76065047288724,20.468027
4068061120055159040,267.02393456953814,-24.768915018123657,19.84451
4068061154413784704,267.00544276164743,-24.765136962373273,19.623394
4068061566732145664,266.99234960320797,-24.727899921177624,20.261234
4068061188773522944,267.0081562339374,-24.76282235977844,19.93396
4068061665498807552,267.06750089070573,-24.731376951230263,15.631318
4068061188773522816,267.0078297327819,-24.762499834077992,19.248032
4068061601091823744,267.01648088268314,-24.71967525488287,20.42715
4068061188773522560,267.0081090132188,-24.76334483580971,20.106771
4068061291853895168,267.02332913006893,-24.755510981620123,18.261122
4068061360573458816,266.9986984506396,-24.758584832342905,20.099316
4068061154413783936,267.0014409601808,-24.769260918167095,19.771755
4068061704170842112,267.03940820842047,-24.730547165510426,18.19939
4068061154413783680,267.0028079780313,-24.76839271768821,19.5791
4068061154413783296,266.99719820692786,-24.773299364342492,20.253227
4068061154413783552,267.0033392891864,-24.768430540279258,20.673443
4068061154414941056,267.0058288635994,-24.76782534294453,20.568521
4068061326216246784,267.03204809203055,-24.74015542140567,19.276266
4068061154413783424,266.9968601708648,-24.773881538076765,19.445671
4068061601091909504,267.0069281588423,-24.715050465739765,20.720135
4068061291853894144,267.0253005251927,-24.754446707935568,20.33745
4068061291856508800,267.0173964867141,-24.750293860998248,20.482792
4068061291853894016,267.02577370849434,-24.75444359134731,20.697577
4068061704170886400,267.0470883596296,-24.718852464778287,20.329187
4068061704170886528,267.0429492571639,-24.72167148371177,20.014437
4068061459340371456,266.9856863860191,-24.73418045403184,17.896217
4068061493700109696,267.00994982837625,-24.733497955417505,18.41548
4068061910329344896,267.041721112503,-24.718888741714718,20.843664
4068061223134402688,267.03028319284783,-24.754587345471364,19.539322
4068061463652916992,266.9916682198473,-24.730412555316864,20.052345
4068061566732131968,266.9985816561326,-24.725620300275146,20.031073
4068061188774681728,267.01523709549156,-24.76062937806084,20.046028
4068061704170885120,267.03996242721996,-24.723966774501818,20.667194
4068061291853896704,267.02752419763885,-24.75214277691849,20.026836
4068061910329353088,267.0406710912041,-24.717887681140887,19.390846
4068061154414942976,267.0077935422132,-24.765819031906585,20.169464
4068061566732131328,266.99321177663643,-24.729436662567352,20.250074
4068061360573504896,266.9841159233441,-24.761922367363532,20.829275
4068061257561272832,267.0470036266343,-24.75443234569907,16.70961
4068061601091869184,267.00872057255566,-24.718758195564615,20.113274
4068061120122319616,267.0294226395569,-24.766370933043035,18.075739
4068061154417541760,267.0060474012,-24.76849912718297,20.144646
4068061188774676224,267.01586002936165,-24.761749393515224,20.117348
4068061463652919168,266.98097131238063,-24.737466526752893,20.361673
4068061257494152832,267.04471877404893,-24.74185233653775,20.63011
4068061188774675968,267.0174781747141,-24.76066604596302,20.275698
4068061704170887808,267.0422332968361,-24.721949687007104,20.838625
4068061223134414208,267.0324772604433,-24.750331877896176,20.890175
4068061498012457216,267.0151787088178,-24.740396003529796,20.194832
4068061257494152320,267.0466275483632,-24.74074890016261,19.969461
4068061566732171520,266.99865360147277,-24.720703175558178,20.940022
4068061394933237504,267.00524988526894,-24.74807789683194,20.01544
4068062185207462656,266.9765350490526,-24.73593271182873,20.4515
4068061635451273856,267.04828424576544,-24.73950181428695,20.15921
4068061257494151552,267.04419856670233,-24.74244784478332,20.218538
4068061566798975616,267.0027516999976,-24.718963937701712,19.680716
4068062219565713024,266.9743693766892,-24.729713864459818,19.884037
4068062185205974912,266.9721723275678,-24.731291897954243,20.09486
4068061566732124544,267.00170725732517,-24.72459780852006,20.77553
4068062219565713152,266.9728404525154,-24.73097191997919,19.06936
4068061360573498240,266.9959238942758,-24.754669635489137,20.556486
4068062185205974144,266.97119431982486,-24.732987631891124,19.808306
4068061394933236480,267.00829030748173,-24.74611943808197,20.005411
4068061566732172672,266.99624143963047,-24.722273621755942,20.636293
4068061326213759616,267.03066820073957,-24.73073236687273,21.032928
4068062185205974272,266.96824383612176,-24.735158462112537,20.087177
4068062185205973632,266.9649868903315,-24.73883658481312,19.235046
4068061291853892864,267.0230715061508,-24.756188211410596,18.874128
4068061188774677632,267.0180138227736,-24.75969604115929,18.20593
4068061669811014400,267.0630098941661,-24.72873679950479,20.219343
4068061704237885824,267.04735952270255,-24.72997299990947,13.649509
4068061498012454656,267.0140335447885,-24.74185213350586,20.483704
4068061704170884992,267.04019433019386,-24.72406279757526,19.832603
4068062219569533696,266.98006374817,-24.726606284495695,19.212194
4068061669811014144,267.06081252310486,-24.73033478850048,20.411503
4068061394933239168,267.00282150965995,-24.749600420876718,19.983644
4068061532372192512,267.02636133763656,-24.733377709241505,21.013857
4068061566732126848,266.9944154405591,-24.729313762382496,20.915781
4068062219569536640,266.9800985097788,-24.72542397296974,19.920668
4068061291853903744,267.02364281391135,-24.752569757342297,19.834923
4068061257496760960,267.0426154343027,-24.739314462012857,19.131056
4068061463652911104,266.98776618184877,-24.733979287494414,20.619986
4068061085762341632,267.0188419369111,-24.78026487756452,17.166187
4068061085762342656,267.018190181724,-24.7798269213731,17.97085
4068061394933237888,267.00147108470884,-24.750110334148324,20.62089
4068061394933249920,267.00368362343244,-24.747499430404442,18.04141
4068062322648750976,266.98658552511245,-24.72108940882079,19.682123
4068061085689817216,267.014759471027,-24.77583573816189,19.025124
4068061188774687488,267.01613605512165,-24.758619240045054,20.2767
4068061635453884160,267.05379100880833,-24.73068854911468,19.986286
4068061291921023488,267.0250064817974,-24.747121452046887,19.952755
4068061188774687232,267.0167487468251,-24.758263385241726,20.076216
4068061257494163840,267.04237384536873,-24.74063479588187,20.608913
4068061291921023616,267.02070632423846,-24.750360837810575,19.651411
4068061154414948608,266.99630202329206,-24.772423898915743,20.414852
4068062322648745600,266.98855212587927,-24.72189935583014,19.735798
4068061188774686720,267.0190652881734,-24.75672930939753,20.635517
4068061360573510656,266.9836909508198,-24.761426559098002,20.471474
4068061704237884416,267.0432549080733,-24.73409491715124,16.605234
4068061360573510528,266.9876152250648,-24.758722827175998,20.801193
4068061154414952192,266.9959787101656,-24.77199154688721,20.236935
4068061120055185792,267.01853824669445,-24.763056852642862,18.134533
4068061188774690432,267.0139189858272,-24.759611125484167,20.40289
4068061188774690304,267.0142928215205,-24.759685636177213,19.603342
4068061085762344576,267.02089196830974,-24.777345481982465,18.58349
4068061257494166912,267.0445413770117,-24.738504641878862,18.942274
4068062219569529856,266.9789058419234,-24.729140429131512,19.528744
4068061566732140288,267.0026485942605,-24.72193523067884,20.908514
4068061257494166784,267.04461471832946,-24.738875786150718,19.435896
4068061394933248256,267.00728609234017,-24.745324031328433,20.37871
4068061291921024768,267.0247505600755,-24.745547925775526,20.32319
4068061085762344192,267.0182846061889,-24.778259760750426,16.151047
4068061463652924800,266.98401226215674,-24.734862950956597,20.267344
4068061463652924672,266.98367492417754,-24.734934361566058,20.388037
4068061085762343808,267.0191363157574,-24.77760174766628,17.554811
4068061463652924544,266.98318298678726,-24.73448126363907,20.935356
4068061188774689280,267.01992461637843,-24.755580402408285,20.315338
4068061085762339072,267.01952001631133,-24.778544584297432,16.633505
4068061188774665600,267.013952700762,-24.76534304240769,20.737438
4068061291853904128,267.03168767692955,-24.747817928751363,19.471771
4068061120049554048,267.0183834613737,-24.772111203405615,19.82261
4068061085762343040,267.01612656743066,-24.779368178543475,18.258091
4068061154414945920,266.99857781569153,-24.771352156926596,20.799356
4068061291853899264,267.0268502808519,-24.75185157669574,20.653902
4068061120049554944,267.01827469148697,-24.772752155986634,19.303642
4068061120122084608,267.02084322338044,-24.77650073614843,17.647253
4068061120122084480,267.02070225451564,-24.776090889077285,17.368488
4068061498012460928,267.0113266182605,-24.742787468786783,20.825268
4068061120122084352,267.02589295409825,-24.77391849325916,19.189018
4068061188774683392,267.0134288281978,-24.761308247117654,20.172468
4068062322646474752,266.98813810604923,-24.72135919717806,20.118952
4068061120122084224,267.0257031088019,-24.77439459021989,18.336002
4068061120122084096,267.0251961101097,-24.773663491927042,18.92953
4068061154414944768,266.99913394298216,-24.77119633648675,20.46892
4068061704173385856,267.04726916848034,-24.71984592700008,19.717499
4068061188774683008,267.0119135891289,-24.76253413234229,20.01568
4068061085762345344,267.0175234172796,-24.778487765574745,17.511086
4068061532374694144,267.0238031911443,-24.735938668287634,19.484804
4068061635451285248,267.0465832967501,-24.73781934919445,20.110588
4068061085762344960,267.0174812131972,-24.77870344312122,17.909254
4068061085762340608,267.0166707993658,-24.781398531725866,18.11207
4068061188774686208,267.0123182691874,-24.76156796183401,19.988132
4068061704170889472,267.03825811032493,-24.72438937459642,20.375702
4068061085762340352,267.0176264310384,-24.78257317798125,17.348246
4068061188774685952,267.02011175052655,-24.756208574589923,20.44672
4068061085762340224,267.01549969214904,-24.779740319280652,17.136396
4068061085762340096,267.01537773149875,-24.779839398841926,18.266457
4068061635451284608,267.0541464338791,-24.732718182021042,20.207018
4068061566732135552,267.0025980439571,-24.7223751221261,18.902147
4068061085762339584,267.0182656309496,-24.78156016164247,18.086777
4068061394933247488,267.0026507234591,-24.748669998183388,20.3397
4068061669811022464,267.06249986189704,-24.726989358355652,20.433111
4068061085762339456,267.01827822858417,-24.78131216244516,18.285957
4068061394933247360,267.00221155110285,-24.748730400194237,20.439081
4068061085762339328,267.01834201834646,-24.78119085029594,17.640768
4068061394933247232,267.00283608140603,-24.748368691432834,19.384098
4068061188774684928,267.0117524904195,-24.762071657462716,20.772648
4068061085762342784,267.01857493596447,-24.77960303178675,17.468784
4068061326216262400,267.0245016332295,-24.73675457429548,19.180628
4068061085762342528,267.01824460616706,-24.779469583621125,16.644485
4068061257494140288,267.04273354354814,-24.746028127411194,20.297026
4068061669811000448,267.06517115959383,-24.73069014132316,20.978472
4068061120122322048,267.02081083004157,-24.76419714796338,20.16388
4068061326213748352,267.0306461437478,-24.73225354513526,19.957245
4068061635451261440,267.05086388245553,-24.740748459581088,18.722927
4068061463651456896,266.9819869533387,-24.739588178749234,18.973612
4068061463651456768,266.981962518323,-24.7393941332128,20.48413
4068061223201538944,267.02549440143827,-24.75880108498968,18.641468
4068061257494139008,267.0457030684764,-24.744331131883417,20.464598
4068061738533112192,267.0547927792272,-24.721467176541125,19.782341
4068061429291718272,266.97466363651307,-24.74595289860096,20.423037
4068061429291718144,266.979633742055,-24.741742873635808,19.65932
4068061085762340992,267.0189817159901,-24.781073123212394,18.478926
4068061429291718016,266.97799777334126,-24.74370473870497,20.266161
4068061188774665984,267.01446106749734,-24.765207038173827,20.845465
4068061429291717888,266.98147107635907,-24.741141397695195,19.42898
4068061669811003264,267.0640282369252,-24.730912497044557,18.103252
4068061566732054400,267.0075635814702,-24.729814008067486,20.739828
4068061085762353024,267.01875120006815,-24.77866677138928,17.177237
4068061188774665856,267.0146959643605,-24.764807989096372,20.173689
4068061188774665728,267.0140295066046,-24.764940068999813,20.437687
4068061429291717632,266.9755201002881,-24.746346560720553,19.210573
4068061291854008704,267.0229920471697,-24.73769035218945,20.887028
4068061085762352640,267.01881082274156,-24.77898062317619,15.997274
4068061429291717376,266.98040134797293,-24.742473996748654,19.297716
4068061326213746944,267.03544807056016,-24.72908054488729,20.659863
4068061085762352512,267.01692977602363,-24.777135182437057,19.394306
4068061429291717248,266.97637399935445,-24.74606993981225,19.727602
4068061120055188608,267.0209081470197,-24.76079200813053,20.552277
4068061223134403584,267.0274535610653,-24.756389590607075,20.409441
4068061429291717120,266.9789410665206,-24.74415614810098,19.962246
4068061085762352256,267.01688987270995,-24.77688284857407,19.11007
4068061429291716992,266.9720308023453,-24.751039575524175,19.68006
4068061120055188224,267.0176097255083,-24.763188325249146,20.13812
4068061085762352000,267.01806678593863,-24.77666035614148,18.21031
4068061429291716736,266.97438457982537,-24.749042038491986,19.687237
4068061085762351872,267.0181661400005,-24.776370347606015,19.186108
4068061429291716608,266.9747356695404,-24.74911266687422,20.541775
4068061120055187968,267.0160067074889,-24.76434477297444,20.279957
4068061085762351488,267.0196219381229,-24.778382515235965,17.496088
4068061429291720320,266.9800209788496,-24.7384256787326,18.378475
4068061498012441600,267.0205227206114,-24.73904885727422,20.349628
4068061291921021952,267.02521538563894,-24.748570164339437,18.744587
4068061429291720192,266.97297847916155,-24.744694615263942,19.957954
4068061532372313728,267.0174398401209,-24.723230797621085,20.323975
4068061463651458432,266.9815631166483,-24.737412272736382,20.00139
4068061085762351104,267.02002884075216,-24.778176196357226,16.355272
4068061429291719936,266.97398937061047,-24.74433156377124,20.072262
4068061635451258752,267.05853023647575,-24.73594651753474,19.058603
4068061463651458176,266.9834542114378,-24.736295855474143,19.97438
4068061394933225984,267.0003456417671,-24.752999020011565,20.658218
4068061429291719680,266.97742657665833,-24.74209432415856,17.947527
4068061120122093184,267.02293149678104,-24.773392187500676,17.982029
4068061669810996480,267.06514126284776,-24.731567298247874,20.222013
4068061704237883264,267.0526355301884,-24.728463669659863,20.837013
4068061188777297024,267.01460833215657,-24.75017617879057,19.676607
4068061429291719424,266.9788332974111,-24.74133634748018,19.461807
4068061120122092928,267.0198202423759,-24.775200459964324,18.45281
4068061223134397440,267.027364866646,-24.757756350993365,17.894827
4068061085762354304,267.0176093461616,-24.777748274150625,17.041166
4068061223134397312,267.0277421057036,-24.75760085215261,19.475239
4068061635451257600,267.0532607815916,-24.739887131383743,20.263174
4068061085762360960,267.0216403162356,-24.779069012051238,17.875687
4068061120122099200,267.024495958383,-24.774344875680168,19.287622
4068061498014974976,267.01084252089976,-24.732568612166183,19.850286
4068061120122098560,267.0194807391598,-24.77240309142797,17.896935
4068062322713223808,266.99659689482996,-24.71983324980101,17.66532
4068061085762360064,267.01723766492086,-24.773373575424227,19.34929
4068061326213697792,267.0283566287059,-24.741534602210482,20.599272
4068061085762359808,267.0169786262465,-24.783279388606584,18.373259
4068061631143094272,267.05835780746963,-24.737487450349516,19.577642
4068061631143094400,267.05929727116944,-24.738256352637528,19.328522
4068061291853921408,267.02793465425935,-24.74722335915398,20.499266
4068061188774705920,267.0070965465352,-24.761696819971718,20.465195
4068061188774705792,267.01561245008463,-24.755911178123682,18.581636
4068061223201536512,267.02706687209843,-24.76074660174411,18.471207
4068061498014977152,267.006215734552,-24.73417274945408,19.446594
4068061085762362880,267.01696260133696,-24.777905630822875,17.87075
4068061669878135680,267.0640929208656,-24.73458327912519,18.140593
4068062219567241472,266.98543229826436,-24.72461567957036,19.703878
4068061223201537280,267.0370685257338,-24.75269085582178,18.302387
4068061120122100480,267.02085341081204,-24.771663410575417,20.011047
4068061120049543552,267.0183241372848,-24.772426874130307,19.69631
4068061291853915520,267.0249100275285,-24.750370368027955,20.270712
4068061257561276032,267.04805828786334,-24.744904326534602,17.179922
4068061291853915392,267.02445326938306,-24.7504908022129,20.569418
4068061120122100096,267.02100457510574,-24.772219195548608,19.368593
4068061120122318976,267.02382132074564,-24.771197399748875,18.631804
4068061394933325568,266.99327464930093,-24.74451157435072,19.008585
4068061291853914880,267.0314585718362,-24.745927691439437,18.80036
4068061532372205696,267.031090310076,-24.72829766890304,20.71495
4068061910329397376,267.0289994572327,-24.720635495025117,20.573626
4068061566734464256,267.0096928032842,-24.726018307193332,19.9323
4068061085762356736,267.0167778966037,-24.77576761086386,19.389229
4068061085762356608,267.0165168034694,-24.776344550006886,18.368727
4068061394933322240,266.9969870404928,-24.742604002634774,20.72849
4068061188774699136,267.0175143381617,-24.755697773150484,20.129026
4068061085762356480,267.01678291151245,-24.776334598239913,18.786215
4068061188774699008,267.0171856537288,-24.756008842772598,20.847832
4068061257561273472,267.04819044353536,-24.751831885311745,16.42543
4068061085762356096,267.0191055666727,-24.77562429987881,19.066488
4068061635518395648,267.059110500275,-24.744091198865778,12.69939
4068061154414964352,266.9938306939031,-24.771380133293444,20.692188
4068061120122103424,267.0230427626729,-24.77545852815667,18.42588
4068061120122103296,267.0216998343899,-24.77417637712652,19.398407
4068061326213655936,267.03253512611263,-24.744703043816923,20.275532
4068061085762355328,267.0179691571529,-24.775410698492127,19.24096
4068061120122097408,267.0204940429507,-24.77192925035434,18.719027
4068061085762358784,267.01810516665364,-24.782458574354575,17.611767
4068061188774762752,267.00807602989755,-24.752768896001257,20.133217
4068061188774701312,267.01027571863483,-24.7601949173861,20.726984
4068061120122096896,267.01978554762997,-24.77336827019264,19.387741
4068061326213654528,267.03427577470745,-24.743691441135446,20.328457
4068061120122096768,267.01969377707394,-24.77381625840512,19.568659
4068061188774745856,267.0029281375824,-24.75887834812371,20.549042
4068061291853978112,267.02185210258176,-24.743230338012236,20.621002
4068061085762357888,267.01395104207364,-24.778475714351327,17.392494
4068061223134365312,267.03445487983845,-24.76520721659204,19.58849
4068061120054024064,267.0151654198009,-24.770589683467836,20.265387
4068061120054023936,267.01486574009755,-24.770451189255727,20.175005
4068061085762357632,267.01239360559777,-24.778293579845958,16.374939
4068061085762357504,267.01202928418076,-24.778410916572813,17.250973
4068061085694285440,267.01008078213187,-24.775253721962756,19.574137
4068061085694285312,267.0135333289807,-24.772338581154447,19.775963
4068061085694285184,267.0131786908517,-24.772078808754113,19.76639
4068061085694284928,267.0060730967373,-24.778785736247183,19.903978
4068061704170820224,267.05193273706624,-24.725238138103066,20.211967
4068061120054023168,267.017081224558,-24.769353273592028,19.755367
4068061291853959552,267.01723646068723,-24.749204279705896,20.100107
4068061120054023040,267.01694536412015,-24.769848049645443,20.50839
4068061120054022912,267.0166289621135,-24.76948236763699,20.115736
4068061326213697664,267.0284169271666,-24.74113194947675,19.192348
4068061120054022784,267.0163510571907,-24.76939984744434,20.187466
4068061085762368768,267.0210611716455,-24.776965754293702,18.391548
4068061326213701504,267.030081090512,-24.739840116208185,20.929016
4068061566734459520,267.00225052114234,-24.733882641487327,19.86607
4068061257497413760,267.0486026701964,-24.747705231682357,21.029724
4068061120054022400,267.0174937084212,-24.768920684653924,18.967766
4068061120054022144,267.01809252205845,-24.76885475627492,19.694336
4068061429293081856,266.97914341058254,-24.751926765615305,20.875284
4068061085762368000,267.013392870077,-24.778491826088523,18.764635
4068061532374720512,267.0156799479003,-24.725328343096493,19.635546
4068061532372297216,267.0211146251649,-24.722897300966682,19.985535
4068061085694287488,267.00772895328845,-24.775134328009575,20.34712
4068061085762367616,267.0176067044837,-24.77440242207934,19.162624
4068061085694287232,267.0056146536998,-24.77819724981973,18.921373
4068061085694286976,267.01116565142047,-24.774257134736093,20.586233
4068061291853961600,267.0180605520909,-24.74832688828431,20.188578
4068061085694286592,267.009296720904,-24.775437704445668,19.615355
4068061085694286464,267.009042282883,-24.77487470491001,17.285149
4068061085694286336,267.0093633808742,-24.775039467673867,20.201885
4068061085762370560,267.0142495235585,-24.775689782019526,16.144737
4068061085694286080,267.0049000790666,-24.77933666051254,18.272408
4068061120122108544,267.0222241179703,-24.777683850193736,17.33546
4068061566734461056,267.007495751141,-24.729290105365486,19.626577
4068061429293088000,266.9818201942109,-24.749396138677383,20.141909
4068061120122108416,267.02281929867235,-24.777697071303322,18.432522
4068061257561718272,267.03998783327944,-24.750455901271007,20.623909
4068061566734460928,266.99894231771685,-24.73523989053918,19.48422
4068061528081699712,267.01845839497975,-24.72811972210761,17.759705
4068061463652826624,266.98926414615926,-24.744231922654755,20.287554
4068061463651459456,266.9809298393122,-24.736738940834268,19.84789
4068061085694281344,267.01408635010074,-24.773008307500493,19.79661
4068061528081699584,267.01721890561555,-24.727603642834772,18.176485
4068061120122108032,267.0202940839795,-24.77573905396241,18.839977
4068061085694281216,267.0144426383678,-24.773100492893256,20.263594
4068061704170816256,267.0511927504762,-24.72617594379994,20.419128
4068061085694281088,267.01494891721006,-24.772253461692156,19.598206
4068061120122103680,267.0186099061691,-24.77402370144823,19.214594
4068061085694280960,267.0147382692078,-24.772187338782462,19.174212
4068061085689798016,267.0157237369484,-24.782203774227817,19.114344
4068061528081699072,267.02433010401893,-24.731206444956626,18.653795
4068061085694280704,267.0145249081002,-24.771669966086215,19.60002
4068061085694280576,267.01405917753584,-24.771803856356698,20.404026
4068061704173392896,267.04295483766373,-24.718564093307588,18.989979
4068061120122103040,267.0217769249889,-24.77388664478486,18.32395
4068061704173392640,267.04377472400387,-24.718389029691814,19.666193
4068061085694280064,267.01060360565907,-24.776046258591123,19.77441
4068061291853958912,267.02074914958786,-24.746820005228354,16.972391
4068061532374700544,267.0270277726337,-24.730095653778605,19.647902
4068061120054018304,267.0168009162522,-24.771027173255554,16.943357
4068061154415005312,266.99848845294974,-24.76221924810383,20.482895
4068061120054018048,267.0159195682901,-24.77107990733122,18.955185
4068061394935746688,267.0067788359079,-24.744321834649707,19.387398
4068061394935746560,267.0068908052042,-24.7439741151493,20.995047
4068061120122102144,267.02192875018727,-24.773763544384604,17.456934
4068061085694283520,267.0129726270584,-24.772927089361527,19.377417
4068061498014965632,267.01040322959244,-24.7382019580458,20.877804
4068061704170818560,267.0494997446805,-24.727198462715695,20.71942
4068061120122102016,267.02122326647924,-24.77317372813626,20.088379
4068061085694283392,267.0076779050808,-24.777576990941213,19.552176
4068061120122101888,267.0211371755877,-24.77374363403369,17.713228
4068061120122101760,267.02363663260076,-24.775322210867444,18.874424
4068061704170818432,267.04918400428636,-24.727230332341183,20.248539
4068061910331825792,267.03994451852,-24.718284997120175,19.478268
4068061291853957760,267.0245933892143,-24.744434612582666,20.048399
4068061085694282880,267.0121338981635,-24.774370620255077,19.79308
4068061120122105472,267.0206140723771,-24.774981280534412,19.165264
4068061085694282752,267.0130707301859,-24.773508982408938,19.32373
4068061085694282624,267.0119371134831,-24.77395878480323,20.107166
4068061085694282496,267.0119073381828,-24.773655130825535,19.853928
4068061498014964352,267.0100212803085,-24.739980468034023,19.735157
4068061115764835968,267.02950234577594,-24.763590559992927,19.2779
4068061566735061120,267.0102181825105,-24.726524207120193,20.563334
4068061085694281856,267.00957128388086,-24.776633029895955,19.422733
4068061120122104448,267.0231282742798,-24.776445735072798,18.93454
4068061085694281728,267.0090379090355,-24.77639728581682,17.974245
4068061188774753664,267.0099646273291,-24.75291506737872,20.718302
4068061394935748736,266.9977144050118,-24.7492095912287,19.675968
4068061120054032128,267.0132343277053,-24.769293154182854,19.64697
4068061394935744256,267.0057753656979,-24.746339187830387,19.24874
4068061085694293504,267.00871037255354,-24.773245830302226,19.414827
4068061085694293376,267.00336231459175,-24.77818696318558,19.487144
4068061498014959104,267.0176876385542,-24.738442157765597,19.525654
4068061532374697344,267.0273554542222,-24.731892937773665,19.326899
4068061532374697088,267.0217651629054,-24.735893852581484,19.823038
4068061498014958592,267.0198894706379,-24.737224115381608,19.80834
4068061085694292736,267.0047262496477,-24.776420346723203,20.368004
4068061498014958464,267.0203687708397,-24.736920398706797,20.017946
4068061085694292608,267.0051928311135,-24.776474123033182,19.3192
4068061532374696448,267.0257676400343,-24.73328129095249,19.940996
4068061085694292224,267.0063945408109,-24.77577893623425,19.3475
4068061429293073408,266.9852095920986,-24.748971804277122,20.145178
4068061085694291968,267.0130334448397,-24.770586640264497,20.220245
4068061085694295936,267.011192108593,-24.769654089453727,19.516756
4068061635451251584,267.05186760533223,-24.742605073331244,20.311657
4068061085694295808,267.0035410767712,-24.776218278948367,18.301643
4068061459362220928,266.9988029581497,-24.73569644066943,15.133639
4068061562441435904,266.99486048807023,-24.730000241705987,19.163961
4068061532374699776,267.0205438103885,-24.735013564580175,19.802355
4068061085694295552,267.0077260775308,-24.772550006874294,19.681353
4068061085694295424,267.007460912385,-24.772607929821483,19.425291
4068061291853970176,267.01880529002096,-24.746667763689903,20.209152
4068061085694295296,267.0077864546161,-24.771830231775574,19.63815
4068061154413771904,267.00743285431514,-24.771768784490583,19.79532
4068061704170830464,267.0493891744871,-24.725567120936848,20.402802
4068061085694294912,267.00995046752354,-24.771132982507385,19.622074
4068061218844051456,267.0274660788915,-24.76136780429854,20.333082
4068061120054033024,267.01388367152447,-24.767597766246233,19.998686
4068061120054032896,267.0134886069391,-24.767875609427744,20.364532
4068061085694294400,267.00580231830537,-24.774968116837954,19.547941
4068061085694294272,267.00668146353235,-24.774246612263074,20.261168
4068061704173390464,267.0385808889164,-24.722856247411322,19.37583
4068061115742896640,267.023182449585,-24.77075162385968,13.85892
4068061085694294016,267.00957115133673,-24.771617415618127,18.723051
4068061081383158144,267.0134881865835,-24.774303705879042,12.629937
4068061085694289792,267.012710084231,-24.771534541878992,20.665785
4068062185207520512,266.9722200149417,-24.732378800243023,20.781914
4068061120054027776,267.01466499776166,-24.769409981858775,19.217524
4068061120054027648,267.014288555024,-24.769675332305532,19.869726
4068061120054027520,267.0139346516526,-24.768929783265396,19.978214
4068061910331831552,267.0302269105491,-24.719978932980258,19.481249
4068061601091838464,267.0156934416339,-24.7183009086968,20.553593
4068061910331831680,267.03045707405767,-24.72035893112944,19.204079
4068061120054027264,267.0141851283746,-24.76889515079526,19.925436
4068061910331831296,267.03456609167927,-24.717748386954685,19.606667
4068061532374709120,267.0206442412872,-24.727491321863024,19.65578
4068061085694288512,267.0100192565515,-24.77360237021708,19.732279
4068061394935755520,266.9958632735832,-24.744904580292662,19.470453
4068061085694288384,267.00471168269087,-24.77832336325613,19.298044
4068061120054026496,267.016432708486,-24.768080138168514,16.837301
4068061326213705344,267.0391436141384,-24.733045273282073,19.54124
4068061120054026368,267.01620414572295,-24.767633491994726,20.39165
4068061532374708480,267.01996643101626,-24.72824858454554,19.487614
4068061085694291840,267.011766444532,-24.7713710144601,17.42121
4068061532374712192,267.02259207121244,-24.724727752434703,19.966692
4068061081383159808,267.00847209940014,-24.774597264363717,18.21375
4068061085694291456,267.01142977610846,-24.771892178429688,19.726006
4068061085694291328,267.01113752843764,-24.77185603737843,19.949783
4068061326213704192,267.0360681900461,-24.73539819442422,20.403992
4068061085694291200,267.01137674061033,-24.772214106393474,19.132162
4068061085694291072,267.0084310303539,-24.77416733448946,19.59106
4068061085694290944,267.00810280244843,-24.773860243923448,19.506208
4068061326213704064,267.0359303717236,-24.735244188373215,19.94361
4068061085694290816,267.00766157481263,-24.773772320468442,19.036472
4068061085694290688,267.0074220526906,-24.773762091536984,19.514671
4068061291853965312,267.026814986365,-24.74180796790759,20.173285
4068061085694290304,267.01050690090136,-24.772757916012253,19.086372
4068061115742909184,267.01739647152095,-24.765188249673166,17.759785
4068061085694290176,267.01103881586306,-24.77290282632788,20.420986
4068061291853944448,267.02624054912906,-24.74493490425493,20.340607
4068061326213682688,267.03451799363546,-24.73924822204898,20.094355
4068061085694289920,267.0123845877297,-24.770922623735046,18.411947
4068061085694269312,267.01251968780826,-24.777133447956395,19.209646
4068061291853943936,267.0173762380488,-24.75117426674911,20.834278
4068061115742908544,267.029202954927,-24.76468403648159,18.486826
4068061291853943680,267.0220623659628,-24.747990377699484,20.120556
4068061085694268800,267.01214000958237,-24.777797347039233,19.54001
4068061910331827840,267.03134970207907,-24.722726364601158,19.605326
4068061085694268672,267.01128266522215,-24.777735858902304,19.918587
4068061085694268544,267.010465136717,-24.77764093414315,19.323103
4068061566732106368,266.9993788780198,-24.728821194925107,20.208645
4068061188774727936,267.0148332990038,-24.7535027925507,19.546124
4068061188774727808,267.01525976978076,-24.75255441201446,19.095045
4068061085694267648,267.01113766618903,-24.779396437350893,17.155172
4068061394935750784,267.0042285960002,-24.74263526479802,19.666573
4068061498014965760,267.01046657242165,-24.738604016847965,19.856417
4068061085694271232,267.0130672904945,-24.775312617623623,18.943802
4068061184462387200,267.0117999576694,-24.764654484878747,13.624359
4068061085694270592,267.0092919844953,-24.779712258186205,17.559513
4068061085694270464,267.0093863093641,-24.779253933526643,18.090015
4068061154414991744,267.003377970376,-24.76064114712764,20.344967
4068061085694270336,267.00926997292726,-24.779166562009486,18.604637
4068061085689849728,267.01923535647705,-24.779071762227034,16.6962
4068061704170805376,267.04531575164725,-24.7317095226674,20.118397
4068061085694269952,267.0103847276276,-24.77912413578659,17.515478
4068061085694269568,267.0129999214833,-24.777402427612092,19.451319
4068061532374706432,267.02518607668924,-24.725988536048852,20.03703
4068061085694269440,267.01297840390606,-24.776888964563877,19.20345
4068061085694264960,267.0121250351925,-24.780343302823717,19.527225
4068061081387247616,267.00340548363704,-24.776508598669377,20.076115
4068061115760097920,267.0250075458803,-24.75988420285703,17.582546
4068061085694264192,267.0093970638176,-24.78387831457654,19.474094
4068061085694264064,267.00944928278625,-24.78361583692109,18.167706
4068061085694263936,267.0086332130303,-24.783718084389168,19.159912
4068061085694267264,267.0086086771176,-24.78173332387754,19.510632
4068061085694263808,267.0084123481493,-24.783823748694715,19.512878
4068061150102645632,267.00009296089786,-24.766587158692158,19.28701
4068061085694263296,267.0112056116754,-24.78237627688674,19.796339
4068061738530540800,267.0574263511019,-24.72388671387984,17.705341
4068061115742906624,267.0199838042187,-24.76644363437816,16.437933
4068061085694267136,267.0088538530413,-24.78141352802955,19.394773
4068061085694267008,267.008802407513,-24.78108520970183,19.95795
4068061738530540672,267.05770593232216,-24.724213582816947,19.883759
4068061085694266752,267.00810530108095,-24.782475466674256,19.445335
4068061085694266112,267.010472997983,-24.781426414713465,19.60361
4068061085694265984,267.010253883967,-24.780795512503232,19.565279
4068061566734490240,266.9943607783786,-24.723991645450205,19.128508
4068061390624892416,267.00259641078975,-24.75060380723428,18.297224
4068061085694277504,267.0088828867163,-24.778443569370335,19.963194
4068061120054015744,267.0186807082717,-24.77030336987411,19.79289
4068061493704107776,267.00322655114485,-24.736609950888543,17.472387
4068061085694277120,267.00568379393354,-24.78131613377507,20.518227
4068061120054015232,267.0179189714002,-24.77128817061918,16.920595
4068061566734484864,266.9939414469236,-24.726580384564137,19.166645
4068061120054015104,267.01801080725966,-24.771033730668353,18.616209
4068061120054014976,267.01770088863367,-24.77038595221474,19.85932
4068061394933206144,267.0032037624306,-24.754185179354618,20.499403
4068061120054014720,267.0181952601488,-24.77095114165138,19.71225
4068061394933206272,267.0009500886711,-24.755729206643913,20.913416
4068061085694276224,267.00666321557964,-24.781160043769916,19.825264
4068061085694275968,267.0095726920271,-24.778633385998596,16.688675
4068061566734483840,267.00308016040515,-24.720913679019837,19.370714
4068061085694275712,267.0095168390451,-24.77850728615592,17.291
4068061566734483584,267.0026461323489,-24.720749068456247,19.245968
4068061287545683712,267.01396337439274,-24.74560248529861,18.155153
4068061120054017792,267.0184559105198,-24.769900104330137,19.952063
4068061120054017664,267.0188339097405,-24.769739849138496,19.860247
4068061326213692416,267.03812836215,-24.735582218639028,20.235786
4068061188774738816,267.0102593927896,-24.75482900979632,17.64796
4068061493704110208,267.0059657757168,-24.740049282617832,18.489191
4068061493717205376,267.01594466820427,-24.739305658583003,18.073732
4068061463655271808,266.98584052802823,-24.731454241163455,19.294085
4068061085694278784,267.00871675011433,-24.77691833590386,16.733868
4068061085694278528,267.00931957083526,-24.777761458006662,19.05243
4068061188774738048,267.00866244822663,-24.755808561700928,18.742401
4068062215258591872,266.97612124719075,-24.729515546896813,18.869461
4068061493704110976,267.006951340483,-24.73528836197942,19.128424
4068061085694277760,267.0070607507298,-24.780239511233436,19.619547
4068061085694277632,267.008790124007,-24.77876427201391,19.522928
4068061424984608896,266.9758793517479,-24.745878508308515,18.704107
4068061120054011648,267.01791585757456,-24.77204519442136,20.10158
4068061424984612736,266.9810980407819,-24.748641172976004,19.037327
4068061120054011264,267.01908752168714,-24.771104719295558,19.791405
4068061424984612608,266.9810430073608,-24.755333932720234,18.185675
4068061394936537600,267.0028907921686,-24.744515195891495,19.490786
4068061424984612352,266.98051803441956,-24.75094539112878,19.24462
4068061738530546560,267.0568328925165,-24.723210725727487,20.762104
4068061085694272768,267.00864502940203,-24.78010312587151,19.649477
4068062219569526528,266.9877336272423,-24.725141066301305,19.731491
4068061085694272640,267.0086892108702,-24.779752058628308,19.052965
4068062215258594432,266.9802316947002,-24.724535025407103,19.021702
4068061085694272512,267.0085885126396,-24.779365995073857,19.633617
4068062322648740864,266.9994130028769,-24.71728090846955,19.599611
4068061085694272384,267.0061686063256,-24.782254859334838,19.497187
4068061326213685504,267.03792795062844,-24.736530934627243,18.62377
4068061085694272128,267.01308129076733,-24.776088000583492,18.888367
4068061704170807424,267.0516113164118,-24.727083344428966,17.869017
4068061085694271872,267.01253029611576,-24.77573819150167,18.916908
4068061085694271744,267.01165545888716,-24.77626660858059,19.650513
4068061424984611200,266.97867952390305,-24.745822033653177,18.891254
4068061085694271616,267.0113374986488,-24.776371227702718,18.42022
4068061291853950336,267.0258935376303,-24.744074800274237,20.553816
4068061085694275328,267.0100848984963,-24.77815809216861,19.343973
4068061085694275200,267.01649663391976,-24.772562763055284,19.477146
4068061085694275072,267.01587662738706,-24.772648406210163,19.405178
4068061188774734720,267.01329715972247,-24.752835866102053,20.10938
4068061120054013184,267.01690943225174,-24.77266381941358,18.250023
4068061120054013056,267.01683229156737,-24.772197202052116,20.17074
4068061120054012928,267.0168006765462,-24.771766976393234,18.228237
4068062322648742912,266.9958065136841,-24.718908602581397,19.49889
4068061085694274432,267.0159544373304,-24.772249111835425,19.841028
4068062180898850176,266.9723427971097,-24.738984682267493,19.010828
4068061704170809472,267.0439581446483,-24.731245762198547,20.219412
4068061188778114432,267.0132099325346,-24.74895939112869,20.465
4068062322648742784,266.9963466270128,-24.718288116196458,19.644289
4068061910396681984,267.0286833019885,-24.71838974723794,19.534513
4068061085694273536,267.00764834080064,-24.780681561661666,19.397919
4068061085694267520,267.0113174365612,-24.77921435663383,18.932688
4068061562423580800,266.99933005409554,-24.726445199914412,17.680326
4068061704237888640,267.04280328641113,-24.7300192068213,20.922014
4068061188774683520,267.01767916582736,-24.758360024821176,18.645443
4068061085762368128,267.01294793597987,-24.778559522770085,17.61282
4068061085689816960,267.0160069739765,-24.774717235470238,18.68321
4068061188774683776,267.01422049693707,-24.760738022618714,19.976381
4068061085689816704,267.01185517645604,-24.778287836524687,18.262209
4068061566732158080,267.00292688680065,-24.71941122137002,20.582123
4068061394933270144,267.0030733268366,-24.74549300187201,20.743647
4068061532372297344,267.0160013979398,-24.726422882026057,20.002092
4068062185207451776,266.9651027996826,-24.744986651619957,19.79339
4068061498012484992,267.0111364693721,-24.739721942785618,17.793705
4068061085689815808,267.0165788367457,-24.773425295657052,19.836967
4068061291856519168,267.01463587217796,-24.746176396651805,19.442116
4068061291853904256,267.0301997594787,-24.748504942934698,20.520742
4068061738533118080,267.05147493558667,-24.720357053669833,19.950417
4068061188774689408,267.01099705734833,-24.761730667345248,20.014698
4068062322648744704,266.9878381127317,-24.72310650857684,19.918268
4068061326280768256,267.0289981576781,-24.738135171159744,20.500101
4068061463652941824,266.9845061410071,-24.732237222099883,20.27189
4068062322648744576,266.9894926513711,-24.722205043905518,19.750847
4068061566732140160,266.9986680285633,-24.724681951728577,18.67856
4068061085762322048,267.0189898422186,-24.774864729858756,18.66799
4068061120122060288,267.0191414077346,-24.77501126229683,19.267097
4068061085689818752,267.0156012445147,-24.775491580250733,19.446045
4068061326280767744,267.03642109832305,-24.733346052688272,16.839527
4068061291853905792,267.0220803637093,-24.75391676187713,20.566938
4068061463652921856,266.98736155796814,-24.732763688187003,20.840067
4068061532372227968,267.02121031441294,-24.732132149711617,20.49607
4068061704173382016,267.0453535819378,-24.7233919982974,19.376228
4068061291856521344,267.0193101980916,-24.74151708945919,19.589024
4068061601094203776,267.0191417615089,-24.718481597702027,19.209478
4068061704237884672,267.0424598761236,-24.73439350599136,16.11144
4068061291856521216,267.0192337123793,-24.741883042267663,20.82941
4068061291856500608,267.0261213877179,-24.749904874025315,19.72563
4068061326280762496,267.0322073758106,-24.74157187660569,17.585766
4068062185205975040,266.96711333888385,-24.735186437549668,19.412584
4068061257494164608,267.0436423799431,-24.739384334894805,20.669247
4068061291856499840,267.0288517908807,-24.748603716483537,19.649805
4068061532372235904,267.0299493722599,-24.725120681060826,20.391157
4068061635451275392,267.0574829925262,-24.73269001531236,21.039833
4068061291856499200,267.0255876882,-24.75124503812998,19.767637
4068061635453882752,267.05109952988755,-24.733645839863414,20.203405
4068061704237887104,267.0452128768864,-24.72977296365028,17.632587
4068061635453882496,267.0471604358261,-24.736502037223897,19.271461
4068061291856502400,267.0223814597047,-24.750967526367585,19.606367
4068061188777287168,267.00939901339217,-24.760032599622065,19.420198
4068061188841810688,267.00928757066123,-24.75511599083306,16.139378
4068061601091911552,267.0045348239867,-24.716372166602117,20.439863
4068061635453885696,267.05564269434035,-24.728462030144286,19.469824
4068061704237885952,267.0478659231356,-24.729352350010124,20.211876
4068062185207463552,266.9655835967691,-24.74332360362261,20.682066
4068061532372234496,267.02574098459587,-24.72827236578018,20.677778
4068061910329356416,267.03203092802494,-24.723914103683153,20.5281
4068062185205974016,266.97108128913624,-24.7333146767444,20.04091
4068061738597623936,267.0547126727148,-24.724959078774145,16.571003
4068061532372220928,267.02024319995417,-24.733916755545728,20.111116
4068061085762355456,267.0179690283705,-24.77572150237534,18.76681
4068062219634005120,266.9886809582932,-24.727641295596467,16.699614
4068061635453879808,267.055781457973,-24.732985061285245,19.519257
4068062219567200640,266.9802390568364,-24.733417053707825,20.31532
4068061257494152448,267.0465555809557,-24.74062682099497,19.99456
4068061394933282816,267.0048776322437,-24.742396327983748,20.017965
4068061394933278592,266.99704841083974,-24.74831859702793,20.902142
4068061566732166400,267.0026197275698,-24.718577112053826,20.616165
4068061154417541888,266.9999894456107,-24.772691343452568,20.788464
4068061120057787904,267.0320609086093,-24.768964872808542,19.812151
4068061223137018368,267.0300476687178,-24.75188781582744,20.040194
4068062322713222656,266.9948240883791,-24.721681259009873,17.316166
4068061360573504768,266.988194842507,-24.7591299585002,20.404568
4068061291853895936,267.0254656049786,-24.75375827519234,20.216417
4068062185274269440,266.96572665811647,-24.741673457857388,20.574337
4068061635453878272,267.05381952274644,-24.735975368374408,19.668684
4068061669813616768,267.06363734953237,-24.729060253965752,19.613998
4068062185274269056,266.97373463865597,-24.7362444458415,20.759064
4068061291856498432,267.0212109273498,-24.754927576424894,19.13949
4068061635453882240,267.0570976140208,-24.729834041074582,19.727463
4068061566732168704,266.9938529744171,-24.724148561113832,20.800886
4068061910329352320,267.0429530865773,-24.716829924156293,20.888672
4068061566798977152,267.00059433565315,-24.71857016319405,16.972157
4068061566798972800,266.99921056803464,-24.72271428329036,18.924337
4068061188777282176,267.0207046687949,-24.75618668795618,19.844322
4068061463719757056,266.98804338182185,-24.731131468662873,17.517937
4068061154413783168,266.99655450069605,-24.773365959618868,19.540916
4068061321901423104,267.0291408019493,-24.731734677206134,17.949755
4068061188777293184,267.00762221500804,-24.757358802543756,19.71291
4068061154413783808,267.00549706544473,-24.76585662440091,19.897646
4068062215254620800,266.9787112812172,-24.732578490089647,17.6058
4068061326216246528,267.0354734284621,-24.738272460433734,19.548916
4068061601158709376,267.0144929220294,-24.714336352564214,18.120079
4068061154413784320,267.0029696417175,-24.767332518583505,19.69104
4068061635451279232,267.05896976726814,-24.730723752577138,20.502485
4068061463719755776,266.99123056670504,-24.73053681810746,18.301556
4068061498015903872,267.01423134619125,-24.73800058901817,20.966486
4068061154417553536,266.9932459755821,-24.768196514089215,20.406086
4068061738533109504,267.05346882820606,-24.724155270974528,19.88075
4068061699858542848,267.04153896174256,-24.732315053444786,17.551092
4068061223134374656,267.03320915017287,-24.762058457920222,17.800598
4068061601091824896,267.0203368939047,-24.717131359040216,19.749022
4068061738533109376,267.0536755556515,-24.723516314784188,19.729513
4068061463719758464,266.9867958097143,-24.730951802990862,17.471771
4068061704173370368,267.0431460494414,-24.73193966628868,19.76805
4068061085762320256,267.01628254583306,-24.775965745249195,18.637415
4068061085762319872,267.01766588402734,-24.77355830933867,18.948885
4068061085762319488,267.0165667754984,-24.773815974515458,19.68618
4068061154413782656,267.0044839594608,-24.767591519104894,19.223036
4068062185274275712,266.96941008171177,-24.733294183120538,20.145441
4068061188777294080,267.01571293797616,-24.75142216400346,19.942966
4068061326216247296,267.028794900632,-24.74175126774536,19.405699
4068061188777289600,267.01489733701817,-24.754715428382028,20.18035
4068061463652931968,266.9905380474166,-24.72934782476922,20.309834
4068061085762318464,267.0203184684054,-24.78045572317105,17.741055
4068061120055157888,267.026306685505,-24.76819122010909,18.606657
4068061601091880832,267.0130102708708,-24.714473817411207,21.161266
4068061085762318336,267.019958109466,-24.780417756627525,17.177654
4068061154413788160,266.99805579617447,-24.767639815044877,19.77115
4068061120122060672,267.0187515818615,-24.774549313902142,19.25562
4068061326216242176,267.04170671899743,-24.73682170070829,19.57824
4068061394933258240,267.005681818264,-24.745125715456116,20.124546
4068061154413788416,266.99619409269576,-24.76887043934653,19.67542
4068061463652874496,266.9851853835031,-24.740390799669235,20.903189
4068062219634012416,266.975052090905,-24.731140890043473,20.696562
4068061085695424512,267.00704860169367,-24.777925185894425,20.104456
4068061150102637440,267.00825404211975,-24.76975060984512,17.70474
4068061085762321664,267.01664035327605,-24.779966710846185,18.35234
4068061188777288064,267.0168532862161,-24.754364244341506,19.648964
4068061085762321536,267.01639447597364,-24.779755508029133,19.065641
4068061085762321280,267.0176532876766,-24.775198264434746,18.206305
4068061120055163392,267.0200153270561,-24.768212017698087,19.979412
4068062180894868224,266.96824756544794,-24.73760901064989,18.68364
4068061704170848000,267.0464972630995,-24.724805553086785,20.395435
4068061120122059136,267.01933991047935,-24.773792896403588,19.191025
4068061154413785856,267.0052634949865,-24.76284582975774,19.258484
4068061085762320512,267.01602169988195,-24.77572220517439,19.32928
4068061120055164288,267.02093135949104,-24.76764100461081,19.467896
4068061738533104768,267.05500727392456,-24.725835047576744,20.53989
4068061085695426432,267.0144694847624,-24.770894844617146,20.27391
4068061120122053888,267.0227351447004,-24.7759283810647,18.140356
4068061085695422592,267.0046942469871,-24.781094471509068,20.25568
4068061601091881728,267.0120792244545,-24.714992987625898,20.315685
4068061223134376320,267.03251314624384,-24.761636287016568,20.483936
4068061291856504832,267.02467043009875,-24.747897795812943,19.50896
4068061085762315008,267.0205703557429,-24.777648469796333,17.580214
4068061498012567680,267.01076621314473,-24.728957500414264,20.379465
4068061120055161728,267.0242546692631,-24.76689891732747,20.203156
4068061120055161856,267.02410652931667,-24.765767825662476,20.03939
4068061459340368512,266.9972986855216,-24.7366997853258,17.05655
4068061120122052864,267.02334225754686,-24.774479499692642,19.366179
4068061459340368640,266.9946012560941,-24.73495751490394,17.915152
4068061120055162112,267.02454041391655,-24.766091614378112,20.165956
4068061120055162752,267.0160354091417,-24.771735105758196,20.059364
4068062219634011904,266.9857752638793,-24.724754612489647,19.833338
4068061566732153728,267.00223718554753,-24.720434673077527,20.433754
4068061120055151104,267.0266556064621,-24.77039817516387,19.710213
4068061154481859968,267.0014859361198,-24.773952053438776,17.218319
4068061394933265408,267.00042800886905,-24.747754694550196,18.54619
4068061498012479872,267.01307228713705,-24.739133529331735,20.931122
4068061566732156672,266.99964249834807,-24.721891220682934,20.861044
4068061085762316288,267.0160349253117,-24.778444299841585,16.794731
4068062185207447040,266.97049311936775,-24.742054924971658,20.697723
4068061291853972096,267.0170090566248,-24.7476411874798,20.110607
4068062322713225600,266.9908613416364,-24.722406817529293,16.107504
4068061601091894400,267.00931929060226,-24.71534372824824,18.94218
4068061463652940544,266.9871262265552,-24.73062860056303,20.502901
4068061498012482816,267.01785784727423,-24.735512011824582,20.840153
4068061463652940416,266.9862336377781,-24.730618676771307,20.51817
4068061566798960000,267.00535066957616,-24.731001804123405,16.640434
4068061532372221056,267.03172228109275,-24.725965979713322,20.392395
4068061463652940288,266.98661556081237,-24.730747097795813,19.247145
4068061566732076032,267.00244966185704,-24.73036980441001,19.996683
4068061532439220864,267.01219134045573,-24.726849589455252,18.923382
4068061154413779840,267.0065142379031,-24.769186833245268,19.590406
4068061635451249664,267.0611230962708,-24.7368015114793,20.845152
4068061498012481536,267.01022735057654,-24.74088966638855,20.737122
4068061566798958720,267.0064945007256,-24.731175530460437,16.927568
4068061910329337344,267.0340733972697,-24.725277536801855,20.61934
4068061566732149376,266.9983038952278,-24.72369878099769,20.53725
4068061601158700544,267.02262530763403,-24.716695372085436,21.022112
4068062185274017664,266.9734336966207,-24.736789909384353,16.11148
4068061257494108544,267.0456510796989,-24.756091448394333,18.234552
4068061360572225408,266.9991346069337,-24.758228538887366,19.251736
4068061154413777024,267.00546152725235,-24.771883323511062,18.84811
4068061291853979392,267.0168277590544,-24.746503357580664,20.342808
4068061360573522432,266.9834942935507,-24.760223639492242,20.227644
4068061910396344960,267.0276013953429,-24.71381418198408,17.170135
4068061463655241600,266.99147585433747,-24.74317300131506,19.46482
4068061910396344320,267.02606606259843,-24.715970777851084,20.131155
4068061532439218048,267.0238725049435,-24.722643975961955,16.947336
4068062215254631936,266.9869430597134,-24.728437404527195,18.810036
4068061910396339712,267.03375205576697,-24.71599502413163,19.790686
4068062185207442304,266.97798680914815,-24.737355240575184,20.436707
4068061910396339584,267.0318201375492,-24.717580211228398,18.191763
4068061704170908416,267.0409805040669,-24.7201828534997,20.421925
4068061532439216640,267.02174323966597,-24.7251140175872,18.319927
4068061498012477696,267.0156509366912,-24.737752873677135,20.153803
4068061360572230656,266.9858243663799,-24.76082172124355,16.81649
4068061498079477760,267.01483370552864,-24.730258667103243,14.242479
4068061528060723072,267.02742379702056,-24.72707493340921,18.358215
4068061394933307136,267.0020318960354,-24.740915809569152,20.774527
4068061120055154560,267.0309095384752,-24.767081062209147,18.943407
4068061498012522112,267.00951284680804,-24.735757306784286,20.190855
4068061085762582656,267.0076376811699,-24.775651580388395,16.058294
4068061360572231552,266.9931627036465,-24.751806982597795,20.067484
4068061394933319168,266.99371446554795,-24.745369508873846,20.44242
4068061601091841024,267.0105988349745,-24.7216458680677,20.607094
4068061360572227840,266.99085958762066,-24.76271694755207,20.568089
4068062322646438016,266.99783008758874,-24.71891764745005,19.860376
4068061429360003968,266.98595604793076,-24.747288942430398,16.027023
4068061360572228352,266.9923213549073,-24.75966819412692,19.649551
4068061223134391680,267.0281476714765,-24.758872635295887,20.45149
4068061498079479936,267.0044829884906,-24.735663480765872,16.058311
4068061120122321536,267.02416285568205,-24.76245819073305,19.954033
4068061566798968320,266.99645815112507,-24.7303290121281,17.373945
4068061463719752960,266.9880847962556,-24.7362838667354,18.945778
4068061360572233984,266.98974900411093,-24.748219226658232,20.076908
4068061257494127360,267.0398010538912,-24.751805594379377,20.395256
4068061429291710848,266.98060357158596,-24.755750950028606,19.707638
4068061223134389120,267.0350860793608,-24.755036897807457,20.470945
4068061498012517760,267.0075763706619,-24.737543155741957,19.594172
4068061910329368704,267.0378216324846,-24.71800238656935,19.95224
4068061566798970112,266.9994732768056,-24.72551257872288,14.151101
4068062180894856320,266.97270651314705,-24.742588437702242,17.918997
4068062322646434176,266.9887684066667,-24.725489609506294,20.624966
4068061601091928064,267.00332140591036,-24.715477855488942,20.658178
4068061287541658624,267.02601870785816,-24.74185346115202,17.50561
4068061601158707840,267.0167531338702,-24.71412788665537,17.37269
4068061601158707712,267.01473236788746,-24.7157879468626,17.547619
4068061910329377152,267.036088398456,-24.718086264873566,20.523273
4068061631139041792,267.0560286429245,-24.74187602566572,16.159601
4068061223134392704,267.0267953427047,-24.75946048487074,19.041016
4068061566798963968,267.00892263562514,-24.724708226556064,20.162466
4068061498012519168,267.0108360233043,-24.735153733144355,20.787912
4068061424980614272,266.9767484394672,-24.741931614698398,19.650763
4068061566732093440,267.0005469484678,-24.730657349565895,19.545755
4068061601158701056,267.01800037681875,-24.719431249599978,16.674229
4068061223134382080,267.03928936537875,-24.754128389719927,16.856194
4068061566798966272,266.99690511674703,-24.731426281705417,18.19567
4068061253181916032,267.0434832163907,-24.743272280483737,18.229212
4068061910329389056,267.0369071996299,-24.71623701363987,20.147127
4068061493700084224,267.0123567740763,-24.745642224019495,13.073361
4068061154413790464,267.00096421070754,-24.76424949918585,18.571474
4068061120055168896,267.0270157068927,-24.76178252264698,18.989908
4068061257494118656,267.0440359491717,-24.751412713234394,18.594645
4068061424980610688,266.98367342504923,-24.742993706584222,17.231657
4068061360572225536,266.99491849270436,-24.761513675884814,20.522133
4068061906017022464,267.0340801164268,-24.7153093326706,13.254022
4068061910329392256,267.03116973633263,-24.71959830329964,20.062433
4068061566732092672,266.99657187422804,-24.732545240219626,18.72407
4068061394933316352,266.99714014471294,-24.74340443000039,20.127766
4068061085762318848,267.01880699542073,-24.776177674558483,18.341036
4068061360572226304,266.99117344946234,-24.76394503560163,20.11518
4068061360572226432,266.996098558021,-24.759840993174844,19.237148
4068061566732093312,267.0008464687643,-24.730291843351992,19.442526
4068061360573471360,266.9952315611653,-24.759048749693143,20.773857
4068062219567228032,266.9838993648235,-24.727655396713168,18.60445
4068061498079467776,267.0103797482196,-24.743352252452464,17.476423
4068061321901393920,267.029717591918,-24.743594084406,15.261916
4068061394933310976,267.0025018025446,-24.740217975180883,20.43331
4068061321901405952,267.02449752326226,-24.7382960977916,18.429363
4068061910329385728,267.0367908278976,-24.71668412936896,20.12744
4068061120055171968,267.02265697835213,-24.76370186694154,20.660578
4068062219567226880,266.9845331319968,-24.727343707515494,20.2638
4068061429293145472,266.97259260219636,-24.748134231674936,20.060863
4068061360572224128,266.99624858679056,-24.761898728813016,20.397131
4068061291853992320,267.0217030430779,-24.741072402376904,20.829388
4068061910329384960,267.0329620825428,-24.71939929805059,20.79284
4068061459340358144,266.98636737364575,-24.73969943382395,17.678701
4068061360572224896,266.99979032775923,-24.758514375942568,19.573133
4068061120055169024,267.0273431494651,-24.762041513274106,19.619856
4068061394931963520,267.00236204551857,-24.755997366923445,18.81763
4068061394931963648,267.0025365551532,-24.755513675279932,19.186485
4068061120055169792,267.015224000072,-24.76972380801235,20.351086
4068062180894866432,266.97663153039326,-24.740174325391585,19.419294
4068062185274017920,266.97346253275447,-24.734317418499668,13.665394
4068061910329371776,267.03120042378185,-24.72165706480851,20.093252
4068062180894860800,266.96535990129934,-24.740869727045425,18.808485
4068061360573551872,266.98881054807947,-24.75225841072208,20.318243
4068061498012505216,267.00817292971885,-24.73890737735359,20.191032
4068061498012504704,267.01124515204236,-24.73680280553867,21.133116
4068062180894860672,266.9693922594149,-24.74133213589439,17.145382
4068061429359772160,266.9814810066196,-24.743205947515772,19.391516
4068061463719510784,266.9821386690955,-24.73870460091522,17.31926
4068061498012504192,267.01694425931873,-24.73297314747048,20.165146
4068061493700092288,267.0080059033235,-24.741439917597464,16.8575
4068061631139045632,267.0508438732251,-24.740364798608123,18.989088
4068061321901403264,267.03606738084324,-24.739800891687914,16.816216
4068061253181926144,267.04429897438104,-24.739345936674727,16.583384
4068061498012506368,267.0154560907942,-24.733672008273178,20.486425
4068061532372253056,267.02768252871124,-24.7242551459122,21.079506
4068061390620855552,267.00482743456286,-24.749624908492855,16.527508
4068061631139047552,267.05291615895186,-24.73947214747959,17.778221
4068061498012500352,267.0107523838875,-24.737840338024803,19.97061
4068061566732176896,266.9955374615172,-24.722197271172604,18.2474
4068062322646430592,266.99469156495803,-24.722130655137615,20.863028
4068061120049566976,267.0206889409247,-24.773895335985706,17.934748
4068061910329363456,267.0409550768521,-24.71657146985244,20.988157
4068061566732044544,267.0050106127645,-24.73293329038755,20.77757
4068061287541643776,267.0317456613529,-24.747453230682037,18.22444
4068062185207478016,266.9640696425876,-24.74274795958051,20.346045
4068061532372241280,267.02663683889443,-24.726497581362683,21.014957
4068062185207476736,266.96360515989,-24.743243911692993,20.466152
4068061394933301120,266.99600778243985,-24.74592750891986,18.345413
4068062185207479680,266.9746459974501,-24.735364604800306,20.429382
4068061498012500992,267.0088001641608,-24.73905117824136,20.618055
4068061532372239872,267.01963168085933,-24.730944168192497,19.856516
4068061257497415168,267.0383382520811,-24.748102302644696,20.947947
4068062185207479040,266.9709871153773,-24.737910529251756,20.213299
4068061532372240256,267.0200522147505,-24.731238555201905,18.68299
4068061498012514944,267.00900835714504,-24.73703086150629,20.31435
4068061390620854912,267.00794540689157,-24.750118384880206,16.314276
4068061532372245120,267.02106798612385,-24.72974831760146,21.112492
4068061631139049088,267.06270804331984,-24.738633561266347,17.576807
4068061532372248192,267.0188495130634,-24.7308784645258,18.922117
4068061635453873664,267.05443156639944,-24.741677679833536,19.807652
4068062185207473024,266.97508426047,-24.735625224657596,20.691622
4068061532372247424,267.0286126915522,-24.723638034572637,19.30598
4068061424980604032,266.97143782070293,-24.746060938116944,18.232365
4068062185274017408,266.9660641188378,-24.745435566064423,17.785278
4068062185274017536,266.9715581903586,-24.740653629304045,16.196009
4068061394933293312,266.99720284627995,-24.746022738280075,21.003572
4068062185274016896,266.9676450272772,-24.746861869667963,18.416712
4068061360640956544,266.98757917318306,-24.76016797694611,18.48369
4068062185274017152,266.97173337251263,-24.742894270891973,16.475105
4068061394933297024,267.00190174752055,-24.74230939339604,19.983974
4068061429359772672,266.97685987211014,-24.739372770003726,18.29689
4068061287541649664,267.024772889911,-24.745918964166016,15.123853
4068062185274017024,266.97741636427685,-24.738127303308275,18.844503
4068061429359772544,266.97788529522336,-24.739709904195237,19.960926
4068061321901387904,267.03222946980674,-24.745344389660985,17.609951
4068061463719510656,266.9851844534945,-24.738049856296747,16.137651
4068061253181915008,267.040440102482,-24.743998781834225,18.253963
4068061463719510400,266.98747488006666,-24.739258984005787,20.315836
4068061429359771904,266.9779852921248,-24.746846689894728,17.247831
4068061360573552128,266.98205605850006,-24.75688445272682,20.302113
4068061463719510144,266.98947648150437,-24.74243306195311,16.467363
4068061085699142016,267.01132589631777,-24.785605641618705,19.644693
4068062185207474944,266.97028030763215,-24.73880581243036,20.696415
4068061085695432576,267.0068254195635,-24.77526558319515,20.218224
4068062185207474304,266.9744317344712,-24.735994293035763,20.745346
4068061085695432448,267.0065781505286,-24.774953141587808,20.100782
4068061120055170560,267.0193805478757,-24.766643628774368,20.176542
4068061223134385280,267.0306181277879,-24.759273914711702,19.919882
4068061390620867072,267.001989649293,-24.744920431097718,18.026514
4068061223134385152,267.0297289714711,-24.759065244282596,19.754175
4068062185207490560,266.96533914422696,-24.740325363931678,20.425282
4068061085762358272,267.01566735880454,-24.77896398150496,18.83691
4068061223134384640,267.032913878578,-24.757598311574956,20.65674
4068061669810983552,267.067250873875,-24.733824025406346,18.471718
4068061223134384512,267.0329211170398,-24.758082785371656,19.801546
4068061463652881152,266.9873273768219,-24.7383169016637,18.701458
4068062219633756160,266.97599628562665,-24.733222967164348,19.733503
4068061360572225024,266.9955127534901,-24.762040177728412,19.763597
4068062219633756544,266.9741070808333,-24.7294967535517,17.153212
4068061326213731200,267.028314524156,-24.736378566130135,20.027859
4068061704170853120,267.0388683043398,-24.72913449408661,17.847868
4068062185274018048,266.9693911129266,-24.735040237268535,13.992022
4068061424980599936,266.9824048938821,-24.74707906673375,18.18984
4068061979048955904,267.02156537911173,-24.71476777086689,18.913422
4068061360572224640,266.9973931628271,-24.76025947241431,19.07353
4068061360573469184,266.98799332689777,-24.764292845015756,21.024263
4068061360572224512,266.9975818268769,-24.759882424866042,19.676111
4068061635451248256,267.0629535791625,-24.735917000681454,20.956936
4068061287541646208,267.02129598153243,-24.74638139743879,17.862785
4068061257494125952,267.03963333225073,-24.752219288571936,20.28944
4068061360572224384,266.99806240815593,-24.75978974717384,20.343472
4068061257494125824,267.04765048314056,-24.746690695907674,20.085775
4068061188773532416,267.0022661184379,-24.756687822937028,20.321854
4068061257494125696,267.04503438754676,-24.748566313018618,20.458677
4068061394933207040,267.0090739316169,-24.749860069853273,19.82234
4068061085695433728,267.00993572406776,-24.772835838104154,20.376589
4068061188773532160,267.0037337595821,-24.755484608833875,18.041498
4068061223134386944,267.03226699613134,-24.757508290416176,20.44052
4068061154413793408,266.99591763268376,-24.762791238269806,19.590048
4068061120055171584,267.0236905472615,-24.76346927244454,20.302862
4068061257494124928,267.0444060706859,-24.749173476776605,18.766352
4068061669810985216,267.06589974000366,-24.734345167018866,20.218367
4068061120055171200,267.0245408220115,-24.762993446799534,20.83768
4068061360572227072,266.99048193498317,-24.76335597977281,19.822422
4068061085695432704,267.00183129390086,-24.778670477513433,20.397398
4068061394931965312,267.00221228351495,-24.753735204685807,19.424759
4068061360573465728,266.9976619659037,-24.758230571321043,20.608685
4068061394931965184,267.0022244507022,-24.753397806155398,17.28897
4068061120055166720,267.0200135917602,-24.76747316654736,20.05162
4068061394931965056,267.00180468247976,-24.75324091924858,18.025814
4068061120055166592,267.0195803211188,-24.767614155850374,19.755974
4068061532372269312,267.0265345355705,-24.723201749701044,20.822206
4068061120055166080,267.0187124608117,-24.7690585650155,19.642658
4068061120055165952,267.0185057172139,-24.76916393078183,19.613043
4068062322646448128,266.9932296435218,-24.720603587966867,20.457508
4068061120055165824,267.018635630641,-24.768472644675708,19.749277
4068061291853989760,267.02427561714495,-24.739770609085486,20.845238
4068061360572225920,266.9920173053223,-24.763859253375827,18.612152
4068061154413792768,266.99658842836385,-24.76307040700195,20.618422
4068061223134380800,267.02830110788045,-24.761366557480155,19.821268
4068061291853989632,267.0230921573646,-24.740628316827,19.975342
4068061394933316480,266.9922364167234,-24.746798539587484,20.687485
4068061394931964032,267.0008334493915,-24.75643208907487,19.651821
4068061291853989504,267.0228098581435,-24.740626802302785,19.929054
4068061223134380544,267.0303589892453,-24.76074606382374,19.91997
4068061154413791104,266.99730264955275,-24.76592130588855,18.340744
4068061154413790976,266.9946386806531,-24.769185221399873,17.936697
4068061360573465600,266.9974943222533,-24.75811787241113,19.883009
4068061085695426560,267.01473713725943,-24.771246050183162,20.351223
4068061188774773632,267.0116533068082,-24.748580223765,18.703949
4068061154413790592,267.00323575810637,-24.761836510251023,19.767733
4068061223134383872,267.02705895066464,-24.76133640939418,19.33246
4068061326213726976,267.0327190618563,-24.73408550853817,20.84305
4068061394933278464,267.00215419170473,-24.74526389000525,19.305494
4068061223134383744,267.03486224612226,-24.756297884156044,20.585396
4068061120057798784,267.0236590030996,-24.762474305883636,19.718323
4068061154413790336,267.00126379887814,-24.76441465889611,20.682495
4068061631139075200,267.0535493186352,-24.729316502881883,17.484404
4068061223134383616,267.0352982457152,-24.756070225421542,20.288933
4068061738530587264,267.05176829479115,-24.720951525720505,21.027426
4068061154413790208,266.9938296037109,-24.77039864421164,19.398615
4068061463652880256,266.99111659686844,-24.73581633465723,20.42778
4068061085695430016,267.0044906652718,-24.777375602785057,20.188562
4068061223134383360,267.0341588240057,-24.756978800377812,18.964117
4068061257494121472,267.0409493520256,-24.75234490780904,20.44293
4068061188774772992,267.01043134548235,-24.74951978916603,18.029049
4068061360573553664,266.98676661344047,-24.753331328744586,21.028948
4068061120055168128,267.02620931546915,-24.762477675796863,20.10318
4068061188773528064,267.0059648212659,-24.760069783368305,19.504934
4068061223134382976,267.0384578101608,-24.754268613684978,18.76804
4068061120055167744,267.0254006800823,-24.76330623275832,20.186579
4068061566732094592,267.00298937805644,-24.72774173997281,20.403904
4068061120055167360,267.0248130235351,-24.763937843172606,20.08474
4068061154413793152,266.9995317190741,-24.760521782521064,19.895779
4068061154413793024,266.99625609502004,-24.763592996073424,19.971785
4068061120055167104,267.02126426195025,-24.766489968547695,19.902193
4068061154413792896,266.997015447122,-24.76300231147033,19.728165
4068061394933206016,267.00468764700014,-24.75317268016116,18.951008
4068061326213729152,267.02901902855416,-24.736381389560663,20.086166
4068061188773531008,267.00261919401316,-24.758278207198696,19.934633
4068061188777302016,267.0122154528817,-24.748787763096797,19.058092
4068061188773530880,267.0048488308403,-24.756722121954844,19.96778
4068061120055179008,267.0170437838084,-24.765882673561467,17.842527
4068061120055178752,267.0197466142539,-24.76411968545176,20.329933
4068061154413792256,266.9916928743328,-24.76801135241472,20.133982
4068061223134393728,267.02563217360387,-24.760167456547165,20.955421
4068061635451254016,267.0602431353255,-24.736287382092797,20.04136
4068061463652869888,266.9934846278661,-24.735581560923585,20.109612
4068061154413791872,266.99148861955746,-24.769517179662557,20.41707
4068061326213740416,267.0291830428064,-24.73451695278943,20.460163
4068061188773530112,267.00474577285047,-24.758893792641224,18.58602
4068061257494131584,267.04712572033515,-24.74545395871146,20.362501
4068061188773529984,267.0041843312951,-24.759449372987138,20.116882
4068061154413791488,267.00144620322806,-24.76229508497254,19.278248
4068061154413791360,266.9953686335013,-24.768046361988876,19.778076
4068061291854001536,267.0235140485532,-24.73850715735126,18.586649
4068061394931971840,266.9927174086494,-24.746015640787352,19.554691
4068061120055177472,267.0153798150389,-24.767642347529666,20.47551
4068061291854001408,267.0231048676748,-24.738318473218943,20.032698
4068061979115824000,267.0224114216363,-24.71543842468163,18.222118
4068061120055177344,267.0223316651472,-24.762853838020398,20.268887
4068061360572233344,266.9872001902994,-24.751350018698524,20.18394
4068061120055177216,267.02186234166373,-24.762834751266368,20.687906
4068061360572233216,266.9799183681169,-24.757784380283066,19.12713
4068061699858547968,267.05155022239774,-24.73015746105447,18.129011
4068061223134396288,267.0298630437941,-24.75637348344893,20.558306
4068061704170861312,267.04464485769967,-24.724032048793767,20.641085
4068061184462020480,267.01020445367675,-24.756658079390785,9.389398
4068061699858548096,267.0397184836588,-24.730952960645457,19.517794
4068061120055180928,267.024680809606,-24.760169417814645,18.785297
4068061562419142272,267.0059281815231,-24.726465628120526,10.958722
4068061528059403776,267.019672769465,-24.719890971264803,12.231822
4068061120055180800,267.0242526727336,-24.760202760176483,20.067812
4068061120055180672,267.0247651731311,-24.75978177076842,20.083225
4068061360572232576,266.9814102524898,-24.75844914306334,20.04166
4068061360572232448,266.9855718861607,-24.754857066454424,19.104841
4068061360572232320,266.991384135918,-24.751169774820635,19.386175
4068061360572232192,266.9862747383084,-24.755625444756014,19.620329
4068061394931970304,266.99479329719406,-24.748704489595916,19.542656
4068061120055180032,267.02187143587287,-24.762163581977465,20.572834
4068061360572231808,266.9820122028238,-24.759915712286308,19.759283
4068061704170864128,267.04850386102737,-24.720890263248883,20.190165
4068061257494133248,267.0426440590509,-24.747999128913225,18.79348
4068061360572231680,266.9833624554126,-24.75931343764478,20.013695
4068061601091844992,267.008085604337,-24.722562299222187,20.278128
4068061429291712256,266.9815495875524,-24.753408541670805,19.875362
4068061429291712128,266.98219426015936,-24.752964991201672,19.280422
4068061120055179264,267.0160218948101,-24.766524868157028,20.47543
4068061291854003200,267.01851885049905,-24.741642077049125,20.707596
4068061120055174912,267.0190993695052,-24.76558870903649,20.172514
4068061120055174784,267.01872785316004,-24.765134765341926,20.565298
4068061120055174656,267.0185893325712,-24.764448872682912,20.343687
4068061532372260992,267.02256799352443,-24.726699163523403,20.292246
4068061120055174528,267.0196118453496,-24.765858830824598,19.769907
4068061699858549632,267.0420247324083,-24.730172149349762,18.687185
4068061257494127872,267.04563772662,-24.747321633690078,20.571428
4068061463651449600,266.98999700496785,-24.747057633617796,20.04691
4068061257494146304,267.04085495701645,-24.746155138485832,20.268185
4068061532439215872,267.01814867923656,-24.72782257537511,20.413965
4068061360572233856,266.98931089829597,-24.748083398468676,20.349905
4068061498012427776,267.01431849598083,-24.745026307116106,18.116566
4068061085762320000,267.0173427770102,-24.773581106266455,19.106432
4068061120055173632,267.0201250881585,-24.765411656972244,18.592289
4068061360572233728,266.97886095827755,-24.75768891827315,20.09899
4068061394931967872,266.9986607963616,-24.75242489551609,20.210026
4068061120055173504,267.02150382985707,-24.764468875836013,18.943731
4068061635451248896,267.05605364164643,-24.74066554308564,20.636091
4068061463652900992,266.9905479384646,-24.73355238662851,20.82359
4068061223137005312,267.0353424588562,-24.76379842178114,19.40427
4068061360572229376,266.9927094008811,-24.75758616601607,20.428095
4068061120055173248,267.0244777830656,-24.76244768351534,20.676605
4068061360572229248,266.98876350336326,-24.761027127476748,19.4956
4068061532372262400,267.0262141414929,-24.724098733571534,20.734379
4068061120055177088,267.02306444025294,-24.762342807371592,17.756533
4068061291853996928,267.0131662634903,-24.747095832178243,19.337902
4068061394931967232,266.99864828822984,-24.75364281380508,19.761272
4068061979048960000,267.02188213394714,-24.714046432725006,20.441021
4068061360572228736,266.99625478298657,-24.755800004438836,16.799107
4068061424981505536,266.98709529041304,-24.746268634031846,18.54512
4068061394933211648,267.0044816621333,-24.752283688124848,20.251125
4068061360572228608,266.996458573136,-24.756046335331764,20.812126
4068061287542551680,267.02636268812245,-24.748068932456448,18.733908
4068061360572228224,266.99401057015734,-24.75835441352083,19.452225
4068061463652887936,266.99521409290145,-24.732220573158518,20.810724
4068062215254634624,266.9798914886019,-24.727726155439637,19.374554
4068061360572227968,266.9906793596689,-24.76209348903974,19.638994
4068061635451251456,267.0515033726588,-24.74242817002742,19.552614
4068061566732102912,266.995320886006,-24.7318819186954,20.079681
4068061738530604928,267.0502698493613,-24.71897261012664,19.642673
4068061429291718656,266.9789642739679,-24.741800727222255,19.144863
4068061429291714432,266.9751106251624,-24.75305468345661,20.122574
4068061429291714304,266.98196911032466,-24.747199361998764,19.207865
4068061120055181568,267.0161346133355,-24.76560283669202,16.953829
4068061085762353536,267.020385498889,-24.77908889356538,17.077276
4068061257494134912,267.04012529122474,-24.74921540708441,18.187849
4068061429291714048,266.9808662910195,-24.74865066263517,19.440622
4068061154414919680,267.00525391845895,-24.773345661024752,20.732058
4068061429291713920,266.9785832528788,-24.751311917846433,18.103134
4068061085762353152,267.0192580220728,-24.776642610459028,17.946661
4068061429291713792,266.98441620687834,-24.746430731029754,19.794628
4068061085762348928,267.0218792585799,-24.777801382568406,17.85361
4068061463651452032,266.9893411998044,-24.74205791856577,20.828644
4068061120055185024,267.02009012789637,-24.762064591423943,20.000397
4068061085762348800,267.02143094752034,-24.778245598177723,17.646833
4068061394933219584,267.0100851031604,-24.74730179983339,18.731798
4068061463651451520,266.9904610171439,-24.74256290972145,20.020834
4068061085762324608,267.0188742297007,-24.777209312559147,17.716969
4068061120055184512,267.0215821231713,-24.7612383876182,19.991873
4068061223134399488,267.0306571380344,-24.755024861023333,20.117033
4068061188778284416,267.00981713995697,-24.754384559890653,19.53187
4068061704170864768,267.03652411282445,-24.729055076610305,20.538721
4068061154414922624,267.00203983735435,-24.774782923362444,20.79529
4068061463652896000,266.9832275897117,-24.739419382836232,19.983644
4068061429291712768,266.98000657603137,-24.753671731300507,20.01631
4068061120055184128,267.0150315397723,-24.76584382145589,20.138073
4068061154414977408,267.00318736505096,-24.76280055366553,20.731709
4068061429291712640,266.98182731491175,-24.752146758655662,19.92676
4068061120122086144,267.02376608758135,-24.77472819154323,18.08812
4068061223134398976,267.03358265113366,-24.753093973182885,20.798426
4068061635451259520,267.05043121595435,-24.74142199811518,20.181923
4068061429291716480,266.981226866653,-24.74294098457243,19.593336
4068061326213746048,267.03370762251603,-24.73045372857208,20.050722
4068061154414921856,267.00032508552215,-24.77608231061776,20.312458
4068061120122085632,267.02336301996746,-24.774652745761383,18.522903
4068061463651454464,266.9870194076088,-24.73902202258172,17.07024
4068061085762347008,267.01774878213456,-24.779985070438705,17.44019
4068061291853902848,267.0228151389065,-24.75388885783875,20.163782
4068061601091848192,267.01678532649936,-24.716366094846343,20.830048
4068061085762350848,267.01918080326925,-24.77798992767925,17.884985
4068061394933221888,267.00496301585605,-24.75017166232164,19.856733
4068061188774671616,267.01755483697184,-24.76177630468513,20.235903
4068061429291715328,266.97402374390776,-24.75073970887323,19.584015
4068061188774671488,267.0171843246184,-24.761680099439193,19.849617
4068061463651453440,266.9872756807546,-24.739996919078212,19.67545
4068061738530605056,267.0502797111416,-24.719244298789196,20.246944
4068061223134409472,267.0277157788089,-24.754839612570308,20.380705
4068061429291714944,266.9781720296,-24.748013135652695,19.234566
4068061429291714816,266.9842882655569,-24.742740833589473,20.04344
4068061085762349952,267.01868265394523,-24.776723419868173,18.439299
4068061257494147712,267.0436163917524,-24.74387717218557,20.302608
4068061429291714688,266.9841085152422,-24.74235409862668,19.904295
4068061635451269632,267.05194670715997,-24.738155267297536,20.638226
4068061085762349824,267.02134099935864,-24.778101977315636,17.50006
4068061429291714560,266.9823500200451,-24.74506309466826,20.473495
4068061394933233024,266.997274825075,-24.754024853515006,20.609663
4068061085762349568,267.0218005902729,-24.77846257728292,17.700308
4068062219570240896,266.9823650386257,-24.724501301268212,19.740091
4068062219565708800,266.97577115944785,-24.732853320809447,19.860718
4068061498012447872,267.01466356522883,-24.742036473253705,20.402777
4068062219567271168,266.9775073236073,-24.726967359042238,20.123344
4068061223134408832,267.0317287088996,-24.752272614187078,20.597935
4068061326216892672,267.03038475209496,-24.7428000880271,20.58992
4068061498012569088,267.0083002994392,-24.730355777033182,20.6655
4068061085762349312,267.0220703524373,-24.77834935705841,16.855555
4068062185205970816,266.97466085595994,-24.733942739146123,19.352581
4068061223134408704,267.025289865912,-24.756737653153873,20.381697
4068061463652830976,266.99169142951257,-24.741781693037687,20.85133
4068062219565708416,266.97589405936475,-24.73395154229722,19.547443
4068061223134412544,267.0262998244586,-24.75492873739531,20.57086
4068061120122066816,267.0198565293895,-24.772509904878877,18.281857
4068062185205969920,266.97167725765274,-24.73785000198769,19.243109
4068061566732120064,266.99701482646475,-24.728487355771918,20.235088
4068061188774673920,267.0196588083973,-24.759659470975034,18.058569
4068061120122066560,267.0243337465809,-24.776416508560956,19.033464
4068062185205970176,266.9716596701008,-24.737002136651633,20.229195
4068061188774673792,267.01938135008226,-24.759582930859796,18.27619
4068062185205969408,266.9716536701467,-24.738953384135687,19.466719
4068061223134411904,267.0245968090023,-24.756331948370544,18.288431
4068061085762327808,267.01458177236947,-24.778324588287443,19.471334
4068062185205969792,266.96522962118075,-24.744024019753233,19.088427
4068061188774673408,267.0145115848064,-24.763339526334644,20.067732
4068061085762327680,267.0151914794847,-24.777960554464624,18.998196
4068062185205969664,266.97328664588855,-24.737410154652164,19.077026
4068062219565707392,266.9780967638186,-24.734136020922108,19.5586
4068062219565707264,266.9787981842791,-24.734357439864706,20.393896
4068061120122065664,267.02177906857094,-24.775732406635758,18.995625
4068062185205969280,266.9726140596257,-24.738345626668995,19.184652
4068062185205969152,266.9717576259659,-24.739454540934634,19.748978
4068061566732122880,267.00301327614,-24.72379009992708,20.419022
4068062185205972608,266.9693871983108,-24.735961080640756,19.728497
4068062185205972480,266.9687687524226,-24.73668379350507,19.047598
4068061498012449920,267.01813864149347,-24.739516364084785,18.500088
4068061223134410880,267.0229794748942,-24.757694731367923,19.925644
4068061360576971136,266.98694997015554,-24.762222023412733,19.8215
4068061566735062272,267.0039914419124,-24.726633246628044,20.704466
4068061223134410752,267.03190284704203,-24.75157661488787,20.083542
4068061566732122496,266.99910283584927,-24.726368378568193,20.115461
4068062185205972736,266.965146258687,-24.73933454540741,18.978367
4068061635451266816,267.0579391327663,-24.7348466663599,20.89902
4068061463652828928,266.99467410886155,-24.740154829199017,20.541458
4068062185205972096,266.964417139866,-24.742214909072853,20.759756
4068061085689832576,267.01500784955795,-24.77978471413708,19.39595
4068061085699063936,267.0122683553462,-24.77514809717915,19.401136
4068061120122068864,267.0188712686715,-24.773323554572528,18.96343
4068062185205971968,266.9633516041611,-24.74186248893866,20.709526
4068061120058802176,267.0198250092609,-24.7693384605108,19.911316
4068062185205972352,266.9664321525598,-24.739274454443194,19.342226
4068061566735062528,267.0040481951759,-24.727990744909043,20.284777
4068061154414929408,267.0057868502179,-24.770899543720027,20.804356
4068062185205972224,266.96403509043836,-24.74176135997036,19.676943
4068061120055190912,267.01799608140357,-24.762460552767767,20.274855
4068062185205971584,266.96920134815696,-24.737929417637062,19.466772
4068061085762329856,267.019890331248,-24.778022554709136,17.00119
4068062185205971840,266.97051459452626,-24.736503497053715,18.668354
4068061085762329728,267.0172370173898,-24.779864310646943,18.80047
4068062185205971712,266.9701795895389,-24.73691334495956,20.184824
4068062185205971072,266.97104265754825,-24.73690377584081,19.196293
4068061120055190272,267.0195924847843,-24.761463670179097,20.628735
4068061085762329472,267.0173583809127,-24.78019951041003,18.487803
4068061635451265536,267.05284657751434,-24.73838867342146,20.455147
4068062185205971328,266.96787537010164,-24.738292278657042,19.867046
4068061498012444160,267.0121823689864,-24.744303306402145,20.037819
4068061635451265664,267.05272456806125,-24.73864622104515,19.990341
4068061498012444032,267.0126369265953,-24.744313141094754,20.876274
4068061154414928128,267.0048575578825,-24.77145318323107,20.524609
4068061120122067328,267.02091477991763,-24.772741107359938,19.333618
4068061498012443776,267.0153747355273,-24.742213495925892,20.24707
4068061669811003392,267.06399332080747,-24.73059189636291,20.09488
4068061910329433600,267.0266784005778,-24.717174076944843,20.017672
4068062185205966592,266.9773066405131,-24.73845516877251,18.252478
4068061257494146944,267.04737493553966,-24.741509751980793,20.11999
4068061429291722112,266.97893956409047,-24.73740928474706,19.533506
4068061566732050176,266.9997675647628,-24.735682456002458,20.07053
4068061463652901120,266.9863493458358,-24.73643887961783,20.456549
4068061498012443136,267.01814183997345,-24.740454287897457,17.728823
4068061429291721728,266.9738010775871,-24.742362261112422,19.288307
4068061120122062464,267.0207373107883,-24.775589498081324,18.950321
4068061429291721600,266.9722394521178,-24.743740614615344,17.89173
4068061154414931328,267.00596183265,-24.770227843884044,20.250898
4068061429291721472,266.97330166534516,-24.743086132145756,17.862528
4068061326213750912,267.02674031317724,-24.73455034305429,20.408472
4068061635451268096,267.05667216673277,-24.73534125821249,19.010431
4068061429291721216,266.97625773487647,-24.739802935098517,17.497868
4068061154414930816,267.0075058538383,-24.769307579421024,20.370432
4068061429291720960,266.97659790762503,-24.74072265806218,18.959116
4068061085762323328,267.0206404447369,-24.776952829969776,16.838669
4068061085762323200,267.0208636702472,-24.776793754037122,17.267004
4068061463656002944,266.98991850442707,-24.732033466763095,19.93225
4068061154414930432,266.9997200447651,-24.77475905061174,20.0692
4068061085762322944,267.01752107619797,-24.77907791523743,17.584461
4068061120055191936,267.0215380990926,-24.759748181039893,20.592752
4068061463652903680,266.99210943582415,-24.73199826179193,20.929232
4068061463656002688,266.9893552378706,-24.73232327672644,19.828835
4068061394933230720,267.0030739559725,-24.750405725024045,20.538118
4068061566732118528,267.0032967165951,-24.724397588738128,20.615871
4068062185205968640,266.9742694245554,-24.737436343881825,19.616337
4068061394933230336,266.9996024835311,-24.75284041884504,20.652803
4068061566732048256,267.00626608629494,-24.730986848428678,18.494547
4068062219565706240,266.9799330940987,-24.73419431418554,19.652178
4068061085762326400,267.01593473917677,-24.776404270822827,18.661728
4068061085762326272,267.01557114877266,-24.776976738405022,19.569452
4068061085762326144,267.0154693469047,-24.776458332773274,18.995848
4068062185205968128,266.97725503160376,-24.736274668542805,19.608126
4068062185205967744,266.97347262776356,-24.740616881165792,18.655905
4068061253199090688,267.0527105844104,-24.747715845209488,17.690077
4068062185205967616,266.9732896770466,-24.740231176345233,17.485624
4068061704170788608,267.047809993961,-24.732101424913743,19.201073
4068061085762325504,267.01645085227045,-24.777606836853796,16.659828
4068062185205966976,266.9734370278697,-24.74120569154668,20.327747
4068061704170788736,267.04737916385227,-24.73220313143562,20.88562
4068061566732069760,267.002748021062,-24.731042344261144,20.10313
4068062219565705216,266.97900518603996,-24.73642185320811,19.45363
4068062219565705600,266.9812530417554,-24.734315615903405,20.188576
4068061085762325248,267.0160552682,-24.777595828642134,17.505232
4068062185205967104,266.972521817828,-24.741939803402005,20.096064
4068061085694252928,267.0139467830252,-24.783493069692707,19.457472
4068061085694252800,267.0138646216084,-24.783774145481335,19.513912
4068061704170787840,267.0491700049967,-24.73159256658829,20.733227
4068061085694252672,267.0133177581935,-24.783942957033393,19.646652
4068061704237892736,267.04742240695697,-24.723703256503835,20.59879
4068061463656004352,266.99095156350364,-24.734594365340886,19.725271
4068061085762324480,267.0194573552334,-24.7767754372966,18.623785
4068061085694252416,267.01406586971126,-24.78573386979937,19.525623
4068061085694252160,267.01346075824426,-24.78460202717873,19.312662
4068061085694251904,267.0136968700665,-24.784748148021933,19.517794
4068061566735219200,266.99464584208573,-24.73109174262259,19.528992
4068061085694252288,267.0140003959391,-24.78533788064831,19.43729
4068061085762336384,267.02049267643093,-24.779979140188217,17.002975
4068061120122074624,267.02331053046225,-24.777721189916882,18.282316
4068061120122074496,267.0235591755514,-24.777256703854167,18.3767
4068061429296265216,266.97296432408996,-24.748456014330053,20.714457
4068061188774711296,267.0127291155577,-24.75695511331015,16.70714
4068061120122074240,267.0253733206562,-24.77316709225069,18.732918
4068061085694251520,267.0123542172023,-24.787763107923563,19.376017
4068061257494157696,267.03598559641296,-24.746401095262808,20.53091
4068061120122074112,267.0255546612461,-24.772897745010685,17.741621
4068061085762335616,267.01573856429684,-24.77373579241786,19.510773
4068061085762335488,267.0154672422738,-24.774309369969405,18.729101
4068061085762335232,267.01539816032647,-24.773902345303274,19.391409
4068061085694254976,267.01099700564225,-24.786826237067434,19.274994
4068061085689823872,267.01368903913493,-24.777935669261343,18.952023
4068062219570242816,266.98674854877413,-24.72483640730888,19.80989
4068061085694254720,267.0134461279893,-24.78541782939193,19.470407
4068061085762334848,267.01450595869704,-24.77499795446628,19.539967
4068061085694254464,267.01248285614787,-24.786746869819115,18.996857
4068061085694254336,267.0122860032721,-24.786345565925178,19.26537
4068061085762338560,267.01790194579917,-24.780734474188783,18.197317
4068061085762338432,267.0184135650919,-24.78048869135714,16.961746
4068061463652815232,266.99383899483024,-24.7425776955029,18.163439
4068061085694253952,267.01268199788865,-24.787041843142845,19.336462
4068061498079469312,267.01833051118626,-24.736055526949194,17.149828
4068061085694253824,267.01477443019087,-24.784506947310017,18.085638
4068061085762337536,267.0193769097993,-24.77626219271698,16.985596
4068061085762337920,267.01505173043523,-24.77656052433645,18.192642
4068061154414970752,267.0008551431133,-24.765344018517325,20.56777
4068061085762337792,267.0150396082086,-24.77684543787556,18.63173
4068061326213662464,267.04317914170247,-24.736163615595917,20.505327
4068061085694253184,267.0139670158206,-24.784204074111575,18.02311
4068061085694253312,267.0145831376529,-24.78429945987896,17.10945
4068061154414970368,267.0025800973896,-24.7641821003749,20.235712
4068061085762337408,267.01953679997706,-24.775759797554528,15.165698
4068061120122075648,267.02193775984966,-24.777303491581726,18.719177
4068061665498801408,267.07037298268165,-24.73265852094294,17.834887
4068061120122075392,267.0217703496002,-24.776809949176723,17.267944
4068061253199089408,267.0515026893688,-24.7478651505303,18.529436
4068061120122070400,267.02257105656724,-24.77685869040115,18.637615
4068061188778267904,267.0144992055494,-24.76274801111026,20.675844
4068061120122069888,267.02211493902263,-24.776957272759585,17.372042
4068061154418529152,267.0092943989008,-24.766211430500256,20.406841
4068061291853925888,267.02325600559885,-24.749648229711298,20.268074
4068061326213664128,267.0306777441705,-24.744535095938403,17.253765
4068061120122069504,267.02232115881395,-24.776167130230533,18.52851
4068061120122069376,267.02234033926584,-24.776562758670433,18.712246
4068061120122069248,267.01919723531324,-24.773148934132635,19.493357
4068061566732072704,267.0058563635694,-24.728535309404826,20.345337
4068061085762334592,267.02106895721687,-24.779468267412675,17.381798
4068061188778261760,267.0075135988736,-24.753256712264754,21.029076
4068061910329444352,267.02604730673573,-24.716450734702462,20.211624
4068061085762334336,267.01665773189194,-24.77493189357834,19.098015
4068061085762334208,267.01610066530435,-24.774813065899192,18.617577
4068061085762333952,267.0167804320137,-24.7744471856126,18.014053
4068061085762333824,267.0165239706892,-24.774838347762525,18.959812
4068061085762333568,267.0172739410499,-24.77437679369011,19.239601
4068061085762333440,267.0170523857632,-24.77396267951943,19.70501
4068061738530537088,267.0581747456228,-24.723357873271162,20.37946
4068061085762333312,267.017212163937,-24.774064657725493,19.125221
4068061223137011712,267.0401781897771,-24.753940384699124,19.52542
4068061085762333056,267.01458533983237,-24.77625793131949,18.961992
4068061085694260992,267.0135648568499,-24.779444208391116,19.393646
4068061085762332928,267.0141714758046,-24.776344856204105,17.60452
4068061085694260864,267.01262129247965,-24.78025779516326,19.577335
4068061120057796992,267.0265480583287,-24.763131635461555,19.127178
4068061085694260736,267.0130541076675,-24.779849139256076,19.167171
4068061291853935488,267.02032937914845,-24.750293766488834,20.53782
4068061085762332672,267.0197674090345,-24.779247475552772,17.023947
4068061085694260224,267.01274707395936,-24.780834148132975,20.342806
4068061154418525952,267.00253619131695,-24.765881777336656,20.736988
4068061085762377216,267.0141201282988,-24.780042932364502,19.27811
4068061291853934848,267.02518586904125,-24.746989359353904,20.109108
4068061085762377088,267.011500018222,-24.782735056444213,18.44097
4068061738530537216,267.05807490095503,-24.723017655198817,19.629158
4068061085762376704,267.0088126934046,-24.785427005925307,19.594059
4068061738530537344,267.0581464870341,-24.723748446739602,20.367796
4068061085694259456,267.0121846663508,-24.78201787145493,19.57365
4068061188841804544,267.0141815339665,-24.75797758488627,17.103739
4068061085694259328,267.0119083922295,-24.781734801517192,19.47972
4068061188773519488,267.00953219916266,-24.764950227682604,20.00317
4068061291853938176,267.0206128116262,-24.749698112340177,20.402945
4068061085762376064,267.0149213405386,-24.781513239509323,18.088263
4068061085694263040,267.01058533962254,-24.782105378261313,19.624489
4068061085762375936,267.0104457508091,-24.786355885330142,19.402948
4068061085694262912,267.0097306555912,-24.782529727096296,17.737728
4068061223137010048,267.03394941782375,-24.75988568057799,19.835789
4068061085694262656,267.0095591695803,-24.78201362481627,19.51619
4068061699862566400,267.0480527664101,-24.72479188124825,19.673222
4068061291853937408,267.019374817731,-24.750642644661976,20.863035
4068061085694262528,267.00934788165256,-24.782002319531678,18.724272
4068061154414983808,266.9988774643258,-24.764792026851733,20.630728
4068061699862566144,267.0472921592112,-24.725562164488075,19.866884
4068061085762379392,267.01198862330926,-24.777006916735704,19.731745
4068061085694262272,267.00947935380236,-24.781208023147663,19.743073
4068061699862566272,267.0474452199061,-24.727524918350994,19.807085
4068061699862565888,267.04679453223577,-24.72104253176926,19.668533
4068061085694262016,267.00989190725534,-24.782851852158103,15.062909
4068061253185966976,267.046494803221,-24.744213419853825,19.439201
4068061699862565632,267.04615159859014,-24.72838060853849,19.135996
4068061699862565376,267.0454142520414,-24.72098782116065,19.016552
4068061699862565504,267.0459318475031,-24.72657262444294,18.022554
4068061085694261376,267.01411231035536,-24.780360433328536,18.77449
4068061631143088384,267.0450617521335,-24.736964019888806,19.86283
4068061669813614720,267.0637127531128,-24.732232065686453,19.873379
4068061085694257024,267.00976318203266,-24.78610692604,19.687057
4068061326213670144,267.0305626728365,-24.74371471656177,20.376741
4068061704174340608,267.04231318027803,-24.733768965912127,20.926294
4068061120053995008,267.02236847780824,-24.775307548889792,18.721336
4068061253185966080,267.04468158839796,-24.75061989021323,18.039719
4068061085694256896,267.01099062125775,-24.78518602736977,19.104597
4068061326213670016,267.0412383890242,-24.73633972546926,20.444
4068061085762377984,267.0098764980054,-24.78013337998886,17.191227
4068061085694256768,267.01326393993173,-24.78324241030845,18.950224
4068061631143091968,267.05229146025033,-24.74028658470933,18.780462
4068061085762377856,267.0095586235031,-24.78164185268255,16.332428
4068061704170791680,267.05269630967666,-24.72862477743972,20.546453
4068061085694256512,267.0106945395649,-24.785823922468882,19.191954
4068061223137016576,267.02475521061444,-24.75872090249813,19.250748
4068061120122111744,267.0227312311307,-24.773934174984014,19.552736
4068061120122111616,267.02290404829546,-24.773862606855108,19.262085
4068061704170791168,267.04843912640473,-24.731603257879733,17.147207
4068061085694256000,267.0125007715923,-24.785136760372122,19.904654
4068061631143091200,267.0511447197605,-24.742367978546056,20.431097
4068061085694255872,267.01049108212055,-24.78692186676486,18.50124
4068061085694255744,267.01490748751047,-24.783143370931423,18.61052
4068061291853930496,267.02157383429613,-24.750175387447584,20.237736
4068061085762372736,267.01802167525676,-24.777027796513416,17.163017
4068061085762372608,267.01842617312604,-24.777524230207092,18.14094
4068061459357424896,266.9833808835392,-24.734622059571645,18.613316
4068061635453877760,267.05947563149,-24.732606208422737,19.859169
4068061631143090688,267.0501997448754,-24.739197035345555,18.72076
4068061188777279360,267.0217956659141,-24.758212291892352,19.326159
4068061085762371712,267.01131507259305,-24.77849410815799,19.420904
4068061635453874560,267.0570415607048,-24.739302445039858,19.806894
4068061631143090304,267.0491674479671,-24.735396622086675,19.157204
4068061321905440640,267.0395638123082,-24.733472892217186,18.94638
4068061669813612800,267.0679609774761,-24.732016638703474,20.48619
4068061321905440512,267.03934592924855,-24.74212061735328,19.099464
4068061085694258688,267.0137924355105,-24.78131301676992,19.488157
4068061704170793728,267.0466005837723,-24.732501231660358,20.127472
4068061321905440384,267.0389009208909,-24.734209189631798,19.42467
4068061085694258560,267.0134300140948,-24.780777405779485,19.891958
4068061085694258432,267.01208715219815,-24.783217380649287,19.657497
4068061257496752896,267.0408660996927,-24.750190488837916,19.6275
4068061085694258304,267.0123090161339,-24.782954663043466,19.628756
4068061326213671424,267.04219345771395,-24.73555873049974,20.574553
4068061120058802048,267.0174529631061,-24.763579717409392,19.227028
4068061188778278656,267.0114533360008,-24.754357615517975,19.636068
4068061326213671296,267.03497546398074,-24.74057461489989,18.283663
4068061669813613568,267.0638421612082,-24.733908458112953,19.935762
4068061218826224640,267.03796829023827,-24.75517001376972,19.776411
4068061085762375040,267.02115465354547,-24.777969622216027,17.342121
4068061699862561920,267.03819895210455,-24.73037275552172,18.544687
4068061223138016768,267.035139888739,-24.764462244563745,20.519
4068061326213671040,267.03457714847525,-24.740354873829226,20.289675
4068061085694257792,267.013404295251,-24.781675764881157,18.372498
4068061120057790464,267.03119913197935,-24.766341298435236,19.897715
4068061218826224384,267.03790429623365,-24.76001624224849,19.17354
4068061085762374784,267.021271323126,-24.777678434318418,16.888288
4068061321905439360,267.0376676224092,-24.742456961522702,15.329967
4068061085694257536,267.0136949737451,-24.78219728143713,19.407524
4068061326217231488,267.03982460380934,-24.739932053718768,20.097895
4068061532375661568,267.02103628289035,-24.719179003306106,19.343006
4068061635451295616,267.0482167840217,-24.734850684192995,16.926731
4068061601095138176,267.02022732432516,-24.71851335858298,20.263977
4068061154414958208,267.0060919276238,-24.764002679498073,20.68152
4068061085762374400,267.02184545370994,-24.778895681811985,18.256899
4068061906020991360,267.0370559096773,-24.723263587244144,19.570835
4068061253185962240,267.03677958685154,-24.747641370838235,19.352942
4068061085694257152,267.00937964310384,-24.785945680672768,18.861635
4068061120057788416,267.03070180027186,-24.768991939778864,20.389193
4068061463652874368,266.985972525335,-24.740296031122877,20.787725
4068061085762374144,267.01977789893283,-24.77706406458658,17.97668
4068061699862560768,267.03650667264094,-24.725783652152042,19.054674
4068061906020994816,267.04425498523483,-24.717011056076306,17.322168
4068061154414957696,266.99865564902655,-24.769147263704212,20.312017
4068061085762373888,267.0202778180335,-24.778093591663183,17.02336
4068061120057788800,267.03048917109794,-24.76819238216838,19.122791
4068061532372283008,267.0177339062159,-24.72762791257495,20.702364
4068061188774695808,267.01166557669296,-24.760173295200705,16.869318
4068061699862564352,267.0436145976964,-24.722189841699358,19.470625
4068061291853910784,267.02051679405145,-24.753808415426434,20.721088
4068061154481862528,266.99574827894605,-24.762710077130247,17.697739
4068061154481862400,266.9976925424772,-24.763230626186044,18.9516
4068061253185965440,267.0433122765826,-24.75550214941904,20.277502
4068061120058795904,267.0251964324336,-24.769511002584906,20.28306
4068061154481862272,266.9975731697278,-24.766289384710532,19.383377
4068061699875675520,267.04188701281663,-24.732772374553992,19.077454
4068061154481862016,267.002246136441,-24.762694000511917,17.583881
4068061218826226688,267.0427169117104,-24.758077896347075,18.257164
4068061154481861888,266.99991190332184,-24.765282365153496,19.5435
4068061223137004928,267.0366219986001,-24.76294021790499,19.932182
4068061321905441408,267.0416466606666,-24.73842019812111,18.514118
4068061223137005184,267.03548040593125,-24.763344519734762,19.557615
4068061120058795136,267.0217863579611,-24.769630668230807,20.153168
4068061188841599872,267.005602066867,-24.761420735814074,19.15048
4068061253185964544,267.0411268484302,-24.74140898345364,19.775763
4068061085698051968,267.0087112064531,-24.782251334779414,19.432323
4068061326213651968,267.03534011517587,-24.743307168932944,20.269716
4068061906020993408,267.0410667137022,-24.718042514989914,18.78569
4068061154481861248,266.9962791105489,-24.769620449936685,15.215214
4068061326213651840,267.034218527782,-24.744408515715968,20.458637
4068061321905440896,267.04075767176965,-24.734771165592708,18.319607
4068061253185964032,267.04046194575983,-24.749261791611932,19.29036
4068061154481860864,266.9991618487269,-24.770029337481933,19.718565
4068061188841598976,267.008282769377,-24.764737696748966,18.794834
4068061906034100096,267.0383756312077,-24.717157445424252,18.356052
4068061429359771520,266.98132652205044,-24.751825482707666,19.093979
4068061665502836352,267.06808241609906,-24.731644216623227,18.411537
4068061429359771392,266.97759096543956,-24.75657424104562,16.620031
4068061429359771264,266.9824800830949,-24.752951841710853,19.92259
4068061429293070464,266.9847402358921,-24.749727132766495,20.662148
4068061085762316416,267.0162351504776,-24.7783741066174,18.197289
4068061188842254976,267.0127804744791,-24.759423893561213,19.47396
4068061395000032768,266.9919298047184,-24.745716456894662,19.090523
4068061188842254848,267.0126231129873,-24.759792322509536,19.267002
4068061665502835712,267.06601521993986,-24.72953709544255,19.510067
4068061085689775744,267.02103134383907,-24.778247429418638,18.193125
4068061120057787520,267.0271888598,-24.772449854320307,19.024544
4068061223138012800,267.0356580116238,-24.764888678789184,20.68234
4068061395000032640,266.99238618921646,-24.74534793863541,18.183292
4068061665502835840,267.0662820144737,-24.736859887344487,20.376514
4068061223138012672,267.0429072587267,-24.7585382411112,20.655935
4068061395000032512,266.99039571366126,-24.747181618680173,15.183964
4068061120058797440,267.0261032016187,-24.772861433712528,20.052181
4068061395000032256,266.99299813116846,-24.746771966895004,16.922344
4068061188774692736,267.01113855848536,-24.76100717787453,20.1838
4068061631143096832,267.06490705803895,-24.73840805969719,20.418577
4068061085699058816,267.0118798340351,-24.78450589687659,19.804655
4068061223137003264,267.0354015159232,-24.765912417784346,20.052814
4068061291853907584,267.03094770993107,-24.747411849297713,20.938156
4068061360640293632,266.98564097513923,-24.76035229978895,18.71978
4068061120057788288,267.03230765600017,-24.76789426649151,19.828117
4068061360640293504,266.98782434149206,-24.762498662906527,15.905898
4068061360640293376,266.99104077583627,-24.76231828627847,17.443962
4068061635451290880,267.05754624219867,-24.729244499778112,20.23231
4068061360640293248,266.99850778733907,-24.75597396989917,17.013832
4068061635454872064,267.058624630659,-24.743038897569026,20.335577
4068061218839330944,267.0369719929508,-24.761814493411553,19.048763
4068061360640293120,266.99136615853774,-24.764050961573847,16.993822
4068061154414953600,266.9950147532308,-24.77244177538746,20.830097
4068061360640292992,266.99804343172013,-24.760039403706152,18.876867
4068061154481862656,267.00058328789333,-24.758707278431807,17.494993
4068062185207512192,266.9634209684165,-24.73907652255857,20.715406
4068061532374717824,267.0144425860818,-24.727364841765624,19.22166
4068061910331839744,267.0278938912862,-24.718287848551718,19.339775
4068061085762381568,267.01252608737707,-24.77118421512214,16.748251
4068061120122119808,267.0166547631185,-24.768183301204242,18.442564
4068061085698055168,267.0134928245673,-24.775782277922794,20.234905
4068061085762381312,267.0103694261001,-24.774141643962995,17.745344
4068061463656159616,266.9948140288998,-24.739301069679016,19.155588
4068061498014979072,267.00255817734586,-24.736089729489457,19.679111
4068061085762381184,267.0067059760055,-24.778616421930135,16.297356
4068061120057793792,267.0241854708758,-24.76802479504308,20.247528
4068062322646462720,266.99177349969,-24.71989445705261,20.280754
4068061085762380672,267.0094406038124,-24.7764301544242,19.06945
4068061120057794304,267.02851271711836,-24.76420711952189,19.696844
4068061085762380416,267.01472140183495,-24.77196677345087,19.824875
4068061223137005696,267.0320861119911,-24.765475341607274,19.609215
4068061910331838592,267.0294022304404,-24.717336289184665,19.181627
4068061085762380160,267.0092998461733,-24.777453877315388,16.893766
4068061669811031040,267.05817187358775,-24.728413070123356,20.466507
4068061223137005952,267.03811441510544,-24.761029955340437,19.438166
4068061665502832512,267.05816478103554,-24.728259625494033,20.217323
4068061085762334720,267.014942614925,-24.774838793417963,19.272854
4068061085762379776,267.01466437785064,-24.773582968263437,18.415592
4068061699875682176,267.04660403291734,-24.72597799096687,18.652678
4068061188774693632,267.01510987960097,-24.758183752128645,20.808754
4068061188841598848,267.0118390720382,-24.763035319541967,18.41252
4068061631143093888,267.05782486715947,-24.736005553270903,19.426514
4068061154481860352,267.00786737208983,-24.766798906681828,16.366198
4068061154481860224,267.00258691560884,-24.77136437592956,16.840513
4068061154481860096,267.0051129028322,-24.770460263864212,17.778852
4068061631143093248,267.0562844208979,-24.74581718765408,19.799578
4068061562423583488,267.0022130224119,-24.732475256644875,18.141176
4068061631143093376,267.0564676047926,-24.738345447508358,19.301273
4068061223137006848,267.03170850047036,-24.76439689007434,19.60828
4068061631143092992,267.0550421867996,-24.735779157127794,19.40404
4068061257496745344,267.04409607399424,-24.756287072895375,20.168186
4068061154481859712,266.9999760311372,-24.775803028107944,20.637152
4068061257496745472,267.0438339336037,-24.755959678397996,19.936136
4068061532374719104,267.019828613819,-24.723109432919152,19.378101
4068061154481859584,267.0076065865508,-24.769866581033938,20.191416
4068061699862569472,267.0546484371342,-24.727154936573342,19.465864
4068061631143092864,267.05474447161276,-24.738044838361468,19.635303
4068061223134377472,267.0388147367063,-24.75627775478405,20.1082
4068061154481859328,267.0062777362216,-24.772155744351803,17.107706
4068061253185970560,267.05422234317894,-24.747825216420605,19.253239
4068061120122318336,267.0288646558269,-24.77171425817242,16.50457
4068061291853919744,267.01929428630666,-24.75282115300265,18.678179
4068061463655241984,266.99054529490417,-24.74360027485677,19.641579
4068061120122120832,267.0136518907387,-24.76657568176125,16.375923
4068061223134377600,267.0385817196558,-24.75682800517925,19.584139
4068061291853919616,267.02004192009775,-24.753197786954864,20.456383
4068061120122318592,267.0270660387235,-24.770404368563977,17.703686
4068061188842253696,267.007030751692,-24.752545093524887,19.639498
4068061085762381952,267.0028010591582,-24.777653234900505,18.02628
4068061085762381824,267.00505389442833,-24.776561295905047,19.191704
4068061601091881216,267.01371819517107,-24.71392626683484,18.26667
4068061532374713728,267.0232371820865,-24.723445681347076,19.860474
4068062215258590976,266.9754186218301,-24.73063700809777,19.239151
4068061360572227328,266.9970623978686,-24.757274826663597,19.616571
4068061150106721152,267.0002724104121,-24.767705192063218,19.449465
4068062219569521280,266.9850454061888,-24.729691623246335,19.726597
4068062219569521536,266.98388840820354,-24.730273285677434,19.694223
4068061566732098560,266.99700330319655,-24.73107245997328,19.647432
4068061356265142144,266.988176868049,-24.766239624020905,19.085217
4068061562423578624,266.99715824961606,-24.72403242141587,18.331041
4068061459344356480,266.98752973769336,-24.741440890847844,18.528688
4068061356265141248,266.98721166901106,-24.765050894865663,19.570726
4068061188778124544,267.01592710308756,-24.763505846342458,20.631462
4068061532372235264,267.0234296726147,-24.72978150246054,20.756016
4068061459344364928,266.99861283770565,-24.737934617337302,18.362972
4068061356265140480,266.9866098451072,-24.758346804583983,19.33533
4068061356265140352,266.98644502522495,-24.7512126278231,18.88505
4068061356265143936,266.99083693314697,-24.74928376884393,19.140936
4068061390624882176,266.9907407197312,-24.748208066585377,18.96891
4068061223134384384,267.0326264095546,-24.757888247187985,20.51493
4068061459344358016,266.98880495119977,-24.74483683620199,18.57785
4068061321905433728,267.0281774414184,-24.735934682842842,19.880466
4068061566735222400,266.9972498184249,-24.733698115917676,20.793344
4068061287545688704,267.01965331525804,-24.751666359738167,19.170326
4068062215258596864,266.9825159383418,-24.727860142996743,19.663008
4068061115747000832,267.02472780133803,-24.767628159384294,19.735723
4068061566734474368,267.0053985561754,-24.72222030938233,19.111027
4068061356261102848,266.9870350937106,-24.755634297075254,17.74979
4068061257494123776,267.048531050215,-24.746545411061486,20.012152
4068061631139036288,267.052388348059,-24.743905362182215,17.863152
4068062215258595456,266.98135293217024,-24.726806988942787,18.995186
4068061287545693824,267.02696586292876,-24.750280470635936,18.838984
4068061184462409984,267.00313326894985,-24.755912771666548,16.651407
4068061459344355200,266.9859466023673,-24.742507251916,17.738983
4068061085689860992,267.01554854505383,-24.784621789701635,19.25187
4068061287558793472,267.0263513635501,-24.747282734376096,18.45198
4068061601094206720,267.01924078762266,-24.716276585874233,19.735348
4068061184462413056,267.00714782957186,-24.75473034850863,17.124994
4068061326281123328,267.03109110476225,-24.74381657433452,19.985378
4068061253185960960,267.0348401864223,-24.747148709161557,19.413788
4068061910329371904,267.03143050894795,-24.722011172182476,20.359077
4068061463655252480,266.9892547429871,-24.737539889346802,19.360537
4068062215258598144,266.98429212739165,-24.728252299471926,17.647324
4068061498015749760,267.01203836663234,-24.731712522668293,20.715368
4068061356261104256,266.99212648654975,-24.75479292277986,18.174673
4068061459344353536,266.98357551856225,-24.73575100065129,18.406828
4068061321905438208,267.03577928481366,-24.74329910154711,18.53692
4068061424984615040,266.98356553430983,-24.74918764837503,18.894981
4068061321905438336,267.03580152125915,-24.729427827388637,19.02207
4068061566734470528,267.0057278930264,-24.724249872769477,19.664665
4068061669814463360,267.0626383246881,-24.7255295456567,21.046015
4068061566734470272,267.00069053735643,-24.728013578295982,19.479622
4068061120058649600,267.01652547289956,-24.76520562134406,19.18984
4068061120058649728,267.0195577397601,-24.76275843637624,20.636723
4068061321905435392,267.0310999359716,-24.73830152852768,18.868647
4068061528063866112,267.03178318459044,-24.725328391971154,17.734953
4068061321905436032,267.0318781863633,-24.73663277376079,18.856993
4068061321905436160,267.03205863917333,-24.742702155569393,19.73638
4068061188778123264,267.01381559153594,-24.76172672312089,19.646019
4068061321905436416,267.03224502073743,-24.728354716588044,18.657297
4068061601094219648,267.01273854894254,-24.715515347270667,19.958052
4068061566734481024,267.0009612259931,-24.72390498113497,19.4339
4068061287541624320,267.022500495985,-24.755868777023025,18.782198
4068061120049593856,267.02344568633873,-24.776940248119462,18.12927
4068062185274017280,266.97378708224767,-24.740212374640546,15.030594
4068061287545686784,267.0178464406945,-24.746675201502786,18.477707
4068061566734480000,267.0019752765539,-24.72356983671511,19.472254
4068061184462405376,267.0198941285669,-24.757122720710537,18.183332
4068061085689859456,267.01860196207696,-24.781345610673092,18.338884
4068061601159038592,267.01536760380895,-24.716677530997217,19.502748
4068061120058653184,267.0222271193326,-24.76893911789533,20.353151
4068061566799299456,267.00674369391623,-24.72495488122888,19.467907
4068061704174009728,267.04456477466846,-24.73210593221857,20.422815
4068061463655267584,266.991259927848,-24.72945617995541,19.754223
4068061120049591808,267.0219148967625,-24.777663776412503,17.863272
4068061463720083968,266.99077601250553,-24.737568849357007,18.485182
4068061566732113536,267.0019484733877,-24.72577273051578,20.885807
4068061463655267072,266.9850959445202,-24.73378717173686,19.04949
4068061566732113664,267.00184169517144,-24.7260707676268,20.835958
4068062219634330752,266.980701125661,-24.730889366053972,19.909637
4068061120058651008,267.0177515236296,-24.766059439987533,19.472193
4068061596783335552,267.02106102020724,-24.716517040160042,19.036015
4068061566799301504,266.9941445071584,-24.726883995846222,19.505667
4068061115746998912,267.0223121113555,-24.761299225583354,18.324427
4067310565940456192,267.06547399723706,-24.77247652800211,20.22121
4067310325422118144,267.06856152808734,-24.78872128135393,20.855768
4067310943897684352,267.06898741569097,-24.757218398978225,18.93442
4067304346820983040,266.9929347255062,-24.83400806793482,19.855963
4067309363358433536,267.06786152865993,-24.823824346853897,18.291325
4067310462871649024,267.019226985326,-24.7829681488401,19.17436
4067310149305579520,267.0583709704642,-24.81009346098565,20.033
4067310737738954624,267.0880299003879,-24.777512134447612,18.834772
4067310462854550272,267.01655978831025,-24.788471131208873,19.317678
4067310531581741440,267.05953117668696,-24.783214399390985,19.969313
4067304484259964800,267.0131138226826,-24.811154924479172,17.300222
4067309363358435200,267.0574165380639,-24.830178567152903,20.02548
4067304243741581952,267.05077860805284,-24.825765863281216,20.210161
4067310462871648640,267.0192250413531,-24.783642633056644,18.539156
4067310531590361344,267.0491081216326,-24.782263696958704,18.447515
4067310291062153984,267.08825547152435,-24.796301607855106,20.769178
4067304278101427584,267.02435386846633,-24.825032274572767,20.407846
4067304415540599424,266.97325594055724,-24.828309034873598,20.007679
4067310428502527616,267.0515855925268,-24.787754503019695,19.035353
4067304484259969152,267.007167571929,-24.815078500618394,19.960178
4067304381187424640,267.0017074907401,-24.830516109190366,20.459883
4067304243741582208,267.04673976810767,-24.82878426248458,18.370073
4067303453483437184,267.0408780436673,-24.843584101328847,20.021503
4067310531590362624,267.05126387685726,-24.780021293287994,20.348494
4067304587339291520,267.00840689437877,-24.796913443931484,19.154156
4067309397708848512,267.07811383159475,-24.81302648009512,20.625181
4067310462871649792,267.0217516757833,-24.784034411699132,18.277224
4067304484267787520,267.0052624498374,-24.821170916263586,20.485382
4067304587339291648,267.00888623314796,-24.796913827606577,18.5239
4067310359783156992,267.0773156478426,-24.784623880685693,20.72394
4067310428494705408,267.03790216455394,-24.78902898426679,20.29387
4067310462871650176,267.02154738594356,-24.78344774931215,19.223595
4067304587339291776,267.008993527764,-24.79728392345662,19.42881
4067310462854551040,267.0172363805501,-24.788594581438495,19.212149
4067310187976428800,267.03802776364125,-24.812927539668102,20.01787
4067304312467878272,267.0263153700998,-24.820244965914927,20.84591
4067304243741597312,267.0462104911114,-24.826227590506218,20.296223
4067310321107790336,267.07160337026767,-24.789884551430916,19.063496
4067310394134966272,267.0291471985451,-24.79695221169963,17.119246
4067310462854551424,267.01872409086184,-24.788713444882273,18.890993
4067304587339292032,267.0090173506387,-24.79759583474343,19.042633
4067310462854537600,267.02201485880465,-24.788627533942247,19.91946
4067304346821016320,266.98867326971754,-24.830716628013736,19.650412
4067310462854551296,267.0180124253959,-24.788737555343282,19.12162
4067304175022217344,267.00666317085046,-24.839449602538416,20.191818
4067310600301327104,267.04460842849954,-24.76716394359948,20.22465
4067310531590362496,267.0605280761122,-24.773769771270242,14.8778305
4067304415540600320,266.97801024991975,-24.824144442590562,19.46402
4067310531590362368,267.0526771219004,-24.77926994267403,20.79154
4067310462863565056,267.0182944291455,-24.784508454950902,17.400015
4067304346820978176,266.99303700121345,-24.835231711668982,18.78227
4067304449900338816,266.9925098621131,-24.811696981654432,19.452263
4067310462854550528,267.0160773743127,-24.78941485311049,20.536556
4067304278101432832,267.02056192318815,-24.82748057105714,19.663307
4067310462871650944,267.0212571365927,-24.784458846068365,17.779785
4067309530833915392,267.0895046625532,-24.799141313868503,17.025686
4067310462854550784,267.0168941361086,-24.788287848562035,19.235947
4067310462871650816,267.0184084439204,-24.783834758027094,17.627823
4067310359783158016,267.0764826350706,-24.786535051821676,20.695753
4067310565950102272,267.07036848759424,-24.765365046154596,20.335434
4067310359781965824,267.06701020559996,-24.778061436427734,20.971659
4067310497214290432,267.02922201438025,-24.780359496366398,17.248512
4067304175022218112,267.0080653720384,-24.837875174161628,18.52719
4067304308150039552,267.03247682598357,-24.818972982554996,19.858257
4067310462871651072,267.02118818190127,-24.784135862151345,18.311468
4067310325422096128,267.06907505875216,-24.79041679940985,20.229082
4067310531590363264,267.05099592205295,-24.778923191518086,19.915558
4067304209381849472,267.0360451881625,-24.836994354798758,19.858765
4067310531581743104,267.063938181745,-24.779155839761287,19.589756
4067304278108141056,267.02224119197064,-24.822976152663507,20.522207
4067310394134967680,267.03373735792337,-24.7925036985274,19.89041
4067310565941481856,267.0709206057246,-24.773828507263325,19.770494
4067310462871650304,267.0215402624732,-24.783231896373948,19.041185
4067310394134926208,267.03952941677994,-24.79647567807491,17.523432
4067304518619709312,267.02360547479395,-24.801123794018856,20.33214
4067310462854551680,267.0191689230848,-24.788845165273866,19.986864
4067310462871650688,267.01882433497104,-24.78385904552758,18.320395
4067310600301327488,267.0369972182309,-24.765755226815692,20.686663
4067310394134933120,267.0298398273758,-24.803287139826935,19.32734
4067310462854551552,267.01829326647703,-24.78874410571268,17.038593
4067309363349001984,267.06355689065174,-24.83309381729089,20.585264
4067304484266601088,267.01787812978716,-24.823054545130045,20.864433
4067304518626446592,267.02511258378036,-24.80657186454953,20.38492
4067310600301327360,267.03845886739896,-24.764313308497115,20.547136
4067310389823732096,267.03487281971405,-24.804631748378664,20.15627
4067304484266642816,267.01166576453795,-24.823482527202042,20.705261
4067304381187493248,266.99876616654785,-24.82469100032327,21.00693
4067304346820977536,266.99254820297057,-24.83577462915489,19.85452
4067304381180752128,266.9917092473283,-24.8288777929486,19.494373
4067310462854551808,267.01938006155376,-24.78886752211682,18.992167
4067310291063524096,267.09009358546257,-24.794596832946976,19.224686
4067304175022219008,267.0069050406372,-24.838699574817504,18.125008
4067309363358436608,267.06526537334275,-24.822606373698175,19.138708
4067310428502637184,267.03953851209354,-24.783112841723348,20.799572
4067304484259967488,267.0117729893714,-24.811454633818506,18.919046
4067310943907225472,267.07257413225943,-24.762550862550544,19.684374
4067304175022219136,267.0072718802164,-24.83885017038104,20.55571
4067310600301275392,267.0362865230379,-24.768393028276744,19.94629
4067310531580659072,267.06582248011654,-24.778709166443576,20.61144
4067304346821014144,266.9876955189334,-24.832080041300276,20.120346
4067310565941482496,267.0712283279284,-24.773108768188873,19.648327
4067310359781967104,267.0785812403177,-24.769940481244614,20.957941
4067309397708792704,267.07510483560554,-24.820035009268434,20.744802
4067310119256847488,267.05691182522025,-24.819448275177827,19.807566
4067310153623196800,267.0694254437109,-24.809230745483035,20.131254
4067310497222047488,267.0360534604024,-24.773732104103516,19.394081
4067310428511149440,267.0403104775851,-24.78520109892041,17.432467
4067310462871651712,267.0201269590959,-24.785375712617537,17.151138
4067310153624569216,267.071999811634,-24.80846413777265,19.184584
4067310153623142784,267.0715221838966,-24.812775219736853,21.038425
4067310462863567104,267.02188166913675,-24.780915019743073,18.232157
4067310497214296320,267.0270255876079,-24.781380484233452,18.260687
4067310462871651584,267.01987397109906,-24.785776027539814,18.151068
4067310428502636544,267.0460477857193,-24.781285792387926,20.560379
4067304209381851008,267.03385636186925,-24.838640460204527,20.154036
4067304346821014656,266.9852629023729,-24.834089412106707,18.384108
4067310256703784064,267.08437279075406,-24.800114713158983,19.333467
4067304346821014784,266.98527704661234,-24.834519296306414,20.082941
4067310428501498624,267.04677204791113,-24.78584377372794,20.219683
4067304484266705408,267.0087982136421,-24.8181818582329,20.756933
4067310497222113536,267.0377548459926,-24.777455268170904,20.503977
4067309535147853440,267.0907211654328,-24.79928920122222,20.43694
4067310531581745920,267.0566299562402,-24.781669408065195,19.74902
4067310943907226496,267.0747434654687,-24.75947229421965,17.73077
4067304381180715264,267.0037453620817,-24.826351050996614,18.410393
4067310462871653120,267.0219219998417,-24.780136464419385,17.886288
4067304209388408192,267.03717705581465,-24.836233908484765,20.403814
4067310428494707712,267.03632750732174,-24.78984066568993,19.866333
4067310497221081088,267.03425948743444,-24.78187172480011,20.032827
4067304243748199040,267.0431886488658,-24.827336304037214,20.810717
4067311012617264768,267.0689278815092,-24.740099098220327,20.821423
4067310458534922752,267.0148995752712,-24.787219570424206,16.425472
4067304175022216320,267.0121049861223,-24.835722033299547,20.740898
4067310462871652352,267.0176957797313,-24.784515728819734,18.581835
4067310428501446272,267.04502066061525,-24.792780103894742,20.64847
4067310462871657600,267.0227899208066,-24.77893981413738,18.01643
4067310428511150464,267.0385607491548,-24.785115199952322,16.199678
4067310428501446144,267.04484260906594,-24.792661367000775,20.243868
4067310462871652736,267.01688624197527,-24.784066310207606,16.87343
4067310119272683136,267.05968937023175,-24.82444705723392,14.721102
4067304484259973120,267.0020104383386,-24.818771396631437,20.1867
4067310462870888704,267.02990517594407,-24.791162281457765,18.538494
4067310497222114304,267.0286231546799,-24.777934456309602,19.26054
4067310565950105216,267.0633005779959,-24.7663677349294,16.669666
4067310497231392384,267.02432841817716,-24.779708598474016,19.119823
4067304411229219456,266.9819697876017,-24.835811285047843,17.761055
4067310153623144960,267.0765680628319,-24.80882994628714,19.629107
4067304449900342272,266.98856304819833,-24.813932213948142,18.374834
4067310222336171392,267.05100602620263,-24.800983482910137,20.09827
4067310531581746944,267.0523962848188,-24.78360446040389,19.736443
4067310531580660736,267.0652529135343,-24.778940534364644,20.725151
4067310565950105344,267.0681326471738,-24.76253777131264,18.264776
4067311012618133888,267.0650239967258,-24.74926285347027,19.816164
4067310497231392512,267.0243793245306,-24.779391414752897,17.12807
4067310119264993920,267.0499748480713,-24.821005292043477,20.641449
4067310462871653504,267.0200273058892,-24.781287141498073,17.518694
4067310394141759104,267.03472082441556,-24.794266379699412,20.61835
4067304175022221312,267.00828131781975,-24.836592367059225,20.427822
4067304243757424512,267.04748575575695,-24.830989186408644,18.561342
4067310359781913472,267.0753550754587,-24.778508499292037,20.201365
4067310428501496064,267.04218230543313,-24.78930399419821,20.257484
4067310462871653376,267.0197419593851,-24.781204610882607,17.801443
4067304587339296256,267.0107914024614,-24.795323052659985,19.219603
4067310943907226880,267.07841801337236,-24.756501020296476,16.240335
4067310531581746432,267.0636039623793,-24.77609736834955,19.899729
4067304415540560000,266.98322657509107,-24.824858835719425,20.385149
4067310462854554624,267.0199025480924,-24.788052572470765,19.231823
4067310119256849792,267.05522592896847,-24.82035727591761,19.115204
4067310565941486208,267.07436823857546,-24.76760255733251,19.722715
4067304552987380352,267.00196606398436,-24.804868368108917,20.848488
4067310497214293376,267.0276731835369,-24.781237851143956,19.933708
4067310325422173440,267.0696660285706,-24.782632401676835,20.79274
4067310462871655040,267.0245578130575,-24.78100988363662,18.286535
4067310325422124416,267.06663021169686,-24.789285175390848,20.350285
4067310497214293248,267.0275382379879,-24.78085895398229,19.496893
4067304140662483584,267.0008363594005,-24.84310519750311,19.70317
4067304445588958976,266.98497707178296,-24.820267680859352,19.536968
4067304312467908480,267.033283479355,-24.812639743318663,20.975288
4067310394141708416,267.03394605194865,-24.800260359980214,20.624945
4067304552979554304,266.99634570078587,-24.80902524555729,20.407825
4067304243757421056,267.0526650386697,-24.831521964453593,19.54278
4067310497230629632,267.038109392905,-24.782445051953673,19.911865
4067310222342910592,267.05404829272317,-24.797869457849664,20.063217
4067310531580662144,267.0635499345894,-24.779797358935237,20.229572
4067304518619713152,267.0130392071728,-24.809013002874128,20.34541
4067310497230628992,267.0439087032582,-24.778379285643584,17.95334
4067310462871654528,267.0198675997499,-24.78296225578819,17.779991
4067310462854562944,267.01906627738276,-24.78756637864288,19.298662
4067310531581747200,267.0605117971175,-24.77788336127181,19.12722
4067304518619713280,267.02166193949233,-24.801505612585032,20.126612
4067310256702516736,267.0789039811873,-24.79348608009281,20.454687
4067310428502532480,267.04240525324394,-24.79016134125767,19.90654
4067310222342910720,267.0507757273881,-24.80010185230151,19.917255
4067310256703781120,267.08422982510353,-24.801936787430567,19.315826
4067310462854555776,267.01563378306224,-24.791925275841077,20.422396
4067304381180755968,266.99826153751275,-24.822499218074647,20.954197
4067309500788057088,267.08208071806956,-24.810878678620913,20.188677
4067310359781863552,267.0789748235678,-24.780726120828724,20.735636
4067310153624566144,267.0731516699567,-24.809606267674486,19.24465
4067310462854489856,267.028982614445,-24.789297708122337,20.755945
4067310256702360832,267.07715982771293,-24.808669130340775,20.255278
4067304209381853312,267.0345726980612,-24.83764165377036,19.599794
4067304381187497856,267.00182481109977,-24.822122030386826,20.464281
4067304175022222848,267.0123170254719,-24.83314564489938,20.04753
4067304552987381504,266.9933549067517,-24.80712508150365,20.754805
4067310428501448448,267.04869834747785,-24.789975081564403,20.116138
4067310462863571456,267.02029840154665,-24.780772360969184,17.054996
4067310462854555904,267.01544487897377,-24.791589589092755,19.436659
4067310119272685312,267.054264286509,-24.82599098109816,19.377247
4067304484267904896,267.00498276763705,-24.81672581563506,20.535677
4067310187983171840,267.0417362214914,-24.806445333981937,20.89889
4067310497231394688,267.02337782804904,-24.778420224191162,18.56718
4067304312461176704,267.0281218950087,-24.819421087856355,19.422636
4067310497231394560,267.0234125515755,-24.7780954643743,18.47603
4067310119272684544,267.05433261177524,-24.827381739529194,18.683086
4067310565950106752,267.0647132256846,-24.76355068559433,17.123098
4067310565941486592,267.070851242682,-24.769805458779505,19.66259
4067310462871655552,267.0222408976816,-24.78035734226647,17.877918
4067304411229217920,266.9792464390913,-24.82909295971434,18.693275
4067310153624566400,267.06552430447306,-24.814548433597253,19.660688
4067310497230629888,267.03564339479715,-24.784070733443752,10.473435
4067310462871655424,267.02240438184253,-24.780248353493736,18.046896
4067304484259971968,267.01077384840323,-24.81146846131686,20.196444
4067310428494711040,267.03751271253554,-24.788199278395016,19.972235
4067304587347116544,267.0125365612884,-24.790645344204552,20.015284
4067304346827652608,266.99671305948107,-24.837267388500287,20.974758
4067310943898609024,267.0787334182242,-24.763862128170775,19.590942
4067310497230631552,267.0307007681832,-24.784950941242972,20.10023
4067310497223311104,267.02735271758434,-24.77768474567261,19.56627
4067310394134973952,267.0237265972649,-24.7997701344989,19.561026
4067310153623148160,267.0682531715253,-24.814295796353242,20.466486
4067310394134974336,267.0248695507638,-24.798704335176257,18.89543
4067310565950108544,267.06291254867847,-24.76267745443043,16.882957
4067304484259972480,267.0122779750292,-24.81007700864549,19.637796
4067310634660138112,267.04997339059753,-24.75388369095709,18.448523
4067304411229218688,266.9802991761461,-24.83306764791372,17.721119
4067304243749733376,267.0474576207075,-24.824969820783828,20.796494
4067310394134973568,267.03134471992917,-24.793343817946905,20.388443
4067310222336174336,267.0485597173251,-24.802265426239416,19.78956
4067310497231395584,267.0230602882348,-24.77862213774963,17.402355
4067304587347117184,267.0155143420039,-24.801552533850103,20.629015
4067310153623148288,267.06827662190204,-24.81460343254034,20.901014
4067310462871656576,267.0210978111412,-24.780119076556918,16.36372
4067310497231395200,267.02323447055437,-24.778854400377988,18.309738
4067310394150627072,267.03345213988194,-24.799916570609927,16.494478
4067310359781972224,267.0753888054046,-24.77116875686324,20.606161
4067310394134973824,267.03106406597567,-24.793916713955383,20.298187
4067304552986337792,266.99874487042194,-24.807036826540084,20.647808
4067310565950108032,267.06577641671936,-24.7611315716717,17.146614
4067304484259972992,267.00158126710426,-24.81866061366342,20.350616
4067310222342956544,267.0503153177849,-24.796108606917333,20.081959
4067304552979482880,267.0032759860083,-24.81215826731278,20.23852
4067310978258348416,267.08918628074053,-24.75620696651572,19.501675
4067310153623147904,267.06990268067017,-24.81354277485644,20.131428
4067304278101435904,267.02108514286886,-24.825879804725464,19.821754
4067310462871658112,267.02354581058034,-24.78010601282667,17.943365
4067310183665308928,267.04635273862857,-24.814881285701073,19.268888
4067310531580708608,267.0617315443182,-24.776038240744597,20.662285
4067310359781865728,267.08140443937526,-24.77862578842024,20.92393
4067309397708797184,267.0796449259216,-24.815712271010355,20.375748
4067310394134975232,267.0315960473924,-24.79269442223728,19.762648
4067310462854559360,267.02137414302297,-24.785516250431357,19.526978
4067310561614132352,267.0647046585388,-24.77411827216615,16.61189
4067310462854513408,267.0289505543444,-24.785769189206952,19.952423
4067303487827282944,267.05286088481864,-24.835750873816977,18.951973
4067310462871658240,267.0235772709587,-24.780377510388934,18.710953
4067310531581750400,267.05879762112403,-24.777107218027563,19.899204
4067304449916681856,266.9868737556366,-24.81247608907146,20.34055
4067304552987273088,267.00207356243806,-24.81683698543934,20.28371
4067310565941488896,267.07012066307504,-24.769212180631623,20.027388
4067310497230632192,267.033702587986,-24.782769202909552,18.681711
4067304278101440896,267.0231979445681,-24.823019430806742,19.06784
4067304484266715392,267.0127401727033,-24.814416297631837,20.776548
4067310394141713280,267.03763037430184,-24.797373060352626,21.098665
4067310462871659136,267.02515413478227,-24.781215326817016,19.478695
4067304376869486208,266.99098723502124,-24.828540146847036,18.472342
4067310978258350720,267.08824434968085,-24.755659338612983,19.190859
4067310462871659008,267.0247539711311,-24.781579008219158,18.567432
4067310256702406272,267.08120770777384,-24.80194676094355,20.20828
4067304449916678400,266.9916862212624,-24.812257363913627,20.484144
4067309535147859584,267.0898182627547,-24.799574622098465,17.806524
4067309535147859456,267.08950831186576,-24.799624346990974,19.515987
4067310737740657792,267.08426472872804,-24.772848876837845,20.796953
4067310462863613952,267.0243948038968,-24.78484990884772,19.69901
4067310497222053248,267.03673157811187,-24.77090326011421,19.491854
4067310428502536192,267.0488824400557,-24.783400556748767,20.034449
4067310565950109696,267.06168031040977,-24.76257680620948,17.443138
4067310119263411328,267.0561126969873,-24.822938122079137,20.605207
4067304239430572416,267.04859045981476,-24.824691710832766,18.608227
4067310119263411200,267.05587701972706,-24.822889451090276,20.496666
4067310462854559872,267.01601994208255,-24.79037681923407,19.614286
4067310462871658880,267.0251111577729,-24.78169581360459,19.618038
4067310462870894848,267.0225922347318,-24.78906724434677,20.084929
4067310462854559744,267.0160755987662,-24.78988201480821,19.88533
4067310462871658752,267.02543612903827,-24.781808260125665,17.19751
4067304445588959744,266.98631295541554,-24.81971518590709,18.980345
4067310394134977024,267.02748518648633,-24.795419163468786,19.53819
4067310497223313920,267.02628726804824,-24.78090815392446,19.287548
4067304552979559296,267.0027170877034,-24.802152371216042,19.630306
4067310119272689408,267.0591401428415,-24.81714286992565,17.146538
4067304587346077696,267.01519473239904,-24.79553547881303,20.040201
4067310394134977280,267.0280253299306,-24.795482350915837,18.571224
4067310462854561408,267.01985111441996,-24.78725481268567,19.036478
4067304445588960128,266.9868272417314,-24.81736876812969,19.254541
4067310634661006976,267.0581834332275,-24.755930131560074,20.22555
4067309500789533184,267.0856377552208,-24.803650689531768,19.104147
4067310428502537984,267.0431495752706,-24.78596600296326,19.461575
4067304415540498944,266.9851585033696,-24.83230919651808,19.075201
4067304449900344448,266.99180954277773,-24.811204339213276,20.095541
4067310497214229888,267.033280986936,-24.784396592361286,20.203485
4067310462871660288,267.0206250992816,-24.78236985865768,18.644995
4067304552987381888,266.99245846371724,-24.80666996668315,20.42918
4067310978258351104,267.08863348121355,-24.755030541744272,20.183699
4067310462854561664,267.0177672913401,-24.786381998470738,19.101492
4067310325432049536,267.06703348423156,-24.784095460842988,19.959478
4067310119272689024,267.052733848909,-24.822694128133044,19.378086
4067304342509745280,266.98710223665023,-24.833743372291263,19.101341
4067310187983177600,267.0380062922044,-24.80859027462118,20.803589
4067310394134976896,267.02850381670453,-24.79542223997038,20.537348
4067310462871659520,267.0213077703274,-24.78134106813179,17.957119
4067304106318473088,267.02694130815007,-24.84618321593233,17.317966
4067310634669587840,267.05656578624837,-24.764567238676502,17.786934
4067310187983177472,267.0378241995364,-24.80829447819317,19.944098
4067310497221074688,267.034965552892,-24.78219988525029,20.056082
4067310527254392448,267.0525910941134,-24.775448093712825,15.946655
4067303487835623680,267.04708184185233,-24.84073734871404,21.06854
4067310462871659904,267.0198073112345,-24.782406216305773,17.749466
4067304381187428480,267.0064263524824,-24.827037263890674,20.413134
4067304140662485376,267.00143488702497,-24.84214922916735,18.802084
4067310256702365952,267.0819514143063,-24.804849098193262,20.320654
4067309363342562944,267.060539083641,-24.825640391903725,19.173018
4067310565941492224,267.06600104656366,-24.7697841246224,19.444029
4067310943898614400,267.07773023120427,-24.76146794169168,19.669567
4067310565941492608,267.0719154625096,-24.7653933857372,19.716862
4067310462871661056,267.02410085001986,-24.786224792645353,18.658493
4067310291062142592,267.0911124748939,-24.79526081207616,17.936218
4067310462854490112,267.02866668622846,-24.789128821674414,19.100883
4067310462854482560,267.0286298492435,-24.790356319541488,19.041487
4067304209397692928,267.02804635102035,-24.839342735786637,19.636179
4067304449908167680,266.9971726963879,-24.816122941170946,20.7771
4067310462871661312,267.0224262819797,-24.782139011226768,17.655184
4067310600309850240,267.04083711568336,-24.774390473804846,16.75986
4067310497223314560,267.0272446847081,-24.777100326870784,19.514414
4067304209389999232,267.0282582367724,-24.84118403057656,20.991978
4067304518626376320,267.0245833638006,-24.814929062025392,20.201231
4067310634669588480,267.056711506288,-24.76364361040324,17.516817
4067304587339303296,267.01342236428536,-24.790682624442454,19.910042
4067310394134977920,267.03266295721926,-24.791415814669932,19.769035
4067310634661004288,267.0545884797852,-24.759109217071465,20.190699
4067304484266646784,267.01198625333217,-24.82285844535479,20.83461
4067310600309850496,267.0502930709018,-24.76768464698551,16.428885
4067304312461178112,267.03646555912997,-24.81194278113381,20.094383
4067304106310784384,267.02206608250816,-24.841161189659644,20.778893
4067310462871660928,267.02409951203776,-24.786043856649663,19.921726
4067310497223314688,267.0269256648242,-24.776820920623173,18.994555
4067310497230635264,267.032691407132,-24.780012958711882,17.20676
4067304278101439872,267.0180690662052,-24.827735042090893,19.164259
4067310394134979200,267.0314647753934,-24.79222577561922,18.346228
4067310462871660800,267.02377496020245,-24.78651336398412,19.873947
4067310531580669824,267.0622797761388,-24.780143375493168,20.71712
4067309363349063168,267.0672476215195,-24.82470920359067,20.058416
4067304449900269184,266.99265183291436,-24.820983887647092,19.886261
4067310462871662208,267.0241563067198,-24.78361793877316,18.56317
4067310531580669696,267.0598499629025,-24.78182237081713,21.065191
4067304587339303808,267.01364702876657,-24.791108918725893,19.37288
4067304243757432192,267.03850689923803,-24.829555209006557,18.88062
4067310492894651520,267.03043438694124,-24.776723515308852,19.241146
4067310600309852032,267.0506742202394,-24.76405344031479,19.879414
4067304312467915648,267.0318290632904,-24.812973304475392,20.840143
4067310462854563456,267.0172792388524,-24.78912960935622,19.725172
4067310634661004928,267.0513780172417,-24.761188444298877,20.312714
4067304587339304064,267.0145832628075,-24.791618380732075,18.900997
4067310462854563328,267.0173254203018,-24.790102561461975,20.346416
4067304587339197056,267.0184037743997,-24.802856625739494,19.450665
4067303487833804416,267.055868291401,-24.832380062655883,20.978682
4067304381187392768,267.0098898079407,-24.828080425933653,20.359411
4067310222342918016,267.0558848589514,-24.795852905048726,20.517715
4067310462854563584,267.0168879569601,-24.790065909568433,19.975155
4067310183656968704,267.0459127365626,-24.80319788490186,18.602152
4067311012626711808,267.0669598104682,-24.754258737762246,20.537415
4067309397708802816,267.0718976595933,-24.821434672077313,20.506056
4067310462871661952,267.02534538550793,-24.783086743764013,19.848032
4067304445588966784,266.9968776883772,-24.818743006317153,19.310751
4067304243748078336,267.04734834695506,-24.83573136303128,20.446518
4067310531581756032,267.0529894630632,-24.777907537070035,19.72901
4067304342509751808,266.99695198253534,-24.841307317385525,18.2209
4067310291062246656,267.0928673373915,-24.784654687194994,20.615028
4067310359781979008,267.07583872825876,-24.770625836947104,20.004578
4067310565941494272,267.0631823933596,-24.771045842058555,19.551214
4067310462854563072,267.0195069269369,-24.787183253340434,19.744144
4067310565941494656,267.0683909912862,-24.767125890276567,20.039038
4067310497230637952,267.03378340517287,-24.7740926957667,17.877958
4067310462854488320,267.02446149005243,-24.792973660343197,19.423872
4067310462871663488,267.02242785312035,-24.782898549109333,16.19991
4067304415547243136,266.98754766095897,-24.831249296041666,20.762646
4067310355455697664,267.075753411585,-24.776741432193894,17.442875
4067310462871663360,267.02619192393,-24.782525473848132,17.614147
4067310119272691712,267.05279223865716,-24.81824587416318,19.965796
4067310187983180288,267.0372570353018,-24.808809253427786,20.82654
4067304312467921152,267.02614636959765,-24.81627039054915,20.990564
4067310394134961664,267.0322843856011,-24.795338202877527,20.171604
4067310187983203456,267.03711232049943,-24.80667244205641,20.846272
4067304209397691264,267.0338367745864,-24.83678462973031,16.472034
4067309397710315392,267.0742753207267,-24.81322616806053,19.58883
4067304587355636480,267.0066454192169,-24.796909423084717,19.990961
4067310497223348352,267.0262968695752,-24.78128384364268,19.720718
4067310978258354560,267.08644151299717,-24.75491612960419,19.466366
4067310394141718016,267.03621538903246,-24.797890593303833,20.748167
4067310497230637312,267.02867402117226,-24.778646614777696,17.34953
4067310222344325632,267.04782368254536,-24.80129974167457,20.234478
4067310462871662848,267.025903636534,-24.78233554222934,18.80719
4067310462863579776,267.017064415201,-24.785067699967776,19.244242
4067310222342918144,267.0561504898195,-24.795860850827978,20.558779
4067304449907009024,266.99127161621084,-24.825612967836786,21.004564
4067304415547243904,266.9843260069728,-24.833380717707833,20.234848
4067303487833802496,267.0506151103143,-24.8361690742556,20.92605
4067310153623155328,267.0715070983788,-24.81171029970146,20.463663
4067304449900241152,266.99046745630443,-24.82747421585571,20.136805
4067311012618124928,267.06385299275587,-24.75327554607778,20.187271
4067304243748184064,267.046814596322,-24.826348307454236,20.9812
4067310497230638976,267.0301044245242,-24.775320224256124,16.575682
4067310119272692864,267.0525657444728,-24.817611466536434,15.00511
4067310428501455872,267.04891716469757,-24.789162697239714,20.667822
4067310462863601792,267.01994706217863,-24.784000758003984,19.212133
4067310222342919808,267.0548679915031,-24.79666110258202,19.61023
4067304415540503040,266.98161057784114,-24.835046487477637,18.892027
4067304484266613888,267.018565971258,-24.82141185219693,20.418098
4067310252385143552,267.06929118612027,-24.79677758776506,17.920265
4067304376869487616,266.9936533176606,-24.83257738068128,19.150766
4067311012626713600,267.0741978001917,-24.746100645894998,16.828959
4067310222342919680,267.0543082699931,-24.79697764221507,20.172491
4067310222342920064,267.0538840922926,-24.79721315130665,20.07133
4067304415547264256,266.9878136080544,-24.82872200126047,20.649378
4067304587347021568,267.019380631186,-24.799055344565936,19.915928
4067310462871663616,267.0220317767458,-24.78297854076697,17.440289
4067310497230638464,267.0344305600154,-24.772722803122413,20.266062
4067304445588964736,266.9939884208045,-24.8168077069021,18.480757
4067304484268016768,267.01378125307974,-24.82681129045057,20.886402
4067304175022227840,267.0055911474319,-24.837363415052963,19.967648
4067304308150036736,267.0278811131268,-24.814686365110948,17.97894
4067304518619718784,267.0191562472753,-24.802458406223156,19.69698
4067310462863580800,267.02470364303343,-24.781198630459915,19.507652
4067310462871665280,267.02253818380467,-24.783770592033544,18.726091
4067310978258356864,267.08573075191566,-24.753672282524484,19.87801
4067304518619718912,267.01922295261215,-24.80262663120963,19.442762
4067310462863580672,267.02008343479633,-24.78424548783212,19.33837
4067310462854565120,267.01490878913734,-24.79134897198503,18.641245
4067304552979485696,267.00142093004735,-24.81318027743388,19.56461
4067304415540503936,266.9856328239751,-24.83129637517102,19.689526
4067304278109586944,267.014760350171,-24.827527330562276,20.584896
4067310394134982400,267.0291974047191,-24.79277487465127,20.601725
4067310462871665536,267.02372075209723,-24.782757936992578,19.223356
4067304205070824192,267.0304696588434,-24.841050212254302,20.297163
4067310187983182464,267.03988633076324,-24.806767217583992,20.69305
4067309397708804224,267.07751574252796,-24.817441500612535,19.904018
4067310462854566400,267.0155101452964,-24.78996349297808,19.96139
4067304587339223808,267.01000422274586,-24.805928296296905,19.62847
4067310978258356224,267.086494139778,-24.75384442467462,18.883581
4067310325422135808,267.06998984382096,-24.786000737153568,20.753794
4067310497230639232,267.0280897008634,-24.77649601993143,16.96357
4067310428494720000,267.0362600523371,-24.78736881874918,19.045225
4067310325423541632,267.06635304730736,-24.787135795360882,19.718002
4067310462871664768,267.0206226141286,-24.785378522018867,17.586943
4067304518619719424,267.021198294027,-24.80075223659505,19.6718
4067310462854508928,267.02263158282744,-24.791332393144067,20.435379
4067304136351324288,266.99983510126947,-24.841698379085,18.844482
4067310497222046720,267.03374685594855,-24.775969665082012,20.065453
4067304587339223552,267.01119286413257,-24.804999123321494,18.539206
4067304552979569152,266.9915755342434,-24.809737317411383,18.864716
4067310462871665024,267.0226544916446,-24.78368591100848,18.563643
4067304587339307648,267.0025243384363,-24.800297472272383,19.807566
4067310462854565888,267.0152945725451,-24.790442130485932,19.104502
4067310634669594240,267.0506674521644,-24.759821035168617,15.8959
4067304449900247168,266.98862450437207,-24.82777990554609,20.104046
4067310492894647680,267.0288977681303,-24.78106008323297,16.718395
4067304415547241856,266.984126151331,-24.833808829839555,20.918945
4067304552979462400,267.0058915118992,-24.813222584901307,20.934654
4067310497230640640,267.029856361694,-24.774239165963294,16.169596
4067310497222463360,267.03533682045145,-24.774392576249983,20.520744
4067310462871666176,267.01931098174765,-24.784766698750275,18.620302
4067310531581759360,267.05583738516566,-24.77376686061766,20.088726
4067304346827658112,266.9918966897532,-24.84005745423673,20.74516
4067304552979462528,267.0062051310296,-24.81353777492601,20.148151
4067310462863582080,267.0167106484497,-24.78374622959345,19.227686
4067309397708805376,267.0804837928298,-24.815345187831245,20.26961
4067304548668185472,267.0011314578113,-24.80496173582287,17.19912
4067310497230640896,267.03130132996273,-24.773342668038303,19.838442
4067310462854459520,267.02876115493535,-24.79255236748029,19.839283
4067310634669593728,267.05513935574265,-24.75702611158263,18.403393
4067304552995123840,266.99682699625066,-24.810167189380337,17.033112
4067310600309855232,267.0485364275091,-24.761624617258782,16.08552
4067304449900296448,266.9877624619344,-24.82135140804093,19.672007
4067310531581758848,267.0502333451975,-24.77781749691676,20.132334
4067304381187416064,266.9964604746022,-24.835023953552444,20.581459
4067310737738997632,267.09149677964183,-24.770983847945377,21.116138
4067310462854459648,267.02874987024614,-24.79300099199183,19.700914
4067310355467545344,267.07342168467403,-24.777753575154044,18.507772
4067310462871666048,267.01924628978134,-24.784978351277122,17.581844
4067310531580675840,267.05448593662965,-24.78471860905912,21.082443
4067310600301260928,267.0502339331329,-24.76468437685458,20.277626
4067304552979531136,267.0010713271565,-24.807630238609494,20.253637
4067310153623157120,267.07029536755186,-24.81236106365825,20.437214
4067310462854509056,267.02852242520237,-24.78673940651448,20.039854
4067310462854485888,267.02583136556075,-24.79218045109701,19.56685
4067304548668186112,267.0018738517998,-24.808751178202037,18.4175
4067304209397694592,267.030503119313,-24.835638576492045,20.004932
4067310462871665920,267.0225082703207,-24.779659481689393,17.79656
4067310531580674944,267.0566702658542,-24.78327012462721,20.592747
4067304415540534400,266.98072907498687,-24.83063391792803,19.001808
4067304548668186240,267.0023670263253,-24.805895001541295,18.102493
4067310531580674816,267.0654833302281,-24.777227783463374,20.105804
4067304308150041600,267.03571701400887,-24.820241828977192,19.000355
4067304376869494528,267.0026076657912,-24.821517030448092,19.60731
4067304243757433344,267.0445402301262,-24.82335793973814,17.797432
4067311012626717568,267.0665744694106,-24.745872389080645,15.842694
4067310737739021312,267.08574534390596,-24.77269861950178,20.426668
4067304449900351616,266.9813323546999,-24.81954802877725,20.023642
4067304548668182528,266.99758793650227,-24.806072992583438,19.30333
4067310497230641280,267.0300558113583,-24.77350602565703,16.74539
4067304587339305216,267.0109577957817,-24.793983014777872,19.18211
4067310394134983680,267.0314586232645,-24.791271302183485,19.85752
4067310462854568832,267.01510231826876,-24.789513237788224,19.1336
4067304175022234624,267.0013708642276,-24.840106357871626,19.88672
4067310565941497856,267.06052023507823,-24.770512503992766,19.664555
4067310119272696192,267.05523984514406,-24.81230224143772,19.328161
4067310325422138240,267.06443639290404,-24.78960639714138,20.187311
4067304552979566976,267.0006380541297,-24.802837842916258,19.352367
4067310428494722432,267.0343310659825,-24.788747652978465,19.051914
4067310497221067520,267.04057088428556,-24.779166248719935,20.469275
4067304278101449984,267.0169261473823,-24.826463838769634,19.911839
4067310359781983744,267.0738331194167,-24.771872263249477,20.617924
4067310222342922368,267.04928974435785,-24.80011137105427,20.607523
4067310737738997760,267.0884562459596,-24.773076884261005,20.471077
4067310565941499520,267.06284805494016,-24.767507933235176,19.400301
4067310634669596288,267.0510423802956,-24.756033741526224,18.043232
4067310153623158016,267.0751591961415,-24.808961059006787,19.935625
4067304552979567360,266.9939490197838,-24.8084309969474,20.400484
4067310325422137728,267.07003438271323,-24.78503443031812,20.340746
4067310462863583744,267.02440916648294,-24.78294466951306,19.957504
4067304449900352384,266.9801790292807,-24.82019420563167,19.525414
4067304243757434240,267.043003859525,-24.823593530684576,18.194212
4067304587339305984,267.0118179654599,-24.793007301395726,19.482325
4067310497214307968,267.02574399734135,-24.778725363208025,19.23692
4067310531580698496,267.05826409402687,-24.77969591840566,20.796574
4067310428502546176,267.0451782006503,-24.779623514472345,19.31799
4067310222342944896,267.0542745141011,-24.794486111301172,20.554647
4067310737739105408,267.08541037055346,-24.763425830104367,21.133635
4067304175030375040,267.00931778111163,-24.838686054560576,20.550179
4067310634669595776,267.04928200279005,-24.757591853015573,16.625439
4067311012626825856,267.0603236946791,-24.744617376048907,19.539856
4067304415540614400,266.9754765976375,-24.823725141986547,18.5259
4067310256702391040,267.0774522323016,-24.805777858094263,20.435808
4067304381187510144,266.999624229216,-24.822348532895937,20.436396
4067310497221139072,267.0349845532721,-24.77334035080213,19.861774
4067310218028485632,267.0527488501198,-24.805289466158587,18.96856
4067304548668183808,266.9984888271924,-24.80151279525773,19.403894
4067310943897660160,267.0776942146855,-24.754238444027724,19.960344
4067304209397696384,267.0244353099023,-24.83942827753633,17.34735
4067304587339306496,267.0091414600162,-24.794978512591978,17.11774
4067304312476915840,267.0393655938286,-24.822272081535196,18.197403
4067304484266618496,267.01438233497623,-24.823878520319944,20.536331
4067310565941500544,267.0672098564158,-24.76399409366338,20.006409
4067304552979461248,267.0027357376463,-24.81589213871455,17.957315
4067310153623159040,267.07561320638166,-24.808545402889493,19.03473
4067310187983184896,267.0367314983989,-24.80870625210035,20.440777
4067304514308463232,267.02249259588336,-24.814994007148503,18.891405
4067304308150035456,267.0265579061834,-24.816596265907943,19.219315
4067310119263422080,267.05689103352535,-24.821264945695354,20.169815
4067310394134986624,267.0322768075707,-24.790067699911248,19.953861
4067304548668184448,266.9997034947111,-24.816518071837077,17.340668
4067304415547372416,266.97781758569,-24.822973064843286,20.799446
4067310943898622848,267.0774069110585,-24.756737669477214,19.56659
4067304449900246528,266.99054393212185,-24.826645916031804,20.137093
4067310497214308864,267.0250966089026,-24.780309010939412,17.488493
4067304587347022336,267.01341851492055,-24.803039496153193,20.432207
4067304175037963008,267.0172707627013,-24.840255000062804,19.679258
4067310497214309120,267.02544424410365,-24.78044504739129,16.980314
4067304175037963136,267.01036510944743,-24.84576374763359,19.726553
4067304479948712192,267.00481421441845,-24.82079592874019,18.914347
4067310119272698112,267.04670593967097,-24.818416579322918,13.67605
4067310428502546816,267.0421808487203,-24.78142550485825,19.505648
4067310497222023424,267.0377461536051,-24.784646526210647,19.813625
4067310359781877888,267.0832706043107,-24.77647499935921,20.173222
4067310462863584512,267.0228099776696,-24.786120985919,19.659197
4067310119265880704,267.0515770776213,-24.817387678769702,20.816193
4067304312461186432,267.03249958838006,-24.81355491796712,19.863247
4067310497214308352,267.0273841745373,-24.778902580143438,18.13482
4067304449900251264,266.9926682807138,-24.82375666190069,19.297771
4067304552996015872,266.9979243922331,-24.811785266246158,20.608704
4067304376869497600,267.0053162517192,-24.83286774628118,18.030384
4067310222342942720,267.05824850914155,-24.7920384063823,18.966814
4067310187976449408,267.04466619009696,-24.802650821818048,19.95213
4067310943898623872,267.07320407845725,-24.758834345215213,19.871943
4067310389815411072,267.0285357389294,-24.79697117077801,19.501848
4067304415540530944,266.9856313255979,-24.826989281285712,20.214628
4067304548668189696,267.00582152377547,-24.81109259995689,18.1123
4067310943898636288,267.0710034203877,-24.754264864239985,19.836899
4067310565941501056,267.069098343639,-24.762412256224973,19.787285
4067304209388421504,267.0376861543724,-24.834721574886878,20.351498
4067304308150038144,267.0301694761015,-24.814355739324757,17.490534
4067304587339312384,267.0063672535503,-24.795944300084972,19.638428
4067310497214310144,267.0255822563729,-24.77933052153269,19.767212
4067310565940433152,267.0688961048155,-24.772732696489065,20.128527
4067310458534888960,267.0210771166814,-24.7958493047887,19.589706
4067303487833809280,267.0527703748671,-24.834084958462253,20.355522
4067310291063809664,267.08758271723457,-24.78125583000202,20.613419
4067304548668190080,267.0067960135175,-24.811367285822733,18.71776
4067304552987285376,266.99997455976444,-24.810929809817058,20.275986
4067310187992177280,267.05276881894406,-24.80982264909819,16.06972
4067310497222024448,267.03776991569185,-24.783772098965567,19.73693
4067310153623179008,267.0735483328794,-24.808245819363307,20.56056
4067310321104618368,267.0658305568129,-24.79363711143166,18.273138
4067310153624856064,267.0647837118929,-24.800633719066838,21.072655
4067304376869498368,267.006917941615,-24.831605861339316,19.561913
4067310943898624512,267.0709108670744,-24.760001520246778,20.077034
4067310187976450048,267.04239463367554,-24.80451948982125,19.838053
4067310183656963328,267.0407606705459,-24.80687878450864,18.100016
4067310634669599616,267.0503371077689,-24.75322852898503,19.802027
4067309500788133120,267.0881590513112,-24.79956540041611,19.92891
4067304583019630336,267.0129387371189,-24.79704407244598,17.26712
4067304175022238592,267.00832013916084,-24.83313136365561,19.943153
4067304583019630464,267.01049566171974,-24.798036759965274,18.698263
4067310428501463424,267.0461936620012,-24.790887993958975,19.753746
4067310286736196864,267.09083086584064,-24.794453702211793,18.303764
4067304376869494912,267.00291170862715,-24.83666234933002,19.344032
4067310428501463296,267.04582497405977,-24.790671469118216,19.845919
4067310462854542720,267.0202645456882,-24.789386439663488,18.40827
4067310462854572800,267.0181162131155,-24.785490785821505,18.668388
4067310187976451584,267.04125163681675,-24.805260625593405,20.030506
4067304170711064832,267.0029752465585,-24.83913116110628,16.907
4067309500788132992,267.088437029467,-24.799489023999286,19.802252
4067310462854572160,267.0168821736498,-24.787173446286662,18.094461
4067310462854480640,267.0256149403435,-24.793050316175627,18.319962
4067304548668187008,267.00306262114225,-24.80105045184879,19.006752
4067310497222040704,267.03722353795007,-24.7763428042935,19.311687
4067310531580679680,267.06309016383665,-24.7783982325527,20.521593
4067310497230752896,267.0358091884185,-24.778405097234735,20.48042
4067309397708811904,267.07263813365927,-24.819945725379526,19.978024
4067310462854572032,267.0162117652788,-24.78698934664925,19.10153
4067310187976451840,267.0362263889485,-24.809438127176296,19.631655
4067310565940418432,267.06658451787774,-24.775961904681438,20.312613
4067310497214218752,267.03351986001854,-24.786333127834677,19.982616
4067304587347837312,267.0075646280972,-24.794390807978356,20.340446
4067310497230752768,267.04146779924855,-24.780062227598755,20.612307
4067310462854572416,267.01460921248946,-24.788994081723093,19.484753
4067310428501478528,267.04237938647714,-24.79112902228685,20.047167
4067309500789520640,267.08245134045274,-24.81223799441845,19.708794
4067310458534889600,267.0248931426916,-24.795074302152344,18.62383
4067304587347837184,267.01020077691066,-24.791402240981334,19.982784
4067304415540618112,266.97811178243626,-24.821032652416573,19.189419
4067304175037961600,267.0200530347458,-24.83952149665943,15.659793
4067304587339220992,267.01295708958037,-24.803874666129502,19.646914
4067304243748175872,267.04664913163884,-24.827092439726407,20.50118
4067310497214312064,267.0271010567624,-24.77815173156812,19.578068
4067304552987291008,267.00228257335095,-24.806992195402923,20.111347
4067304243748165888,267.044813248741,-24.829205565362123,20.362642
4067310325422143104,267.06714310883734,-24.78734400636885,18.816818
4067304587339310208,267.00257878536763,-24.799812558896065,19.802109
4067304278117176960,267.0232318525793,-24.83621812824565,19.934767
4067304209388427648,267.02832850345465,-24.840551604695797,20.569021
4067310119263425280,267.0626947540854,-24.816990078217547,20.404102
4067310462854573952,267.01542494608987,-24.787639799128645,19.26089
4067304415547252608,266.98221616729955,-24.833963681661697,20.288479
4067310497214217344,267.0329431414832,-24.785132254901058,17.981647
4067310359781895040,267.08168179018634,-24.775738774979732,20.256548
4067304449906987008,266.9917760244903,-24.82776057030143,20.809336
4067309363342556672,267.0596731656939,-24.827494963838156,20.052212
4067304273790293376,267.0212788689021,-24.834279834203134,19.146017
4067304170711065856,267.0041552965685,-24.84207676501802,19.236368
4067310462854573184,267.0183372532096,-24.78570836712947,19.103603
4067304484266622464,267.0201805944555,-24.81955775951478,21.157206
4067310531581764864,267.0510996174608,-24.77362976199123,19.783789
4067310291063811584,267.08909351778254,-24.783240480301213,19.662266
4067304548668188288,267.0045069947476,-24.811661482507326,18.680576
4067304175030379776,267.01984203500416,-24.83855795839314,20.759825
4067310497221062144,267.0398906275364,-24.780316050523645,20.21269
4067310497229863040,267.027664243876,-24.78192969837364,18.955833
4067304312469333376,267.04186365586935,-24.820026439159477,20.802246
4067304278101451392,267.02120744900213,-24.822594138298857,20.16845
4067304587339315200,267.01095218329573,-24.79093549406823,20.073166
4067304278117181952,267.02742929069206,-24.826537157185292,18.876335
4067304449900262272,266.99805464692014,-24.81706678990182,19.360828
4067304209388321408,267.03675132430334,-24.84463239022336,20.68355
4067310531580680192,267.05796138411165,-24.781623822367063,21.06902
4067304376869496704,267.0046301647573,-24.827533243341005,20.047482
4067304479948716032,267.0121306029133,-24.82095745847969,19.407627
4067304484259924224,267.01344764658506,-24.819703618210244,17.48341
4067304278101451776,267.0205921790322,-24.82305325101436,19.568253
4067310462854574976,267.01683725072843,-24.786021073090357,19.08956
4067304449900262016,266.9952859116931,-24.81952421155492,19.460608
4067304415547249536,266.98878286687886,-24.82971654505022,21.05243
4067304552979577216,266.9986361017383,-24.801523529555165,19.380564
4067304170711070848,267.0121976436355,-24.84158649607468,18.410122
4067304312476920704,267.03899681633305,-24.81637989070598,17.518301
4067310462854574080,267.01516608464556,-24.78795767414916,19.097803
4067304175037967488,267.0169007855144,-24.83513330414068,18.649231
4067304552979470464,267.0053297302038,-24.81211549824452,19.444258
4067310462854574464,267.0138714292187,-24.788444514500966,19.237846
4067304209388322176,267.0359573865731,-24.845088134510103,20.490211
4067310389815414912,267.03810788186684,-24.793836863850707,19.23867
4067310462854468480,267.0310529765735,-24.790149023595728,20.077324
4067304278101452416,267.01308002537064,-24.829396405649682,19.768784
4067310497221050880,267.03808970608793,-24.782735996813724,20.320465
4067304479948716800,267.0129361077988,-24.817276940738292,19.077211
4067304514308455296,267.0133021738989,-24.808707988863365,19.072914
4067310943898627968,267.07448973497765,-24.756256173554696,19.811037
4067310462854575616,267.01325444708465,-24.78924379051466,19.479082
4067310187992179712,267.0468860774078,-24.811664457102392,18.326168
4067304552986324736,267.00429608797043,-24.804807035065217,20.971338
4067310256702380800,267.0869545922206,-24.800091765041845,20.36104
4067304170711071744,267.0132808306935,-24.83884155996269,17.789051
4067310222342939392,267.0548919736482,-24.794639131739924,20.551565
4067310187992180096,267.0470280272511,-24.811134989321076,16.802519
4067304587354865408,267.0136387979543,-24.790734351987997,19.22319
4067310428501467648,267.0414676321053,-24.793072735484767,20.853537
4067310462854575104,267.016637807295,-24.786371309640252,19.418663
4067304587347032064,267.00672982417746,-24.801778234437315,20.462994
4067304479948717568,267.0135832806151,-24.821624681945607,20.507853
4067310389815416576,267.0351606295508,-24.79257881207071,17.51996
4067304587339316992,267.001295615134,-24.79892775999593,19.347252
4067310187976454144,267.04115749727924,-24.804779972919402,20.220957
4067304449900256384,266.98944928791406,-24.825528396124035,17.027023
4067310737739005056,267.0877695934259,-24.772915908826814,18.675995
4067310462854575488,267.01340846611834,-24.789368771519023,19.71754
4067304449908078720,266.98706441178905,-24.81538426836933,20.14723
4067310428501467264,267.04868633028934,-24.78811486941574,20.660242
4067304278117179904,267.0303798888606,-24.826742412502295,18.25191
4067304514308456320,267.01461402452935,-24.81107894414932,19.641678
4067310222351919232,267.05362311129124,-24.804510914878474,18.175926
4067310119265121408,267.05551495908503,-24.814683708299402,20.622343
4067310600301244544,267.0481999367781,-24.774053608830567,19.15446
4067304415547255552,266.9836803705247,-24.83257215886024,20.703274
4067310428501467520,267.04131888763885,-24.79291174946765,20.490826
4067310497222036864,267.03914870312667,-24.776559215233608,20.185263
4067304552979472128,267.00056885884135,-24.815972089827365,19.85322
4067310600301244800,267.0438907085409,-24.777257466135122,19.859068
4067304278101458176,267.0189070199942,-24.82328061667818,19.492826
4067310634660990080,267.05797933196965,-24.76370664615991,19.507511
4067310424175160576,267.043064924095,-24.7888558714036,17.626637
4067310462861313280,267.0243711021718,-24.791641871113793,20.610003
4067304552979575552,266.99681245315884,-24.803514876367462,19.13192
4067304548668191360,267.00875448463376,-24.809862943084678,18.291195
4067304552979468544,267.01048643299055,-24.80803960443019,20.374256
4067310737739114368,267.08434716222854,-24.763243671168105,20.879171
4067310424175160320,267.03553278551635,-24.789207953465876,18.623585
4067310600300274304,267.0469316218804,-24.775745160383146,20.068687
4067310462854577792,267.0157820067104,-24.786544742086008,19.336533
4067304548668191616,267.0089871627448,-24.808449624881693,19.304483
4067310458534893952,267.0255594683832,-24.792126454688976,19.256874
4067303487833814528,267.05334572835716,-24.833298344259784,20.559875
4067304587339314304,267.0065824867184,-24.794986734196105,19.98851
4067310119263535360,267.048264925662,-24.8170578925919,20.223236
4067310943898634624,267.06940501545483,-24.75626509929137,19.442892
4067304312476919424,267.0406271476617,-24.816440056741833,19.040188
4067304415540520704,266.98704360826036,-24.82720671359229,18.945177
4067310462854578048,267.0162043649252,-24.785601312664557,19.189495
4067304278117181184,267.01953213072886,-24.834483160354125,17.37029
4067304479948715136,267.0100042474249,-24.81887799898262,20.801674
4067310497222030336,267.03569228765224,-24.782459246885814,20.15788
4067304278117185280,267.01893784697745,-24.83114216060882,20.472301
4067310187976456704,267.03671884713174,-24.808144516752904,19.549303
4067310428501469824,267.0471049823886,-24.788848877520913,20.703909
4067310462863591808,267.016893956898,-24.784826888514452,18.912722
4067310424175160960,267.03892609716394,-24.789260929354725,19.032864
4067310462870122496,267.02686053377334,-24.784901031928715,16.649523
4067310565940423168,267.0773085206993,-24.76801767991454,20.369722
4067304587339212160,267.01075108614145,-24.806910159956935,19.896023
4067304587339314816,267.0116347759095,-24.790329832487586,19.216343
4067304312461193600,267.03091438089126,-24.81350187555957,19.30549
4067310462854577152,267.0151627117906,-24.786363174889903,19.741955
4067310187992183296,267.04238520847304,-24.811925336968862,19.232977
4067310462854577536,267.01540294498886,-24.78651645439668,20.013784
4067304415547360128,266.98083279801676,-24.82219887129512,20.48788
4067304587339314944,267.01189592391177,-24.790349423298842,19.42866
4067310497222031872,267.0403094179229,-24.778163018788472,19.153814
4067304587339207936,267.0150660841883,-24.80380396547807,19.65847
4067310256702489600,267.07925020792345,-24.795624504163147,20.064627
4067310462854577408,267.0156389332383,-24.78573473214646,18.856295
4067304583019632256,267.01304454036523,-24.79326319431844,18.905502
4067310187976456192,267.03987992822664,-24.80548894585516,20.074116
4067304479948715776,267.0112204422566,-24.81716080226465,18.945892
4067310565941508992,267.0673224579297,-24.759304375877797,19.639536
4067310394141730816,267.03103305683834,-24.80004163520895,21.032936
4067304552979469824,267.0046504686804,-24.81272531567893,20.05055
4067304312461194112,267.0264275863421,-24.817191024180914,19.58294
4067310462854578688,267.0143443635532,-24.787378544533315,16.835072
4067304170711074816,267.0171811729624,-24.839213907609377,18.65418
4067304587347037184,267.01130859211133,-24.79617576671671,19.963974
4067310462854579072,267.0146571202249,-24.7864337111319,19.30365
4067304415547259264,266.9866024783262,-24.830063647417415,20.520578
4067310497222034816,267.0347787263122,-24.78085773386868,19.986792
4067304518626468736,267.0213984997113,-24.806886183006927,20.823992
4067310153616595968,267.0621027559071,-24.812702433139307,18.887804
4067310462854471040,267.0290106009577,-24.791602348086794,19.8677
4067304170711073152,267.0149710418739,-24.836864868029867,19.043537
4067310153623168000,267.0750953683868,-24.80797059549674,20.584938
4067304209388325888,267.04253952255556,-24.840174532061805,20.708864
4067304170711075072,267.0173633777735,-24.844823362467444,18.715048
4067304278117186560,267.02043988913425,-24.827976484921756,18.47775
4067304587339212800,267.01909226217185,-24.799624664317772,20.04836
4067310943898630528,267.0724927937525,-24.75588003701074,20.403322
4067304381180671360,267.00771796691396,-24.833111875553143,20.252306
4067310462854472320,267.0329546908949,-24.78813777242981,18.909016
4067310462854578176,267.0163257170748,-24.785956107536126,18.264938
4067310978258370048,267.0843381040394,-24.74740550795981,19.187796
4067310428501471104,267.0516987762223,-24.785550529394644,20.712029
4067304273790290432,267.01782429972286,-24.82920443739263,18.31644
4067310462854472192,267.02346869530265,-24.796291759176764,19.835814
4067310218016727808,267.05608037344564,-24.79067974279602,16.714844
4067304479948720768,267.0179119473551,-24.816221136662765,18.697256
4067304587339214464,267.0098505144544,-24.807201534218898,19.331331
4067310153623279104,267.06243502258945,-24.806765426511404,20.337757
4067304278101384448,267.0294633554987,-24.830179497419255,20.083534
4067310187983194496,267.04627401611435,-24.80121856084917,20.52983
4067304209388429440,267.03777534372796,-24.833813030392474,20.942131
4067304518619634176,267.02432260113113,-24.81648121478749,19.074863
4067310943897545728,267.08000331743466,-24.765628237406574,20.723198
4067310462854471680,267.0230407657948,-24.795822435221382,20.604519
4067310119263538816,267.05578122769543,-24.811225257333245,20.160995
4067304209388429568,267.03216967934566,-24.837667449051605,20.471403
4067304587339214336,267.013829058963,-24.803867254999307,19.92399
4067304278101456768,267.01481643826406,-24.827005796383084,19.713448
4067310978258370944,267.0834655286812,-24.74768614127996,20.238007
4067304514308459520,267.0180566288843,-24.808057938699374,18.630348
4067310497222032512,267.03655986251886,-24.780639881872617,19.050476
4067310359781887488,267.0776869712418,-24.77945805623548,20.292715
4067310600301247488,267.04550742666027,-24.774450600570955,19.880949
4067310325422149504,267.06796536553213,-24.786101430215947,18.993282
4067304278117187456,267.01999433715054,-24.826961734931547,15.817952
4067310497230760704,267.02768087141743,-24.778219286682084,19.804798
4067309397710298752,267.0799751177121,-24.818676747127586,19.754578
4067309397710620416,267.07090585089077,-24.815469898127123,20.880423
4067309397708819072,267.06999413960096,-24.821247229231805,20.301758
4067304449900260480,266.99368765161637,-24.821179143157618,17.706587
4067304518619649920,267.0250652680949,-24.813311927427666,17.685509
4067310462854579584,267.01294693483624,-24.787580661240856,19.414227
4067310428501472000,267.043529967896,-24.791102687084077,20.166103
4067310291062230016,267.0869120711883,-24.78969173339385,19.454954
4067310531580680320,267.0584110622751,-24.78157301774152,20.86324
4067304514308460288,267.01901810359425,-24.8109352923537,18.78399
4067310462871666944,267.0215704697926,-24.782365305287875,17.09711
4067309397710298240,267.0760541454041,-24.82199196389931,19.485695
4067304587339317376,267.010987238024,-24.78987165402458,19.288832
4067310462854501632,267.0224048067552,-24.793020626605742,19.130491
4067310153623276800,267.0598469145801,-24.808805335683385,20.5711
4067304479948720896,267.01798290864434,-24.819208951820347,18.895048
4067310462854472064,267.0234514776999,-24.795807116681587,19.426785
4067310531580686720,267.0532757213317,-24.78440218639897,20.574522
4067303487833817728,267.0518027090935,-24.834008333313978,20.232874
4067304587339317504,267.01087321946943,-24.790148859571605,19.561655
4067304518626367744,267.0276029888187,-24.813814832885328,20.85179
4067310462854471936,267.023281190703,-24.795416327847768,19.73807
4067304552987298432,266.996218120715,-24.806659486622447,20.084242
4067304175037968512,267.01202855967614,-24.838197292676018,14.07466
4067310737741180416,267.08477628468074,-24.762166197677274,20.935007
4067304587339317632,267.0107848133027,-24.79053461282802,19.212858
4067309500788035456,267.08578327622695,-24.80950562481844,19.434187
4067304278117184384,267.0250323529497,-24.826607053459572,14.901108
4067304449900259840,266.9883774438009,-24.825801325273275,19.290401
4067310256702497280,267.0725043753498,-24.799300395777333,20.528666
4067309500788035328,267.0858466064346,-24.810246692223178,20.694458
4067304587347037056,267.01146929574327,-24.795942915855495,19.775232
4067310565940426240,267.0721257292848,-24.771233907365446,20.552189
4067310634669714560,267.06057346178505,-24.755166170655297,20.530241
4067310256702384896,267.085181954318,-24.800829274412948,18.779179
4067304587339317888,267.0024650527992,-24.797532661051108,19.3478
4067310943898632064,267.0737045662406,-24.754641985427796,19.368958
4067304175037969536,267.00792781932563,-24.840927377560924,19.509293
4067310497222035072,267.0356587007189,-24.780089771380002,19.77872
4067310325422149632,267.06729032954274,-24.7863402255831,20.241844
4067310497230760960,267.032857138146,-24.775581985911618,20.284683
4067304175037968384,267.0148402514445,-24.83585450921211,20.399174
4067304479948718848,267.01599102692876,-24.820876005232485,17.676884
4067309500788034816,267.08554396128847,-24.809373541733393,18.230505
4067304175037971840,267.0081500445419,-24.83799539256111,19.12585
4067310565940425728,267.0682927191666,-24.77395791406563,20.748795
4067304449906998912,266.996522790386,-24.823112912801303,21.049595
4067303487833818624,267.0552580109187,-24.83155380500538,21.072197
4067310634660988032,267.0600825070759,-24.763390442169865,19.743595
4067304552987299328,267.00173344642246,-24.80248502876966,19.853464
4067304170711070336,267.0112459499914,-24.843424442488836,18.619432
4067309363350886912,267.07003278762335,-24.82762333551018,21.15217
4067310943897548032,267.0783831693385,-24.766947761133366,20.397566
4067304587339318528,267.0100188879101,-24.790268346929945,18.209343
4067309363350882432,267.0641165363791,-24.822173822752607,21.137098
4067310286736203648,267.0905875323596,-24.79040905490792,17.821213
4067304587347037824,267.00410365404576,-24.80081099684805,19.821188
4067304479948715392,267.0104728293516,-24.814543685435968,16.54308
4067310634660988160,267.0591444469383,-24.76397591372041,19.430132
4067304518626472192,267.02349088657587,-24.804975860947007,20.701256
4067310153623171328,267.0736308388347,-24.808715213965804,20.20639
4067304175028805120,267.01623012829856,-24.83849017226963,20.172255
4067304479948719744,267.016828734694,-24.814339398372642,19.727743
4067304449908080768,266.991161658174,-24.811793365776403,19.4235
4067304175028805248,267.0141629845166,-24.8399143847641,20.648249
4067310222342935936,267.0544090248917,-24.795404966082124,20.405905
4067304479948719872,267.0169274714106,-24.824454615490257,18.482553
4067304243748067840,267.04938395416804,-24.835200786018966,20.849646
4067310565940534784,267.0587994240684,-24.76766539148271,19.990358
4067310187985191040,267.0435641436683,-24.807881044651072,19.973236
4067310187976462080,267.0423665757612,-24.801730411280673,20.1721
4067304514308462592,267.02178786056135,-24.81851196395708,19.049456
4067304552979504000,267.00732262436236,-24.80575184408755,19.489521
4067310428511286784,267.05030482998933,-24.78918515237481,19.207617
4067310424175156096,267.05067970671854,-24.791494290798525,17.90409
4067310497222059648,267.0347211209565,-24.76943712326356,19.799332
4067310565941512192,267.0650365207927,-24.75942094873023,19.80043
4067304312467755392,267.0415017075393,-24.821292573306078,20.924833
4067310497222217600,267.0324499428201,-24.783303674926536,20.40055
4067304484259889024,267.0139742928597,-24.82741950677931,20.02604
4067310943898634496,267.0739380340136,-24.75315231965838,19.632486
4067310153623172096,267.06746471547046,-24.81288721375815,20.13988
4067304479948714368,267.00840357801525,-24.820005494648488,18.46676
4067310462854470400,267.0230102327724,-24.796834717400618,19.902308
4067304273790294400,267.0222148915331,-24.820536188930014,18.797443
4067310394141736832,267.03188530628057,-24.798663659332224,20.556437
4067304175028802048,267.0158376529037,-24.838954418106205,20.15247
4067304415540525184,266.982969969772,-24.829787818586073,20.142231
4067310600301252480,267.0462843419426,-24.771525323435917,20.062752
4067310600301245952,267.045921676064,-24.775083659003858,20.191513
4067310531580797440,267.0472661785903,-24.775938600505164,20.079754
4067310424175161344,267.0522981718556,-24.78829861231259,17.432024
4067310943898636032,267.0726840951083,-24.753202723363437,19.8764
4067310149309047040,267.06097072964343,-24.812361139713833,18.312355
4067304101991602944,267.0229747687209,-24.842310536251983,19.366016
4067304514308463488,267.0231412345329,-24.800955318827352,18.576263
4067310325422153344,267.0631626951261,-24.78905041987364,20.436153
4067310428501474560,267.0462075388908,-24.788896094735886,18.9783
4067310462854501248,267.0233969781464,-24.79223495215398,19.310133
4067304514308463872,267.0237085787417,-24.81711186864428,18.91761
4067304312467756288,267.032051803318,-24.82775373747948,20.628471
4067309500789517952,267.0840742156447,-24.813403783397757,19.643333
4067304381180671232,267.0068325395674,-24.83291793332666,20.228027
4067304273790287104,267.0134275708253,-24.82896928767726,19.526436
4067310355455686528,267.0800968111544,-24.785570353514693,18.08763
4067304175028802944,267.0093936249303,-24.843339881576803,20.947258
4067310187983202944,267.04265964208696,-24.802890665903117,21.063995
4067304587339242624,267.01484188447165,-24.79969674834034,20.373812
4067310462861327104,267.0202064046058,-24.79356999581162,20.510275
4067304449907108864,266.9910131244719,-24.813597430034154,20.469707
4067304273790295680,267.02407866713634,-24.821003160360778,18.36487
4067310394134916864,267.03219415619964,-24.805576404372694,19.394266
4067310462854477696,267.0318527046747,-24.787919001790165,19.77721
4067310943898630784,267.067951145044,-24.758928516088737,19.632174
4067310359781883264,267.07328583844225,-24.78291458617028,20.062868
4067310462854477568,267.03218675079194,-24.787596240357406,20.917934
4067310497222835968,267.02596657727196,-24.776332225903243,19.775005
4067304449900256128,266.9915506657629,-24.823773338618736,17.949821
4067310600301253376,267.0517948753686,-24.76738449596023,19.893042
4067310527254377856,267.0553574176851,-24.78686679392211,18.261074
4067310943898637184,267.07145409908924,-24.753596428414163,19.876448
4067304175028803456,267.0067899784415,-24.845110046192094,20.840012
4067310153623280896,267.06663386945826,-24.803743104740708,20.42412
4067310634661788800,267.05181411319523,-24.75222338783486,20.702032
4067310497222048256,267.0268058858741,-24.779828279497615,19.770117
4067310531580690816,267.0546810176125,-24.78286382527562,20.225882
4067304312476918016,267.0399399270949,-24.819323777965945,18.95023
4067310256702497408,267.07217695157897,-24.79963322629722,20.884512
4067310462863598720,267.0218577430296,-24.781157154460658,17.155672
4067309397708822528,267.07524405460936,-24.817404676661116,20.222418
4067310565940429056,267.07347447303687,-24.769894938721357,20.15148
4067304449907002240,266.99685578357844,-24.822529287054742,20.380909
4067310291062127744,267.0899738947546,-24.79726478614594,20.709848
4067304415548335744,266.9797507906041,-24.823038759158717,20.367682
4067310565940536320,267.06671440851727,-24.762068516495514,20.58047
4067304583019631232,267.0125505955447,-24.794425534656792,16.96099
4067304449907109504,266.98882201896316,-24.81550386752872,20.86223
4067304479948722560,267.02011612242933,-24.820877208304932,18.760368
4067304552979476480,267.00083084314014,-24.81523973726797,20.79279
4067310256702497536,267.0725541528654,-24.799608465414938,20.537067
4067304449908087808,266.9889897412433,-24.80987805499923,20.012594
4067304552979476608,266.9997777746584,-24.815755629997522,17.83673
4067310600301254144,267.048675765043,-24.769132464370763,20.041843
4067304587339315968,267.0048547645389,-24.796030966602547,19.491114
4067304449900253824,266.9903291209021,-24.82510928472401,19.291689
4067310428501477120,267.04951222934756,-24.786333556538427,18.937666
4067304587339215104,267.0150541468634,-24.80197188589667,19.526491
4067304484266619648,267.01859051594016,-24.820877309765624,20.960524
4067310321095948288,267.07041238472164,-24.78549916742727,17.621998
4067309363349085440,267.06563842743805,-24.823932023112295,20.39334
4067304587347041664,267.0140944657372,-24.79219716330746,19.467125
4067304449900251008,266.99372102056674,-24.822858159665323,19.468414
4067304449907106048,266.98496228061845,-24.818527557396603,20.910984
4067304583019630848,267.0155550491608,-24.794970527358448,18.916874
4067310462863599744,267.02340433934745,-24.780903821036542,19.039133
4067310153623283328,267.0676576151771,-24.802819385265256,20.257921
4067310222342929152,267.04772173564237,-24.80058332678856,20.48333
4067310256702382848,267.07688756123775,-24.806791153691464,20.716658
4067304587339315456,267.01071705175855,-24.791287311776777,19.809624
4067310359781894016,267.0837677735148,-24.774626551541743,20.752848
4067310291062236672,267.0850612745614,-24.790833067626675,20.327015
4067310497223337984,267.0266140540011,-24.777835153105475,19.504507
4067310187985190912,267.05018356814895,-24.80592664227616,19.654009
4067304587339315328,267.0111537332613,-24.79131795225345,19.984344
4067310222342855040,267.0555061987916,-24.802249458437956,20.816437
4067310531580798976,267.0560137968026,-24.769296034039037,20.280478
4067310462854574720,267.01447274445303,-24.788525247495667,19.069405
4067310664702020864,267.09346153371695,-24.778265830099095,19.34312
4067304415547368320,266.97451857134143,-24.825653996571162,20.72517
4067310119263544448,267.0548838052552,-24.811729159793067,20.289095
4067310462854467072,267.02512126881584,-24.795485378171154,18.740755
4067309397710304640,267.0752190514141,-24.81788899448155,19.470339
4067310565941504896,267.0577301971733,-24.76873434203598,19.709166
4067311012618115712,267.0670684441911,-24.755847115573605,19.283627
4067304273790293632,267.02138403679675,-24.836209387065328,18.35758
4067310462863601152,267.02238333774,-24.78160530291052,18.71868
4067304449900262656,266.9875154937925,-24.82605580390833,18.973843
4067310462854573056,267.0179670081535,-24.785938534083698,19.252853
4067304552987300096,266.9957410257287,-24.80638717860501,20.22493
4067304484266635136,267.0125680509713,-24.823594688892367,20.694645
4067310462854573824,267.0171551712176,-24.7866831544469,19.73699
4067304449900249856,266.99192257992826,-24.82429403636214,19.004335
4067310943897553152,267.079359934964,-24.765650821169785,20.498241
4067310497222026624,267.04248049190613,-24.77952080996754,20.26032
4067304308150036608,267.02755420723304,-24.823544972525177,19.58651
4067310321095950976,267.0658835991814,-24.782715126070244,17.75806
4067304415547369088,266.9710684403104,-24.827957752464496,20.164001
4067310600301254912,267.0463638374763,-24.770288938015863,19.976088
4067304552986322688,267.00536112236205,-24.80425546540229,20.391958
4067310497221062016,267.0406838258496,-24.780467534136665,20.412731
4067310497214218880,267.03436324574494,-24.785689681744632,18.420277
4067310497221061888,267.0403522328851,-24.780236477159463,19.648169
4067309500788041216,267.0818010353007,-24.812568315152955,20.984303
4067310600301256576,267.0494229084372,-24.76741561936642,19.451996
4067310527266150272,267.05679461550125,-24.77262563335841,18.346638
4067310531580789888,267.0478919056758,-24.775912544065502,17.751862
4067304514308467584,267.0286913618673,-24.81210517770679,16.488085
4067310355455689088,267.0781030795021,-24.78293502326812,18.156912
4067304308150037504,267.0295623815207,-24.8152635645154,18.552181
4067309363349027968,267.0680902157043,-24.827420418434805,20.795376
4067304381180668928,267.00223264899745,-24.83836315572453,20.095657
4067304484266739584,267.0067173344715,-24.815865024055743,20.414452
4067304449900268288,266.9910126807548,-24.822572284288643,20.209951
4067310187992178304,267.04786074663554,-24.812934869349426,18.475021
4067304278108022016,267.02355829507934,-24.83329766338149,20.845476
4067310359781895936,267.0797104500316,-24.777270918689485,20.537455
4067310291062239104,267.0898552816503,-24.787260584042997,20.82818
4067304449900268416,266.9942106821808,-24.819783419306546,17.571081
4067310462854572672,267.0179116173688,-24.785438423454302,19.263855
4067309397710306944,267.076887862742,-24.81534638478849,19.969128
4067310389815410944,267.0309449345173,-24.79740851216354,18.286135
4067304278101453312,267.0191484604072,-24.82394898113255,19.384886
4067304415540513920,266.98233229032627,-24.83240996232993,20.561413
4067310600301257216,267.0463215773965,-24.76902991414634,20.067976
4067310187992176640,267.04420089446154,-24.818263398507014,17.101337
4067310153623178880,267.07330147938933,-24.8079529690246,20.151035
4067310389823726976,267.0274683833622,-24.802860091024918,20.038767
4067304587339222400,267.01845129948,-24.798885169665326,20.005766
4067310497221064192,267.03886936833703,-24.780809443060473,20.24365
4067304278108022656,267.0268949406811,-24.83089881590812,20.666615
4067304308150038400,267.0308151350858,-24.81587636793306,19.361713
4067310943897555072,267.0812537235778,-24.764204244500487,20.492659
4067310600301256832,267.0508939408674,-24.76616706382129,19.902798
4067310222342926080,267.0517789780263,-24.798067097131234,18.327263
4067309500788026112,267.08459624408243,-24.811900222714186,20.183895
4067310527266150400,267.0568500702555,-24.7746282088919,18.839058
4067304308150034560,267.0248886732765,-24.81778776653595,20.038477
4067310462854571520,267.0138158516733,-24.789748730248352,18.227745
4067310634660995456,267.0580127037438,-24.760929180170567,19.504408
4067304175037960192,267.0179796091283,-24.84332316130894,19.066917
4067310428501481088,267.0498721037425,-24.785704322946085,20.801962
4067310462854571648,267.0139628181745,-24.78990332333309,17.998196
4067304548668189056,267.0051109740087,-24.813008769644444,19.839598
4067304449907113728,266.9816090795083,-24.820005132488212,20.532705
4067304170711066752,267.00485964991816,-24.843257917411183,17.917809
4067304415547375488,266.97855113780366,-24.8220854851569,20.671314
4067311012617231872,267.0645939412605,-24.749611839382816,16.435537
4067304484266638080,267.01494081090664,-24.821578897553366,20.30156
4067311012618118784,267.0724102932202,-24.750390827568516,20.644041
4067310497221065344,267.0403205808744,-24.77971661098939,20.276514
4067310737739018496,267.084803968371,-24.773668930599527,20.888584
4067310497222043520,267.0355848854155,-24.77586524134213,20.311436
4067310634660996864,267.0537900044134,-24.76328052718981,19.786755
4067304278117178752,267.0309904585378,-24.827706299901106,17.833141
4067310600301257856,267.0516435173026,-24.764974921365962,19.777128
4067310531580747904,267.05677395946867,-24.774878219667954,20.85436
4067309500788096512,267.0901300718269,-24.80151369381921,20.836103
4067309397710309248,267.08007381747035,-24.811841580088107,19.633514
4067310497222042624,267.03235888471664,-24.77845740592016,19.91631
4067304278108028032,267.0259708299664,-24.831052345108862,20.790325
4067304518626377088,267.0311858394369,-24.81029856517011,20.886772
4067304514308465920,267.02679358458295,-24.812515615127417,18.433899
4067310497222043008,267.03911583598483,-24.773611832887166,20.447937
4067310222342944512,267.0476660675333,-24.799086744126654,20.544973
4067304587347046272,267.00350141648477,-24.79718768922062,19.746014
4067304449915900544,266.9955453105198,-24.818463024829274,17.35666
4067310428501481984,267.04653927412846,-24.78792347725913,21.153833
4067310634660997760,267.05404801257777,-24.76274053217715,19.59067
4067304587339306880,267.0056951425175,-24.797220727567723,19.082682
4067304209388337408,267.0386276801273,-24.842008512575283,20.23805
4067310527254384384,267.0521875272906,-24.7818451205313,15.556596
4067310428501482368,267.04543976089417,-24.788687382209552,19.94231
4067304376869491840,266.99855249609783,-24.83456395306442,18.624136
4067310630345368064,267.0576753650493,-24.76517162234772,18.270452
4067304587339220224,267.0166671537959,-24.80080343110077,19.183487
4067310462854483840,267.0300756129356,-24.78887222823712,19.949425
4067304514308466432,267.02745861374706,-24.805210526349065,17.638968
4067309500789523584,267.0835731927913,-24.809904954954312,19.489079
4067310634660997888,267.0560547802593,-24.761234337130716,19.37816
4067304514308466560,267.0275006812921,-24.807061292706518,19.05818
4067311012618120064,267.075901462038,-24.747343500587935,20.526745
4067310256702502144,267.0705125577254,-24.800143800057434,19.80191
4067310462863605504,267.02305178240084,-24.783001115677163,18.48278
4067304175037962496,267.0183755140028,-24.840152593312986,16.891245
4067311012618119168,267.0684502771217,-24.753017650086562,20.121141
4067310428501481856,267.0465729961515,-24.78816584855664,20.035994
4067304415547265920,266.98325309297957,-24.83175173436046,20.459883
4067304308150040704,267.03421946851125,-24.815290218384042,17.753124
4067304411220882688,266.9813794641499,-24.83030498402851,15.63816
4067304243749552512,267.04760080559663,-24.8351682879279,20.209135
4067310497223344768,267.026056912356,-24.78044327885398,18.322147
4067310497222045184,267.0354026878311,-24.775143303131436,20.285675
4067304308150041216,267.03486089839714,-24.82410326251163,18.490892
4067310462854484864,267.0224752518027,-24.79517669176223,19.37515
4067310394134985344,267.03166505172015,-24.790769340048005,19.792953
4067304518619641600,267.0244303191536,-24.814286579785975,20.996933
4067310114945841024,267.0585545151881,-24.815596771600802,20.2829
4067310291062135680,267.09077941457645,-24.796216300891707,20.800745
4067304449900272128,266.98863744414314,-24.823991434923283,18.963482
4067310462854568704,267.01489162465464,-24.78968130946143,19.119278
4067310733421495808,267.090844233487,-24.773636123807,19.80951
4067310389823731328,267.03320523385474,-24.800761431461904,19.009874
4067310359781899776,267.07623905781566,-24.779167084061704,20.86348
4067304381187421440,266.99880729232217,-24.832858472849033,20.586233
4067304175022234496,267.00510554588783,-24.83691041141198,20.186674
4067304518626486272,267.0161076581676,-24.80845319457863,20.696327
4067310497222045056,267.03538965016963,-24.774951229574622,20.429287
4067310492894647808,267.0330590763745,-24.782622701828107,20.79597
4067310565940543488,267.06859758968193,-24.759967704814198,20.888212
4067310497223344512,267.02630671183033,-24.780160395567112,18.409899
4067304449900272512,266.99317263684395,-24.819973456439733,19.373644
4067310634660998400,267.05758423456103,-24.75976765484358,19.383192
4067310497221067136,267.03943256414374,-24.780056643993365,20.732153
4067304587339201792,267.0110988112248,-24.80834482824225,19.232021
4067310492894648064,267.0344750406242,-24.78752195584417,17.777578
4067304278109593088,267.0184764925999,-24.835934927351836,20.729607
4067310462854485504,267.0230653161896,-24.794510386119946,19.170135
4067310600301261312,267.04421028029304,-24.768751485837356,20.182669
4067311046977860224,267.0767673067787,-24.746118824242444,19.881754
4067310600301261696,267.04730047642636,-24.76658696184201,20.113832
4067310737739022848,267.08670142422113,-24.771883494429577,20.728016
4067310527254385920,267.0493079816404,-24.780659124838852,16.621756
4067304376869493376,267.00044900782945,-24.82110883172288,19.195328
4067310394141745408,267.0348493704102,-24.795701442932298,20.245428
4067304273790300288,267.03140318373,-24.831328474060538,18.800158
4067304587339203456,267.014079534372,-24.805535674933495,18.94774
4067310978258357376,267.08495540060215,-24.753757495899197,19.485012
4067310600301261184,267.04935637504,-24.7652426941722,19.120853
4067304552979462656,267.00574248634985,-24.813044326872433,19.785212
4067310737739023232,267.08836603099735,-24.7706900957848,20.765425
4067304449900354560,266.9838502483049,-24.8162665898691,18.745275
4067310394141638784,267.0340180815422,-24.808241444877403,20.737963
4067310497221068160,267.03716932943917,-24.78141113557279,20.488493
4067309500788047488,267.08295964200977,-24.8113263607739,20.550638
4067304205070823808,267.03155277862874,-24.845809613987974,18.699991
4067310462854486656,267.02405719817716,-24.793532280903033,19.425016
4067310497222047360,267.0358103038686,-24.773787371010435,19.72366
4067309500788047360,267.0828505842448,-24.81092842118835,21.07305
4067304514308469376,267.0318235753411,-24.807917838483046,19.191528
4067304587339223296,267.011567794377,-24.80476565801391,20.377817
4067304243748075008,267.05061528361426,-24.833744733811564,20.37652
4067304587339223424,267.0119635718531,-24.80453031209743,20.689222
4067310462863608704,267.02312215359166,-24.783289952736464,18.428566
4067304415556164480,266.97666140093366,-24.831850096839435,18.201412
4067311046977861504,267.07626364140964,-24.745670285168778,19.664137
4067310389823731968,267.03480483875745,-24.803236749013266,18.859278
4067304587339203072,267.0119420946983,-24.807450350979703,19.934887
4067310325422163456,267.0644447501919,-24.787190701105555,18.558773
4067310355455695104,267.08210833610786,-24.779188168376585,18.011984
4067311012618122368,267.06442942490213,-24.75461782090752,20.438116
4067310943897618304,267.07253929918454,-24.76299494936845,21.000048
4067304308150039680,267.0325446046128,-24.825707392547223,18.127775
4067304278101443456,267.0236583658635,-24.82182061886829,20.544926
4067304415540615296,266.97181335005183,-24.82670021353909,19.799318
4067310600301262208,267.04010353293023,-24.771041801308876,19.327332
4067304587346068096,267.0145045309292,-24.797255535312686,20.576727
4067304209388341248,267.0346945163465,-24.84436904307965,20.97758
4067310531580701312,267.0552061190489,-24.780778181202155,20.736317
4067310531580701184,267.0560738558651,-24.78052892888442,20.594185
4067310565940545920,267.0601200522787,-24.765422154061994,18.409136
4067310256702506752,267.07491546832426,-24.797199647960394,20.293018
4067310600301263488,267.0493955508191,-24.764030144952994,19.72322
4067309397710312960,267.07769686550324,-24.811710195210463,19.094137
4067304209397697280,267.02830088578605,-24.835257044477196,19.924528
4067310531580701568,267.0560312636779,-24.780890921580895,20.08138
4067310497214303616,267.0287257647358,-24.77937608601986,17.695984
4067310462863609344,267.024234415538,-24.782686614161157,16.842327
4067304587339202688,267.0165043276969,-24.80338829783908,19.447803
4067310119264818304,267.055330695703,-24.82738028704978,20.276993
4067310389815415680,267.0276073731749,-24.79446549895319,19.544127
4067310389823733120,267.0367717175841,-24.80376641703554,17.72379
4067304205070825344,267.03356980060005,-24.830647980128532,18.974594
4067309500789527552,267.08017417102315,-24.810163747523298,19.517
4067311012618123264,267.07595776951376,-24.74591857342768,19.942617
4067304175022238976,267.0053723684589,-24.835634417610358,19.681164
4067310943897669504,267.06849433719276,-24.759170625393292,19.57411
4067310394151560704,267.0303629852829,-24.800366216118302,20.670845
4067310325422164864,267.07067971210444,-24.782795215284754,20.61424
4067310187976443136,267.04525881549904,-24.803270320752066,18.486404
4067310634661001600,267.0598227713976,-24.756961349827602,19.829878
4067310389823734656,267.0384521371114,-24.801810409963615,19.350859
4067304205070829824,267.0413272697797,-24.838293763007584,19.649126
4067304445588963712,266.9924473254825,-24.82638988147761,19.677588
4067310634661001472,267.0570183576148,-24.759031253580464,19.111597
4067310531590355584,267.0538418587628,-24.785743420393395,17.607231
4067311012618124800,267.0635864244997,-24.75331995252143,19.500715
4067310462861331712,267.0233808181711,-24.790681119411776,20.116777
4067310462863610496,267.0207161740421,-24.786317544654477,19.232456
4067310462854488576,267.02108930626264,-24.795340716251843,19.240452
4067310389823733760,267.0371590699174,-24.801826348990264,18.392838
4067304278108029568,267.02401764577945,-24.83235189608113,20.40915
4067310497221071488,267.0406745280786,-24.778512618407362,20.458391
4067310462854563840,267.0171228970588,-24.7893770500836,19.680452
4067310291062245760,267.08898647486706,-24.78741303926789,18.73142
4067304239430568704,267.04222230585685,-24.835670665790968,19.947517
4067310462854563968,267.01691221165873,-24.78977126795729,18.764458
4067304552986335488,266.99431715094363,-24.81039894628195,20.92664
4067311012618125184,267.0679411184603,-24.750246407028754,19.81647
4067310187983212160,267.03960568191843,-24.804199619011552,20.718012
4067304243748081408,267.0437791742034,-24.837981448381527,20.082674
4067304518626486016,267.02424329230394,-24.80288129990595,20.325977
4067310531580702080,267.0619649294609,-24.77676405495709,20.779404
4067303449156586880,267.043188807946,-24.841838195655896,19.027811
4067310256702400640,267.08071009415903,-24.8026908400916,20.64563
4067309397708835712,267.07921336369674,-24.813561017643533,20.498394
4067310428501455104,267.0503953485936,-24.788334361113712,18.300169
4067310497222049152,267.0319006438951,-24.77554060228966,20.187103
4067310565940547584,267.0675431339927,-24.760020977589612,20.437737
4067310462854574208,267.0158359731572,-24.78758315599766,19.533731
4067304312467768704,267.0351616585918,-24.824623377335158,20.04797
4067304415540612992,266.97206583660943,-24.827547032684315,19.687574
4067304415540505856,266.98586336866373,-24.83056713660069,18.85999
4067310325422164992,267.06160373821683,-24.788887055577028,20.119993
4067304239430569472,267.0432365237233,-24.83825193329022,19.43973
4067304552979566336,267.003154574177,-24.80127210109196,20.443445
4067310497229851776,267.03288989619455,-24.78751222666421,18.777431
4067310394134980224,267.02531785626417,-24.797239843422314,18.54846
4067304552979566208,267.0027570012253,-24.801581460867993,20.161278
4067309397710314752,267.07022349328645,-24.816221523041136,19.498201
4067310497222050688,267.03667441082007,-24.77162496826188,19.665606
4067310462863611776,267.0217365637097,-24.786452328617305,18.172369
4067310183665304960,267.03960572104575,-24.809151651817416,18.504221
4067303449156587136,267.0438694741525,-24.84324781904977,18.93355
4067310462862312192,267.0130062417603,-24.788028906354334,19.425566
4067310733421492224,267.0859923972568,-24.769303760529613,19.258492
4067310531580703104,267.0541670323799,-24.78197240662088,20.657833
4067310527254391424,267.0478265234806,-24.776751383120732,18.45592
4067304239430566016,267.0442297447586,-24.83608211733738,18.87906
4067310462854489472,267.02703504907083,-24.790572616459578,17.930452
4067304449900243456,266.99727511402307,-24.82025776717986,19.176355
4067304308150042880,267.0375089891963,-24.813760937877053,19.787327
4067304209389824128,267.0317747858859,-24.841124971123794,19.612274
4067304484266753152,267.00507689749696,-24.81541503872333,20.488672
4067310428501489152,267.0498111371871,-24.78483754838923,20.365198
4067310462863611136,267.02246953671926,-24.785423203616514,19.160912
4067310462871661696,267.02542096998985,-24.782657181723085,18.018415
4067309397710316032,267.0762693270694,-24.811550499480308,19.735348
4067311012618126848,267.06942521500855,-24.748699207657964,20.215162
4067304205062426368,267.0312638119006,-24.84391681644411,18.492281
4067310462854490624,267.02639269200756,-24.791325536189063,20.506657
4067304449900243072,266.9898061305951,-24.827610032016914,19.876978
4067310222342951296,267.0488063239319,-24.797743435228746,20.59868
4067309363348989952,267.0643552587209,-24.833616530825235,20.5832
4067310153623293952,267.0659868233828,-24.803076896753158,20.47317
4067310183665305600,267.0407945448447,-24.80549607875385,19.162174
4067304106310784640,267.02349361357983,-24.843438520769528,20.654675
4067310943897564160,267.08125778587856,-24.76318083746053,18.899145
4067310462863612800,267.02516949696417,-24.78434830109795,20.112757
4067309363348991872,267.06283578339105,-24.834559634022558,21.087675
4067310497221073792,267.0359263043535,-24.78157034294415,20.636272
4067304445588961024,266.9885358482047,-24.828411039574874,19.171507
4067310531580704128,267.05699134422355,-24.779890614465902,20.104418
4067310497222050944,267.030306317068,-24.775954733509852,20.193363
4067304587339303168,267.0045607383235,-24.800325667525094,19.403706
4067310291062248960,267.09223231992183,-24.784891582211213,20.522543
4067304175022224256,267.00493415691375,-24.83907546983748,18.222492
4067310462854562304,267.0176676384202,-24.78778241674698,17.107693
4067304449900238336,266.9938329148909,-24.824918370537713,18.381828
4067304484266749952,267.0084082694798,-24.813579252715655,20.758228
4067304552979489664,266.9989751978502,-24.814976300801614,20.741415
4067304209381859840,267.0342886421605,-24.83615253476444,19.201286
4067304445588960640,266.9873081693673,-24.823844613209857,18.092169
4067310600301266176,267.0396409040538,-24.769451530436964,19.637236
4067311012618126720,267.06736724971574,-24.750180884952744,19.672447
4067310462863613568,267.0216723009548,-24.787071155385593,19.319307
4067310497214230016,267.0326709009985,-24.784317820964436,20.26986
4067310462863613440,267.022885313981,-24.78592874664608,19.647005
4067310527254391808,267.0627448684105,-24.775333957045163,17.93017
4067304205062423552,267.02992997734555,-24.845546864292313,17.69898
4067310497214230272,267.03368255005313,-24.784604875194244,19.36583
4067310187983213824,267.0379280111992,-24.805185854291913,20.579592
4067304278101438720,267.0156879354839,-24.829980995974708,19.6361
4067304518626488960,267.0208715910933,-24.80491405266101,20.131767
4067310462871661184,267.02446116997857,-24.785950990609447,19.287277
4067310737739028992,267.0902766299069,-24.768920804756053,20.719955
4067310183665306880,267.04324777369214,-24.804287467258735,19.482258
4067310600301267072,267.04131211672126,-24.768102189171195,19.733864
4067304243757431040,267.04618869150596,-24.823795468286765,18.102226
4067310462863613056,267.02217609169264,-24.786513727677743,18.67837
4067310183665308288,267.0448917007515,-24.815899311632574,18.726612
4067304278101438464,267.02168638809485,-24.82490877831066,19.314186
4067304449900344576,266.99200252907156,-24.811270557517812,19.591576
4067310424183824128,267.0481495501751,-24.787416267650904,18.452784
4067304449907012480,266.99929137727526,-24.819732313282664,20.127346
4067310325422168960,267.06307625445527,-24.787768244339333,19.65869
4067304587339297792,267.0129941883659,-24.79354819753689,20.565908
4067304243748192000,267.0452595633296,-24.82673291272792,20.191404
4067310359781906560,267.0834683757156,-24.773663153377136,17.567436
4067310256702511872,267.071679364174,-24.798944129843676,20.731592
4067310355455701760,267.0837985631592,-24.773307957467107,19.87376
4067310187983034496,267.0445285618161,-24.817771784448677,20.410482
4067309500789533056,267.0847771833131,-24.8043545270629,19.63674
4067310153623190144,267.0728600319459,-24.807779317842115,20.131449
4067310355455701120,267.0784557453449,-24.7737143975966,20.862324
4067310183665307648,267.04439986015706,-24.805242881366826,18.942745
4067309363349099904,267.0661576487016,-24.82231809361806,20.814344
4067310600301268864,267.0437180762287,-24.76559039134283,19.96069
4067304587339297408,267.00945019440167,-24.79637728549597,18.736021
4067311012618129152,267.063925661791,-24.751922305648595,20.075283
4067304445588963200,266.9910987065674,-24.816490969581004,17.992601
4067309397708799488,267.0732041887679,-24.8207844801913,20.081999
4067304587339233792,267.0168838746234,-24.7994422010172,20.233337
4067310497230634496,267.04012747621147,-24.77575273524813,20.275677
4067310978257412864,267.0816047088404,-24.749831178631133,20.763706
4067310119272689536,267.05504668279355,-24.820096416417424,17.169762
4067310600301268096,267.0456011958175,-24.76484947616375,19.789227
4067310153624561920,267.06857449115455,-24.815617399650886,19.306211
4067310183665309312,267.0471973168558,-24.80489798216917,19.075455
4067310600301267968,267.0453018036992,-24.764826512565882,20.24212
4067310531580740736,267.0514471771762,-24.779125885251883,20.537334
4067310462854525056,267.0265363738568,-24.786348412280184,19.839731
4067310531580740608,267.0508903349741,-24.779281173982056,19.637468
4067304552986370304,266.99088719856667,-24.808112860060277,20.232632
4067304175028750592,267.01311357282174,-24.84540564442115,20.672405
4067310497221110656,267.0336971780081,-24.778165387592956,20.06229
4067310565940525056,267.06582686600944,-24.763801245479307,18.005909
4067310561622786432,267.065017058655,-24.766360337122386,18.831715
4067310497221106176,267.0353305503599,-24.777663286855553,20.100376
4067310394134941056,267.034618883355,-24.797163272613947,20.247976
4067310394150621440,267.0342848121032,-24.807834187246094,18.59567
4067310600300325632,267.0516176104105,-24.765783296610223,20.502302
4067310394141681152,267.0331537239117,-24.80421613860045,20.31697
4067310497231423488,267.02438443743273,-24.777657567471426,18.437408
4067310531580786816,267.05025284698013,-24.77454531678164,20.743673
4067310321104617728,267.0649621673513,-24.790241427150992,19.423826
4067304587339234048,267.0162520915891,-24.79908337378297,19.437872
4067310531580740864,267.0516414469332,-24.77929251647074,17.988804
4067304209388489216,267.03203737864624,-24.83233735337744,20.43121
4067310561622787712,267.0670179182433,-24.768407524649994,19.360966
4067311012617185280,267.0745707974188,-24.750053591529383,20.71166
4067310737739065088,267.08169170431574,-24.770217108730684,19.487461
4067310462854525440,267.02467964709837,-24.787945794435505,19.679718
4067304140679001216,266.99945625478205,-24.84221267367656,20.569523
4067310462871686784,267.02358800296764,-24.78378835926341,19.642702
4067310561622787968,267.0677859364141,-24.76073003874412,18.157082
4067311008299386624,267.0672602952783,-24.75128761704377,19.243628
4067304209381880832,267.0252811817659,-24.83922882149958,20.097841
4067310222352695040,267.05184415199915,-24.803922919715255,20.011246
4067310428501527296,267.04266789596875,-24.784942260605813,18.796543
4067310325422204288,267.06636606540013,-24.781334188962248,20.723366
4067310119263380224,267.0586061180435,-24.824009159138793,20.51832
4067304278109331584,267.0162972137594,-24.833261297312692,20.388103
4067304346820985856,266.9931338594196,-24.833424985198143,19.078209
4067310321104618624,267.06619822514443,-24.79600640204628,19.195435
4067310462871686912,267.0218216262778,-24.779712823101693,17.415598
4067310527263048704,267.0661099606616,-24.77797736013158,19.679232
4067304278101401856,267.02597172793793,-24.829313326554804,19.720642
4067304346820985728,266.99272859325015,-24.833397348801906,20.681278
4067310669029293184,267.0912505681993,-24.777193324043672,17.257858
4067310291063547136,267.08890329835316,-24.78252440898651,19.351686
4067310359791648128,267.0851079124114,-24.781362475147947,16.913628
4067304484275625856,267.0081785111943,-24.825419159305813,11.220889
4067304209381881344,267.0259784946294,-24.838371623944216,19.60582
4067310497231424512,267.0246611001674,-24.77872452177626,18.872894
4067304175028854784,267.0066631501796,-24.840871637547956,20.76251
4067310394134939648,267.02955887412867,-24.80186011780529,18.436607
4067310187976460800,267.04007682290427,-24.804014355796237,19.238459
4067310634660064384,267.0617291036254,-24.758475793001963,20.870739
4067304411220891008,266.9807308005312,-24.825039175623285,17.38776
4067310428501526784,267.03722695801224,-24.78908465587542,20.418756
4067311042659125760,267.06871196548013,-24.736530679111482,20.330103
4067304381196406912,267.00218394077905,-24.834746718984103,19.16364
4067310497231424768,267.0245531573411,-24.778472707860537,18.908636
4067311008299387520,267.0687518261079,-24.739684844634297,20.034391
4067310394150624128,267.0384818519977,-24.80003509109826,19.655226
4067310561622788992,267.06951953525396,-24.77363361236131,18.339735
4067310634660064512,267.06161403078636,-24.758816014067403,20.499706
4067310222352695424,267.0547953324267,-24.80153526764373,15.891157
4067304518626419584,267.02982127363714,-24.806200008267005,20.36027
4067310561622788096,267.0678118685221,-24.76439669844414,18.504553
4067310359791648768,267.07832348647514,-24.785564379144663,17.037588
4067304484275622656,267.01533052969774,-24.82344808239449,19.402071
4067310359791649152,267.08302466955536,-24.781708411385388,20.825342
4067304518635361152,267.0284085626601,-24.811091956440123,16.277885
4067310359781944832,267.07446449248465,-24.775497493476067,20.408327
4067310153623268864,267.0650072269184,-24.806025480002486,20.484453
4067310939579910528,267.06879172434134,-24.75918115470475,20.37281
4067310565940481280,267.0689764794248,-24.766996581174457,20.046421
4067311012619096576,267.0671110815934,-24.744846810792655,20.596758
4067304308142042880,267.03311403326325,-24.827954200306614,19.064117
4067310325431912064,267.0658877070638,-24.792930547145428,20.313482
4067304278101404544,267.0185659992633,-24.834904087641387,19.958784
4067310321104621184,267.07066001544115,-24.787954782417515,19.716343
4067310462871687424,267.0187998767002,-24.782072813874073,17.4878
4067310325422206720,267.06736160576696,-24.780386235347205,20.257309
4067310428501529088,267.0435698556624,-24.784465435884485,20.09217
4067304239422565888,267.0469969845151,-24.828994518298728,20.01393
4067309363342533120,267.06454925701024,-24.82808727671871,17.314596
4067310119263488384,267.0597624130943,-24.8132455725196,20.95416
4067304243741625344,267.04136487403906,-24.824117801207194,19.497892
4067310256702443008,267.0763459931543,-24.801701582356575,20.950487
4067310462871688704,267.0223077185218,-24.778670585449326,18.039381
4067310355464359680,267.0711016240316,-24.774469114906335,19.550926
4067310600302235776,267.04639544812375,-24.764008110475363,20.652082
4067310256702443136,267.0747810666696,-24.80238729899899,19.72639
4067309363342532864,267.06613313613025,-24.82674454562678,19.746574
4067310325431911552,267.0747792205696,-24.787207422965544,17.129963
4067304484259901312,267.0154438075532,-24.8238006550465,20.587671
4067310153616623488,267.0590955876002,-24.809062907381318,18.953848
4067304175028749440,267.0191783038567,-24.841324036732257,20.874708
4067310497221113344,267.029964017498,-24.780196609965042,19.977911
4067310939579911296,267.0703680778432,-24.759307684640437,20.68207
4067304209388380800,267.03710168871123,-24.838860716009474,20.37413
4067310462871688320,267.0211399088627,-24.779800079477674,18.040455
4067310291062287616,267.0894710523836,-24.78350150723364,20.581646
4067310325431911808,267.06453381772485,-24.794077261520457,17.042484
4067304518635362176,267.02503565483966,-24.81294952695123,18.673168
4067310462854522624,267.0176068964086,-24.793955328330096,18.247478
4067304312467814400,267.0393708753792,-24.817829345506258,20.285582
4067310462871688192,267.0215754195451,-24.779393196479425,17.1925
4067309363342534528,267.0671081337,-24.825609545729925,19.95184
4067304381180682496,267.0025130780932,-24.835096433629165,19.305864
4067311012617228800,267.0610814590117,-24.752420847571702,17.470959
4067303487827275136,267.0502349913381,-24.839741933381966,18.606863
4067311012617179136,267.06643190930515,-24.756641547745783,20.386803
4067304381180682624,267.0021846117684,-24.83437723152374,19.471119
4067310565940483712,267.0664255919272,-24.768518677037825,20.102644
4067310291062180864,267.09224182044943,-24.790757358918647,20.439201
4067310119256884608,267.052303125366,-24.81511274365143,19.769402
4067310256702442880,267.0802119373461,-24.799028423060093,20.101465
4067310561622791040,267.0730904158454,-24.772080207981467,19.835749
4067311008299389696,267.0729287927967,-24.74325685891522,20.167877
4067304278101432320,267.018542625842,-24.829246489922223,19.334967
4067310187992959744,267.0436381903003,-24.80690506273395,20.326736
4067304587339262720,267.00648558463416,-24.80383634691878,19.591219
4067309500788092288,267.079901501378,-24.80909659806687,20.371687
4067310187983073280,267.04913112963806,-24.81130724517377,20.346024
4067310359791650944,267.0791423062061,-24.783044294440053,16.091679
4067310394134938240,267.02772432463405,-24.80334779969288,20.17301
4067310114937464064,267.04660905797465,-24.82147089119603,19.294952
4067304312467815168,267.0352068751889,-24.82069385137644,20.11924
4067310119256886144,267.04667017471974,-24.819572394048986,19.782276
4067310497221114368,267.03710096139594,-24.775214135730494,19.987995
4067311012617190016,267.07655628849574,-24.747930063978423,20.826744
4067304587339262464,267.01590718559777,-24.795170732451947,19.347124
4067304518619636736,267.02666124422774,-24.81434473680375,18.851778
4067310325431912448,267.0699504497683,-24.789680705939357,17.177702
4067304484275628800,267.0139963074389,-24.815106943877186,13.558063
4067304449872236800,266.98602588366117,-24.813879039589317,20.60809
4067310634660068224,267.05551509645005,-24.76242524916448,20.5604
4067310428501529600,267.03906476873664,-24.787474183698716,20.564009
4067310394134900224,267.041187373381,-24.80128490616783,19.684204
4067310252385145216,267.0723072236229,-24.795447314089415,18.330044
4067310462871689216,267.0269905364283,-24.78229645231958,18.697042
4067304518619674240,267.0219689489836,-24.809469471113104,19.939161
4067310394141791488,267.0267788366885,-24.795602543386266,20.36376
4067310561622791808,267.074474667122,-24.766694457846487,19.217901
4067304518635367552,267.01667191018174,-24.81259562731864,18.906633
4067310428501423872,267.04665619609284,-24.794093044218286,21.055405
4067304411236624640,266.97600678014777,-24.82277550424468,16.922338
4067310291062290304,267.08142240962826,-24.78882924212117,20.287582
4067304239422190720,267.0411404029882,-24.828260619117547,19.268085
4067310252385146368,267.074211129066,-24.797826269828224,18.674492
4067304445580632704,266.983236844153,-24.8223926773694,19.08293
4067310531580746240,267.06002168015294,-24.77285862543827,19.946815
4067304381187472896,266.9927487826185,-24.83136723205135,20.117544
4067304411236624768,266.9769271907318,-24.82186621180025,18.271029
4067310497221114240,267.0368267707038,-24.77520879116348,20.205715
4067310355464361856,267.0748058691684,-24.777993421979062,19.475422
4067310119256886912,267.0484685255385,-24.817876125087736,16.646074
4067310153623122816,267.06943453165024,-24.81609315667632,19.971073
4067310497221114112,267.036868501626,-24.7748991040836,19.91077
4067304518635367936,267.02337508443844,-24.806417745338617,16.284084
4067310222352699136,267.05332520864573,-24.7988191270569,16.642815
4067310119256886784,267.05388266466906,-24.813234885167894,19.87212
4067311046986562816,267.07463043697703,-24.743667913648515,19.48817
4067310222352698496,267.05651070598833,-24.79715042322674,17.45243
4067310497221043584,267.0388784458239,-24.78271302732209,19.742878
4067304518619641856,267.0251122931714,-24.814649794422056,20.120224
4067310321104622592,267.07351125710716,-24.789717763198684,18.493248
4067310394134901376,267.03454146421694,-24.806824461784714,19.441885
4067310389815408512,267.0257308673458,-24.798153993462996,17.817595
4067310428501520000,267.0447838443468,-24.784739247853423,20.196218
4067310359791652224,267.08387739245074,-24.7781528981714,17.088264
4067310462854520576,267.02604886679467,-24.78766333918146,20.29076
4067310565940484480,267.0715296945363,-24.764916255741714,20.179243
4067304209388387072,267.02939150351824,-24.843583007176743,20.570024
4067310394150627968,267.03768044136507,-24.794829574981566,18.105099
4067310462861364352,267.01839873191983,-24.789831321509098,20.180595
4067310355464362624,267.0766732669193,-24.781587541754874,19.778843
4067304583019625344,267.01571987123003,-24.79764513635306,18.252785
4067310737739070336,267.0860029343757,-24.766865926434303,20.384457
4067310252385147392,267.07662669009414,-24.79200926738844,18.001978
4067310531580747264,267.0496037465419,-24.779933177169404,17.077967
4067310939579915008,267.07691345222844,-24.759322096019766,20.455133
4067304175028756352,267.0191132538162,-24.84028880575782,20.255545
4067310737739069568,267.0910177069263,-24.763790626399192,19.976513
4067310114937466112,267.062260039738,-24.81988624273486,17.112524
4067304346836673152,266.99453069630124,-24.835383625767776,17.705696
4067310291062290816,267.08716968324717,-24.78481785503649,20.846548
4067309363342535808,267.05887104764923,-24.832381049666115,19.845175
4067304518619642880,267.03045595100735,-24.809735992542826,19.719933
4067304175022152064,267.02002075214045,-24.841640187224687,19.978643
4067304484266685568,267.00542033931674,-24.823006071704548,20.558886
4067310565941587456,267.0612241173838,-24.772268398910548,20.658123
4067304518619643136,267.02849771446535,-24.810796565795457,20.256794
4067310939579914624,267.07640540373023,-24.75397929435159,18.422935
4067310355464362240,267.07618656431765,-24.77888558084272,19.394867
4067304346836673536,266.9920129191374,-24.836951719348466,19.29145
4067310291062184064,267.08983319845964,-24.792118710117798,20.434164
4067304518635365504,267.0264274421154,-24.80732689115398,16.747694
4067310428501425920,267.04749252071207,-24.793671091257835,20.534569
4067304381180689920,266.9990386503181,-24.836651642215028,19.589207
4067310565940486656,267.07211817074773,-24.764140895874093,18.738186
4067309500788095616,267.0858670666384,-24.804613146172453,18.181898
4067310939579916032,267.07793729097165,-24.763942796571335,19.823242
4067310222336166016,267.0506197351688,-24.802338072908157,20.06175
4067310153623232128,267.0700546901423,-24.80564898236156,20.63937
4067304415540567680,266.97686942824583,-24.829444934142252,19.762022
4067304484266686336,267.01655021143597,-24.81520745870755,20.456774
4067304243748230400,267.03593078524744,-24.82936416471512,21.077724
4067310325431915904,267.0623095596942,-24.791445419666008,14.240239
4067304381187475584,266.99279672555303,-24.830918912044634,21.013
4067304278101399552,267.0253758732949,-24.83041677898294,19.726112
4067310355464363264,267.0773388355047,-24.777455125807712,19.543407
4067304518626429184,267.0297337658078,-24.805450528418465,20.41296
4067310497221117056,267.03171531742925,-24.778160785540297,20.34921
4067304346820983296,266.9874483765376,-24.837922105337547,20.23583
4067310286744887936,267.0791311819414,-24.789084443653415,18.649563
4067310733421486592,267.07909725304756,-24.76764449527905,20.400827
4067310497221116928,267.03125173221287,-24.77804882127692,19.98181
4067304449907086336,266.9851017182083,-24.82074325057671,20.862974
4067310462854517120,267.02736241959815,-24.785214127608796,18.693415
4067304518626429696,267.02546217346105,-24.808345723335314,20.606127
4067310428501426560,267.0533647084505,-24.78957655867071,20.601936
4067310119256889856,267.0506263752612,-24.81532866788064,19.967216
4067309500788096384,267.08993416666584,-24.801931023683505,19.698095
4067310394134903040,267.03901356107235,-24.80250407418007,19.341162
4067310222342816128,267.0577242619844,-24.804992345071483,17.773808
4067310359791654912,267.0754393128563,-24.78234211124059,19.397095
4067310355464364032,267.07827567029943,-24.787665112323033,19.488407
4067304346837439232,266.9929596640024,-24.83960251538681,16.509928
4067311042659131648,267.07832047659326,-24.742151106026803,19.32125
4067304587339258240,267.0110622445296,-24.800457017353192,19.843803
4067304209388386048,267.03121960019723,-24.84240549704323,20.868166
4067304484259902720,267.0107941500986,-24.82706153772032,19.597115
4067310939579916672,267.0787391003781,-24.752830745871773,19.4451
4067304484266691840,267.0105807940404,-24.81854198082773,20.316263
4067309500788097920,267.0854647836716,-24.805178797512102,19.906902
4067310462854517248,267.0275782140444,-24.785251413035187,19.75551
4067304381180687744,267.00698548875374,-24.830326887264036,20.330956
4067304278108003200,267.0282158276494,-24.831828632713105,20.280884
4067310973939656320,267.0804301818753,-24.745610008641748,19.537895
4067310462854517376,267.02767720197824,-24.78587749920764,20.081572
4067310325422212224,267.0619541069186,-24.78350594743045,20.062649
4067310973939656448,267.0805355560794,-24.749310931812573,19.346214
4067310497221118208,267.03032716245093,-24.77944682076741,19.76916
4067310325431918336,267.0586453035732,-24.79100158051539,17.128525
4067310497221146752,267.03109308481885,-24.773860785515215,19.612093
4067310428501427584,267.04906639933586,-24.79228261901956,19.811108
4067310286744888448,267.0799815015308,-24.788186216697273,18.48285
4067304552979515008,267.0040303132386,-24.806897303864513,19.714529
4067304484275633920,267.0043801756012,-24.816562944007728,18.59569
4067310355464365056,267.07982911903076,-24.781233822963152,18.75887
4067310497221119872,267.0323972962872,-24.77731277213791,20.115168
4067310394151394688,267.03562263563333,-24.807059300110993,20.777643
4067310462861273472,267.02450037756944,-24.796920245968447,20.565102
4067304278108078080,267.0286139995616,-24.825092369327706,20.304817
4067310497221119744,267.03261355563103,-24.7771013152374,19.997082
4067304518635368448,267.01892827923183,-24.80961168142959,19.908419
4067310355464365312,267.08008396466175,-24.776246269498465,18.730482
4067310394150632064,267.03087634396786,-24.796675371867494,16.41072
4067310325431919232,267.0601588571074,-24.788443391462298,20.313326
4067310733421488640,267.081635229165,-24.766409768574103,18.75314
4067310428501536384,267.03850489796474,-24.787050765222737,18.644003
4067304381196415360,267.0005353998614,-24.824800367759625,19.341444
4067310394150632192,267.0318443251855,-24.79542828035212,16.575489
4067310286744890112,267.08173182865767,-24.78940179941016,19.63689
4067304381187474176,266.99649864755514,-24.828694042257702,20.232141
4067310256702450304,267.0813476994153,-24.797592631257896,20.04064
4067310359791657088,267.07451707190586,-24.779913328431345,18.586355
4067310973939656704,267.0810124105416,-24.744286019908877,20.498991
4067304484259908608,267.0181314642902,-24.819872600537444,19.651075
4067304518626427904,267.026882551749,-24.807726745568285,20.713654
4067310531580644992,267.06025478421725,-24.784245979442183,20.48218
4067310565940489216,267.0726139826325,-24.763688440539898,20.412111
4067310153616630528,267.05706349646624,-24.809346191360294,19.454119
4067304170718461824,267.00892938590346,-24.844952916099615,18.272882
4067310973939656960,267.08130993909384,-24.75096222832535,19.156225
4067304278101371392,267.02831086015493,-24.832755330452034,20.43583
4067310531580644864,267.059268318824,-24.784496745678457,20.204231
4067310394151395584,267.03665080132873,-24.80569446627407,20.053137
4067310973939657088,267.0813679253904,-24.74609109977963,19.60243
4067310222342819328,267.0648847938277,-24.79971247855556,18.907038
4067310252385152640,267.0828377360241,-24.79849665885597,17.832659
4067310565940515712,267.06171844978127,-24.767929911173777,20.056162
4067304518635369728,267.01628315671184,-24.810731215184955,17.871386
4067310428501429376,267.0505195869295,-24.791000402562442,20.678871
4067310355464367616,267.08256082952187,-24.78103367521952,17.67651
4067304278101371776,267.0282330066157,-24.83375198331958,20.06505
4067304518635369856,267.02393653516896,-24.804070474314116,17.999998
4067310737748780800,267.0912408886834,-24.765291511893746,16.741377
4067310256702449920,267.0801426440553,-24.79843003719387,20.511463
4067304278101372032,267.0323486167611,-24.83014362018506,19.81897
4067310531580644736,267.05930017129543,-24.784120262916648,20.881376
4067310119272687104,267.05696731361877,-24.820582557247093,18.706089
4067310325431919744,267.0634278210333,-24.78561377407991,13.794851
4067304312461134208,267.0367798463559,-24.821489795086663,19.176266
4067310428501536896,267.0389069941296,-24.786668526110546,20.05773
4067309500788099328,267.08359766189636,-24.805960413023616,17.869732
4067310939579919488,267.0819268816301,-24.75318497269416,19.653433
4067310355464367104,267.08185470493765,-24.78373334423232,18.420761
4067310256702451584,267.07315555824687,-24.803198179413318,19.894901
4067310733421489408,267.0822409653392,-24.770290435766675,18.611128
4067310256702451456,267.0825831411158,-24.796718483757875,20.144964
4067310565940513920,267.0688959386184,-24.76336112520856,20.034779
4067304445580643712,266.99208593799375,-24.815346884538087,18.63055
4067304587346017280,267.01869564416774,-24.800383913464092,20.610397
4067304312467822848,267.03985656149564,-24.81663981239991,20.783947
4067310973939659392,267.0843311621611,-24.75275133107746,19.10224
4067310355464368640,267.0840408618379,-24.779974647318202,19.702932
4067310737739075584,267.08430176187375,-24.767622924841845,21.030304
4067304243741630464,267.0411681077329,-24.823066726344855,19.28306
4067304239422187008,267.0473151739783,-24.830347754673447,18.446032
4067304518619644672,267.0257560773131,-24.813667720866118,18.149664
4067304518626433792,267.0209445329531,-24.8111178610624,20.765284
4067304243741630592,267.0420242727141,-24.822289789943813,18.83621
4067310733421491072,267.0843950104802,-24.77167277337608,19.990875
4067304484259906432,267.0152077037062,-24.822675611828608,19.656916
4067310939579920384,267.08335639951923,-24.76129299242095,19.550606
4067304449915898496,266.9894187121069,-24.825078630845024,18.090225
4067310428494645504,267.04450361257994,-24.797366930780722,19.972317
4067304278101369088,267.0309095944782,-24.83170671810687,19.036928
4067310359781953792,267.07336833841333,-24.775147829060014,20.606424
4067310428501537920,267.04333448061413,-24.78353608258501,20.172523
4067310394150633856,267.0299642609386,-24.793613370045186,19.441605
4067310595982514688,267.0448202630469,-24.763185092225378,18.654276
4067310737739077120,267.081445301143,-24.76945539016014,20.915833
4067310394134908416,267.0379826300877,-24.802790932435638,19.59311
4067310394150633728,267.03370839024575,-24.79065134571109,18.122726
4067304175022154240,267.02054815849743,-24.84068986327763,20.112196
4067310733421490560,267.0840187918449,-24.763887350365923,19.779444
4067310325422217088,267.06492986244126,-24.780852972673966,20.113688
4067310355464369792,267.08571417096874,-24.77694332152352,19.294506
4067310462870111744,267.0278032419889,-24.79373571624946,16.60502
4067309363342543488,267.0666770782494,-24.82409787083543,19.020613
4067304381187481088,266.9947411940885,-24.829046182479274,20.449608
4067309363342543360,267.0662702644403,-24.82418659698103,19.806398
4067304239437941248,267.041391426309,-24.83048165104406,19.083185
4067310183656963968,267.04691677215294,-24.80650759674151,18.154057
4067310355464369920,267.08599335923213,-24.7800457488483,19.84887
4067310394134908288,267.0382129305876,-24.802423406098278,20.462719
4067304415547322752,266.98146166337824,-24.826260064188208,20.42539
4067310737739076864,267.0834440774881,-24.76807288573005,20.98328
4067310973939659776,267.08464384474286,-24.751168961045984,17.309446
4067310394134908160,267.0383448565969,-24.802187516360497,20.660269
4067310222352833536,267.05382114016396,-24.801096800657515,19.333822
4067309500788101248,267.0841710589817,-24.80547437558637,19.196314
4067310256702559488,267.07576390905996,-24.792010015032265,20.336735
4067310462854512384,267.02732400876175,-24.787152822492555,19.843298
4067310286744892800,267.08528443047317,-24.786858560364244,18.433212
4067310428511137024,267.0543930435805,-24.78927756325188,20.33563
4067310531580754176,267.05959257842164,-24.772203167196423,20.75048
4067310359791661696,267.070958899421,-24.776079697944052,17.081238
4067304518635372672,267.0135174161751,-24.808026561613545,20.249039
4067304552979510400,267.00603072935337,-24.806035313377283,19.906113
4067310222352834048,267.049131433121,-24.796614636872278,19.799126
4067310119256894848,267.049039440672,-24.81571871522098,19.436968
4067310497229851520,267.0338491090316,-24.787093534631286,17.523981
4067310565940493824,267.0711286057815,-24.76417900320078,20.566212
4067304484276402432,267.01381030495656,-24.813873459031026,20.21835
4067310119256894720,267.0488168182793,-24.815658283538156,19.918713
4067310119256896128,267.04528856521335,-24.81889928219691,18.17129
4067309500788102656,267.08681955537685,-24.803357565385124,20.413849
4067310973939661696,267.087562560053,-24.754914148680964,17.642368
4067304312467898624,267.0244904443636,-24.819567484369,20.519955
4067304587339303936,267.01437431050556,-24.791767968757085,18.762882
4067310286744893568,267.0860108741946,-24.79313283522795,19.414598
4067310394134909184,267.0374016778719,-24.803137243300473,18.407982
4067304243748134400,267.0425827466227,-24.8337339307091,20.664568
4067310256702560640,267.0720955269384,-24.794087937136176,19.087095
4067304518619651072,267.02986508549054,-24.808985464276237,19.565495
4067310325431922688,267.0633851821697,-24.78198813302508,16.424967
4067304449915896576,266.99738299398376,-24.820934214721554,19.037916
4067310462870112640,267.0315198199432,-24.78965573572182,17.350712
4067310119256896256,267.0539721432897,-24.81137521027644,19.410547
4067304484259912832,267.0192779809561,-24.818023007575793,19.8877
4067310531590353152,267.0612839183263,-24.782448136855876,20.325285
4067310286744893696,267.0864615508649,-24.79622437578701,19.081005
4067310565940493568,267.0716558455837,-24.763798090956854,20.613197
4067303487827286400,267.0488822116179,-24.8385678068066,19.32002
4067310291062192256,267.08540756500645,-24.794546312259328,19.57931
4067310531590354560,267.0564201432686,-24.784815183443037,20.965305
4067310462870113792,267.0239174949501,-24.795028305451208,18.537735
4067304552979509376,267.0005880579755,-24.81087811988992,19.95997
4067310600300339200,267.05082985702495,-24.764111103727533,20.228395
4067304308141693440,267.0343727919044,-24.813061133947308,15.988868
4067310359791662592,267.0778107973954,-24.77019358187306,15.580085
4067304312461114240,267.04094491657116,-24.82196367016017,19.979816
4067310256702562048,267.07838501578357,-24.789909814414322,20.848581
4067304449915897216,266.99193814940423,-24.824525299558026,16.7598
4067310291062192384,267.08584623373986,-24.7943645344975,20.458168
4067304278101376128,267.0319279023918,-24.829642848264605,19.51532
4067310428511138944,267.0483563187914,-24.791408029151718,15.596105
4067304205078200960,267.03015395072856,-24.837865290885063,19.421415
4067304449907067392,266.99644258038404,-24.81543872691872,20.37619
4067310187983101568,267.0448400573255,-24.81127898255953,20.97092
4067310462870113664,267.0272794579822,-24.79222783329402,16.309198
4067310394134911616,267.03397990988225,-24.805584775565134,19.718885
4067310943897590272,267.0750386208185,-24.764381530871223,20.521431
4067311012618180736,267.07001462071537,-24.74931475402374,20.49823
4067310733421493504,267.087798853185,-24.764735078631297,19.1522
4067310600300340992,267.0423380365262,-24.769545092816585,19.925423
4067304376876893184,267.00045961776095,-24.829573892505504,18.659697
4067310291062301312,267.07884001036496,-24.788908196925494,20.14224
4067310943897616640,267.0733419988132,-24.762555348801843,19.10173
4067304415556163584,266.98079143323537,-24.828913924409104,19.666935
4067310733421493632,267.0883736064193,-24.77237184761673,19.583122
4067303487827287424,267.0494562424611,-24.8381206785506,20.16472
4067304376876893312,266.9969090902951,-24.825616037087155,18.739037
4067310256702454912,267.07701260615437,-24.80039132187872,20.867218
4067310187983033216,267.04901917561,-24.814741581958128,20.1015
4067304587354855552,267.0131482071635,-24.80127867375481,16.489172
4067310291062193152,267.0912509302781,-24.790577918685624,20.765348
4067310119256896896,267.0531685269596,-24.812046834786504,19.569
4067310428511140352,267.0503557135946,-24.788070146420534,18.772945
4067310394141696128,267.03286591079785,-24.802718236040686,20.433933
4067310153623240064,267.0655686151248,-24.808236349648833,20.983395
4067304518619648640,267.02321049581695,-24.815211636421814,19.487585
4067304518619653632,267.0310042544607,-24.807451828171565,20.089514
4067304587354866176,267.00997200042383,-24.79374462435009,19.507368
4067304312461111296,267.03346146655974,-24.829115287861423,19.74163
4067310462870115072,267.02317892882456,-24.79421172900629,19.383217
4067310943897618176,267.0722599398873,-24.762547075200075,18.141844
4067310256702562432,267.07361762702266,-24.793448024565517,19.698502
4067310428511140608,267.0448635122864,-24.791674325248675,17.650509
4067310424183821184,267.041975970385,-24.794848397578733,19.502386
4067310394143010688,267.0354703992182,-24.798322042648483,20.642021
4067304587354856064,267.0158512922928,-24.798625282344897,16.598967
4067310149312941056,267.06626822485526,-24.81612599093234,18.79626
4067304381180695424,267.0038362963785,-24.831815996851038,19.418049
4067304552995117824,267.0046532995825,-24.807881889003685,19.630217
4067310497214283264,267.0292405029735,-24.781266126724624,20.108513
4067310531580651136,267.06190184193184,-24.782558281689642,20.310081
4067304308157417344,267.0266116277517,-24.820765098085243,18.955593
4067304209388344320,267.04047075708047,-24.840179387696338,20.366798
4067304587354865664,267.0060695902134,-24.797564942659218,18.052837
4067310394134912512,267.0408103399762,-24.799407627895924,20.003006
4067304209388394240,267.0306504428595,-24.842084758489687,19.990011
4067304518636139392,267.0186851737178,-24.812040916010844,20.575756
4067303453467545856,267.04516745173015,-24.84209989294065,19.785183
4067310462854562560,267.0178199582425,-24.78789265393301,18.555431
4067304449915902976,266.99176247243105,-24.81889524551636,17.258888
4067310428501542144,267.0470702476287,-24.7806362520336,20.527937
4067310153623240832,267.06644535649144,-24.80757425118874,20.195263
4067304587339237376,267.0116815748847,-24.802652320842824,19.603846
4067310462854509184,267.0282024904163,-24.787037638816905,19.723833
4067303453467545728,267.04481722285584,-24.841988795412753,19.151783
4067310978258810880,267.08245333104895,-24.749183937952676,20.979378
4067304587339237632,267.0129467836127,-24.80154665445071,15.915578
4067304346820969728,266.99395197452736,-24.836888456528357,19.634363
4067310737748786944,267.07998503347613,-24.76603935619308,19.977556
4067310497222211584,267.0284721404595,-24.774706904660583,19.479887
4067304106302626688,267.02772137325644,-24.845452921703668,19.035517
4067304587339237760,267.0133490482876,-24.800867943893394,20.176317
4067310737748787072,267.0864095603458,-24.76133808439248,20.713488
4067310286744897280,267.0910877653488,-24.78866831888021,19.649275
4067310394134912384,267.042132938032,-24.798266588907246,19.984322
4067310291062195840,267.09186334134915,-24.78963900734059,19.789278
4067310428511140992,267.04047779002065,-24.79415244306458,20.31048
4067310497221139200,267.0340284959478,-24.773439859815408,19.90605
4067310153616637824,267.05604295112084,-24.808828947670886,19.914665
4067310222336114432,267.0559463836527,-24.808552953003733,20.222471
4067310183656955392,267.04280846275987,-24.8123582092614,18.83322
4067310462870115584,267.02613455861206,-24.79120636749583,19.169607
4067310733421495552,267.09054193522303,-24.76284855643603,18.71409
4067310497221138944,267.03407668075675,-24.773045489960825,19.154497
4067310149297217408,267.06187684611547,-24.811397507032854,18.30312
4067304449900291328,266.99232203450634,-24.81840625707095,20.139345
4067304449900284800,266.9930704763045,-24.81931087359201,20.236547
4067310325422041600,267.06684021037756,-24.797567232989927,20.185421
4067309363342548736,267.0649543575961,-24.824447588291413,19.417164
4067304449900284928,266.99283989344724,-24.818763854249404,20.102068
4067310286744898176,267.0929184519179,-24.785167934597684,19.691483
4067304243741595648,267.0403416882418,-24.831611766814728,20.265566
4067310183656955008,267.0497863943082,-24.812130746556658,18.73802
4067304278101374848,267.02586077571044,-24.83519408829278,19.808918
4067310153623135744,267.0752066734796,-24.81097447577894,20.679747
4067311046977888256,267.0704876392991,-24.73603756240357,20.02225
4067304209388343936,267.03956773730516,-24.840824314642113,18.678957
4067310462854498176,267.02300873010756,-24.792942139383456,19.339252
4067304175022163968,267.0170706402947,-24.841941353648014,19.270895
4067310462854506880,267.02567869118724,-24.789478814587664,20.175362
4067304415556162048,266.9816471894839,-24.830543476634485,20.375326
4067310943897696000,267.074912515812,-24.751570044425314,20.316702
4067309500788106624,267.0790090946474,-24.808338338269973,18.835571
4067304243741543168,267.0449245360583,-24.83962058019746,19.537266
4067310462854497408,267.02638611202985,-24.790167265519248,19.41043
4067310733421496320,267.09179656624457,-24.764526963785844,19.853268
4067304278101379456,267.026618860979,-24.83363027177672,18.286518
4067310733421496448,267.09237494349037,-24.771899940478765,19.143114
4067304346827744256,266.9851888667753,-24.835525288290107,20.429428
4067304518619655296,267.0259066989663,-24.811173950740315,19.948195
4067304449915900800,266.9927530884319,-24.819935356157725,15.489839
4067310462870116608,267.0250074305101,-24.791049191079196,19.562212
4067310286744897920,267.0926123334241,-24.791730914869124,18.710417
4067304415556162560,266.980586576706,-24.8303236072412,18.177916
4067304552995116160,266.99885275960094,-24.814700161000697,18.996332
4067310943897621120,267.0772916400174,-24.759347016532328,20.932417
4067304312461118464,267.0433714270169,-24.819056875362325,19.15528
4067309363342558080,267.0568815979805,-24.829605852443457,20.079021
4067310531580760960,267.05398015131277,-24.77541270133745,20.854675
4067304312461118592,267.0388516814123,-24.82292156430221,19.457228
4067310634660083328,267.0518139922168,-24.7626872855791,19.598953
4067311012617205248,267.0752489779231,-24.746145073321685,20.03296
4067304278101380352,267.03050912196284,-24.829521610526722,18.877153
4067310664702020608,267.09318437473985,-24.775127581767567,19.016022
4067310187983089024,267.0439458267536,-24.8132760480062,20.816677
4067311012618290816,267.06396011985527,-24.75252071673144,20.81442
4067310462870119040,267.0212932373655,-24.792011725937904,18.770603
4067304278101380736,267.03094007900705,-24.829485103927812,19.64267
4067310428501439360,267.0461759302901,-24.79301728997838,20.865211
4067304278101380864,267.03121780287836,-24.82946119925864,19.618404
4067310119263399424,267.05305544494064,-24.82601483387407,21.032602
4067310325422048000,267.07348299776004,-24.792099931471853,20.288906
4067311012617205120,267.07503371893284,-24.746038967664017,18.278948
4067304415547295360,266.9783357886706,-24.83166042717474,20.085825
4067304312461115648,267.0371014859629,-24.824960595491323,19.372986
4067310497221130752,267.0299324340616,-24.77659408722578,19.81417
4067310737739084160,267.08581677572283,-24.765736703954353,20.369432
4067310394134916736,267.03155766454,-24.80565604779244,20.050753
4067310359781963392,267.0715861914808,-24.77537363466501,20.041237
4067310943897621632,267.0816104988884,-24.756304461097116,20.621542
4067310737739085312,267.0848137950137,-24.766260614184752,18.286383
4067304170714252160,267.0060176100849,-24.839317322133454,17.859892
4067304312461115904,267.0336528778338,-24.8278837379938,18.95469
4067303487827288320,267.056740089585,-24.831364711083154,20.357632
4067310119263399296,267.06358412363113,-24.818735735194757,20.795385
4067304175028776064,267.0161013166715,-24.84116866532775,20.741688
4067310394134916992,267.0381630846659,-24.79994307164349,19.556309
4067310600301431680,267.0455785597747,-24.77014743655818,20.638151
4067310325422086912,267.07164536700105,-24.789393353117685,20.691967
4067304587346022400,267.0148249233969,-24.80253908478017,20.277512
4067304552995122432,266.99694495127613,-24.811504185622375,17.634531
4067310497229858688,267.0298989618925,-24.784247334161794,19.676935
4067310531580762624,267.0533583946233,-24.775690969757807,20.727491
4067310497221130624,267.03002390687703,-24.77684867171997,19.652258
4067304518619653760,267.0309565768734,-24.807252984322954,19.680904
4067310462870120192,267.02524506706663,-24.788250037382795,16.844776
4067310669019427840,267.0924184464587,-24.77946997405035,20.756746
4067310394134916480,267.03450519752954,-24.803597538616916,20.020065
4067309393382977792,267.0778619673325,-24.809330144671446,15.268738
4067310943897623424,267.0736657218556,-24.76149166972334,18.817236
4067310291062199808,267.090637886014,-24.790866108671047,19.456062
4067310462854500352,267.0249664137574,-24.790622603888902,20.335165
4067310600301432448,267.04497204265004,-24.772268881128912,20.642828
4067310497222217216,267.0326601057376,-24.782314140768655,20.206146
4067304278101378688,267.02316144542965,-24.835968887669946,19.028204
4067310187983092224,267.0427504242389,-24.813644318923043,20.956215
4067304278101378816,267.0230769855576,-24.83647293491974,19.914734
4067310149305588864,267.06770942506137,-24.80546103530436,18.73938
4067304415556165888,266.98226367962457,-24.825872763851695,17.625135
4067304278101378944,267.0233754639402,-24.83652062140385,19.7551
4067310497229860992,267.0288885194876,-24.782970090092395,19.353098
4067310497222216704,267.03391102472483,-24.7804626000344,20.721228
4067310428501548928,267.04284244366954,-24.782552321028867,20.222757
4067304514300127104,267.019701357046,-24.81165710928679,16.405249
4067310565940502272,267.0618177720071,-24.769475908292865,21.055202
4067310359781964160,267.0695507807121,-24.77672301755493,20.052301
4067304587354863872,267.0081993107497,-24.797415472343655,18.747345
4067304278101384576,267.0259833859885,-24.833163162189283,19.20509
4067304514300131328,267.0241026191502,-24.80844874418355,16.773024
4067310462854501504,267.022629562236,-24.79326722732355,20.777466
4067310222336119680,267.0568926399751,-24.807222082202518,20.082283
4067303487827289600,267.05594257152893,-24.831886059116556,20.393919
4067304175028768896,267.01154548834444,-24.845139574675795,20.823755
4067310222342830464,267.05305830021877,-24.806536369029388,20.718708
4067310462870120832,267.020299897113,-24.792105612959432,17.345495
4067310462854501376,267.0284615753854,-24.787837727700914,20.357798
4067304381187384064,267.0047934291498,-24.832355208587074,20.870275
4067304449907070592,266.98842561901796,-24.820071627236914,20.903461
4067304449915904896,266.98754936386933,-24.820832918725607,18.769758
4067304278107984256,267.02665759292336,-24.83467204849063,20.639963
4067303453467556096,267.0416757110899,-24.843193384620516,19.880568
4067310153623247616,267.0670769747817,-24.806501779442605,20.654785
4067304552979505024,267.0043350069258,-24.80753896781991,20.687435
4067310462870122112,267.0184604693858,-24.792429385207285,19.978264
4067310462854503040,267.0252506223506,-24.78980293638771,19.901205
4067310153623139584,267.0770911395222,-24.809235803146496,18.575092
4067310462870121856,267.02285709919073,-24.787721772554235,17.70046
4067304243741602816,267.041168066992,-24.829002761980753,18.441805
4067310497221132544,267.03587934793507,-24.77316694268967,19.929382
4067304552995120384,267.000002341271,-24.810117995066047,15.246269
4067310462854502912,267.024953342291,-24.789696944573464,19.175617
4067310565940503040,267.0688968386334,-24.764483273490352,20.66987
4067310565940503424,267.07019517834067,-24.763496918269485,20.592882
4067310428501442304,267.05123231470657,-24.789002123430127,20.521729
4067310394141703168,267.03717020000846,-24.79890867403103,20.51317
4067310153623208192,267.065313634383,-24.811255320576894,20.300915
4067310389824078208,267.0314601608388,-24.793803144849264,19.973265
4067310462854503168,267.02535923597986,-24.79028279485971,19.182535
4067310634661171584,267.0646937439385,-24.755966887068233,20.646967
4067304548659870720,266.9928242880762,-24.807950996062452,17.455437
4067304415540548096,266.9790927995904,-24.830325876533802,18.942999
4067310153623140480,267.07339682664593,-24.81168036023187,20.244488
4067310291062308224,267.084339262858,-24.784816149851594,20.211254
4067304449900286592,266.9879409506737,-24.822638329246537,19.515171
4067304484259920768,267.0129894933588,-24.821128691811204,19.646566
4067304243748139648,267.04527835187525,-24.831269340341038,20.673172
4067310634660086656,267.0510817711028,-24.762245299641666,18.863413
4067304587354858496,267.0164296093928,-24.79605312897712,17.280628
4067310462854502784,267.0250971718325,-24.788940782220752,17.995878
4067310149305587712,267.06639655631943,-24.81833999280923,18.162563
4067310462870123008,267.02048515520266,-24.78994168331109,17.6474
4067310634661172992,267.0615841010292,-24.76106488775087,20.29671
4067310978257364480,267.08433246090004,-24.753483216851297,19.043324
4067304209388401792,267.02932719300054,-24.842200957445947,20.03161
4067310595985539456,267.04058925008985,-24.76320155271353,18.58025
4067304587339277696,267.01156215593454,-24.797300179347502,18.396454
4067310153623248256,267.0678107197844,-24.805910298214503,19.942225
4067310149297222656,267.07105690762137,-24.808290756260163,17.61131
4067310462862479104,267.0256145305546,-24.789039678113898,20.171751
4067310630345385856,267.06133949579,-24.75355137970272,15.428938
4067304312467835392,267.03679771780946,-24.817247464361778,20.82765
4067310256702460928,267.0833456684643,-24.795461366307027,20.023897
4067304587339240960,267.01580036100063,-24.7984454087611,15.969477
4067310565940503680,267.0678582689081,-24.765079235358936,20.683287
4067310462870120960,267.02420685390337,-24.78870718813958,18.86754
4067310149305588608,267.0675627852177,-24.802044767605764,18.465399
4067304484259918976,267.01836134580765,-24.817066261068184,19.176224
4067304449900287872,266.98724031224236,-24.823058497724904,18.822012
4067304415547338624,266.9820890527486,-24.82393744467455,20.96201
4067304548659863552,266.99664081688843,-24.812356280631274,17.73914
4067310497229858176,267.0317538611116,-24.78326569609561,20.317888
4067304587339245568,267.0171271457176,-24.79693839374904,19.280712
4067304312461120256,267.0394014899137,-24.82201602182207,18.972546
4067304552979507328,266.99652053235883,-24.81451812773036,19.88176
4067310256702568192,267.0749345422667,-24.79146503438479,18.712223
4067304587339245824,267.0123625666919,-24.800921826551782,19.828564
4067310462870124288,267.02148121006616,-24.78767069301699,16.62731
4067304209397687296,267.0336486738142,-24.841215295709507,18.777952
4067304587354865280,267.01141116773107,-24.7931546131191,19.628735
4067310462870123520,267.0198316485399,-24.789430635003583,19.185911
4067304175022167296,267.0120757186572,-24.845579806538893,19.737598
4067310153616572800,267.06369133476835,-24.816328775074957,20.395077
4067309535147853568,267.090678528499,-24.799431748038938,20.244272
4067310497229862272,267.02705068425104,-24.780888875885957,18.116379
4067310394134921856,267.0361841406831,-24.800975406991054,19.744846
4067304587347219456,267.00863312158157,-24.805459349075377,20.703205
4067304587354865536,267.008806057911,-24.79516256079717,16.952267
4067304587339246336,267.01759452459993,-24.796426758279516,19.45818
4067304518619652864,267.0286393641583,-24.809444578480463,19.552343
4067310291062311552,267.0857435524491,-24.783425085922737,16.854307
4067310497221130880,267.03078382755547,-24.776836441532712,19.820055
4067310737739083904,267.087803929447,-24.764361787597203,21.229351
4067304587339246720,267.0091161827087,-24.803387074396635,19.96018
4067310394134921344,267.0352095621434,-24.80196852778064,18.721312
4067310497222214784,267.03156940088485,-24.77920106813615,20.249342
4067304587339246848,267.00933234993306,-24.803410835683614,20.392792
4067310634660089088,267.0612099090612,-24.75497582341729,18.756693
4067304278107991936,267.02568472337305,-24.834517700034983,20.642418
4067310119263513088,267.04629888888775,-24.8204478671103,20.907804
4067310634660083584,267.05188752898175,-24.763170171546655,20.223282
4067311012617212672,267.06863061474036,-24.749984818929427,20.519882
4067304514300135680,267.01947121370245,-24.805769355483147,19.49364
4067310394134922752,267.0336078985465,-24.802821233851127,20.075039
4067311012617212800,267.0684037053986,-24.74982245519893,20.062574
4067309397719106944,267.0745150020838,-24.821786416957966,19.144772
4067310565941699456,267.06453919218126,-24.76521866872882,20.763365
4067310256702459520,267.0722155299475,-24.80335464696603,20.41665
4067304552979505152,267.00492655573794,-24.808051799242428,20.674475
4067304415540543616,266.9812062590793,-24.828985072667475,17.212275
4067310256703794944,267.07515258783303,-24.800419858689157,20.036755
4067310291062312704,267.0818719466089,-24.786088390151804,20.954447
4067310978258558976,267.08426220126245,-24.746689191623094,20.52193
4067309363342557696,267.0610597076959,-24.826099522568768,20.105598
4067310183656964096,267.0441795793828,-24.807517593311715,14.242331
4067304552979505408,267.0031598837813,-24.809140993203474,19.817503
4067310943897620992,267.07654181703083,-24.759018441722958,19.56924
4067310565940507520,267.06630458978753,-24.765745595947582,20.55212
4067304552995124736,266.9940957853436,-24.811188700999764,19.909657
4067310462870125696,267.0189950598391,-24.78684608400781,18.167633
4067310565941698944,267.06719878527576,-24.76211151143923,20.343416
4067304342509747456,266.99062790342373,-24.84046146425339,19.310165
4067304381180710784,267.0058977925659,-24.825553527038508,19.548365
4067310462870125568,267.0218250466993,-24.785581982245372,16.854946
4067304415540552192,266.9763639718888,-24.83186263859027,16.84599
4067310149297227392,267.07370781139133,-24.805360560771348,18.14269
4067310565940506624,267.071347420381,-24.76236773052493,20.362118
4067310943897628800,267.079058372831,-24.75698824031658,18.492586
4067304587354863488,267.0153963365452,-24.79280556050594,19.188658
4067304518619660544,267.0289277560012,-24.807327853289394,20.1873
4067304209381805056,267.0399481454147,-24.84380891815099,19.499516
4067304552979500288,267.00181176609755,-24.811024632127626,19.499372
4067310291062313472,267.08746559639917,-24.782173690754313,21.099989
4067310428502747008,267.0395071327625,-24.789570842604714,19.19593
4067310218016704256,267.0549177359901,-24.805571657977318,18.419853
4067304518619660672,267.03033111947394,-24.80602759227112,20.253683
4067310394134913152,267.0320463464683,-24.80681042181843,20.746178
4067310462854497792,267.02961203707815,-24.787293585095988,19.898584
4067304518627749248,267.0270215143273,-24.804150533450887,20.622328
4067310149297215872,267.06948309967106,-24.812019242616287,18.318989
4067310394134923392,267.03084952374485,-24.804769970121875,19.588474
4067310187976385792,267.05258187950545,-24.810185801828545,19.997522
4067304587339279744,267.01236984557573,-24.796522688835022,19.084711
4067310497229865728,267.0254801309486,-24.78005017044538,17.317892
4067310497222213376,267.0366517919543,-24.772584417616454,19.099483
4067304449907080448,266.99285079439807,-24.816194451915976,20.369616
4067310394134968832,267.0343043037817,-24.791655246516385,20.06137
4067304243748137984,267.0516325721733,-24.827003934756675,20.528692
4067304381180707584,267.00476270776676,-24.82781511370148,19.555578
4067309496462197760,267.08370265751574,-24.805148391290224,18.31848
4067310153623253632,267.0672776892393,-24.805762011365506,20.063326
4067310565941699840,267.06432785401677,-24.76694694282375,20.811369
4067310428501554304,267.04474869693877,-24.78059168450375,16.386707
4067310497229865344,267.0260555530043,-24.778658110897045,18.9813
4067310462854507520,267.0293493619022,-24.786284548052425,19.745096
4067309496462199296,267.08652834989726,-24.804001433946482,18.343979
4067310359781821184,267.0882804694986,-24.77828108555341,20.519033
4067304587339249664,267.0185367714533,-24.79510979909508,19.56569
4067304209381802112,267.0393119961903,-24.844438247687616,19.291307
4067310256712567808,267.0859032824263,-24.80019561217615,19.93814
4067310462854509440,267.0219099635543,-24.79285230495891,20.44727
4067310325422052480,267.07520509682803,-24.790578294804913,20.845001
4067310394134924672,267.0388308703523,-24.797418369698512,20.565523
4067303487827287680,267.04915860526637,-24.8376524981415,19.63187
4067304278107995264,267.02496006024757,-24.83472919914866,20.829168
4067304548659872896,267.0058712400282,-24.80659629474092,17.820963
4067310394134925952,267.03583235659545,-24.799410181179958,20.324945
4067310733421494784,267.08909355586206,-24.766565352019644,19.291758
4067304415540558464,266.97720958393273,-24.830572363382956,20.033014
4067310187976388352,267.04604712845344,-24.814997216855083,20.07872
4067304415540558592,266.9769765214393,-24.83052516533118,19.991594
4067310462861293824,267.0331032097782,-24.788600890772756,20.048635
4067304552995127424,266.994975577593,-24.806827269789533,17.185558
4067310153633353728,267.06760519313355,-24.80940712693007,19.519836
4067310497221125376,267.0323962992065,-24.77601943190731,19.359978
4067304449907078144,266.98798705874486,-24.819728788293776,21.003899
4067310428501556864,267.03984020785884,-24.783781400480727,20.982742
4067310462870119936,267.0226860600712,-24.790570168922134,17.271948
4067304175022172032,267.01033059332127,-24.845521373894773,19.002008
4067310497221125504,267.03274483878926,-24.776247336985488,20.311731
4067310428501556736,267.03902687181875,-24.783969969531178,19.849163
4067310462854510464,267.0268764162571,-24.788006529737405,19.82611
4067310943897632512,267.07706347862836,-24.75808458848655,20.637552
4067304106302645504,267.02277395853736,-24.845730591061393,20.13659
4067309496462201728,267.08952091985077,-24.80200806221112,18.458729
4067310222342838656,267.05780377896684,-24.802432376191884,21.05023
4067310462854509568,267.0215953479936,-24.792693909611415,19.352674
4067310462861294592,267.0293233239598,-24.791068777848228,20.977793
4067304518619690496,267.0178284395917,-24.809308089924794,19.35122
4067310428502749824,267.0437847366571,-24.793528613883186,19.482166
4067304346820975744,266.99379411173743,-24.83525936732512,20.19118
4067304587354866688,267.0119879545022,-24.79142335862774,18.53642
4067311012618290560,267.06884115410406,-24.747299542993073,20.978384
4067310497222214912,267.0312517823432,-24.779519934429803,20.197796
4067304278107976704,267.02981181358825,-24.8331055007048,20.26508
4067310256712569856,267.0810078725301,-24.79510425562808,19.082838
4067309363342561920,267.062993311175,-24.823712552753687,20.23653
4067304587339292544,267.01225877248015,-24.794215593279528,19.434713
4067304449915913472,266.9854292563487,-24.813782643961993,16.27249
4067310462861298176,267.0251074637863,-24.793689347262237,20.687086
4067310394134926464,267.03172157662794,-24.802749610092743,20.03343
4067309363342561792,267.0630568731247,-24.823910459410506,20.667698
4067304587347117952,267.0042664256482,-24.79930967908125,20.33432
4067310286744894208,267.08715544308234,-24.78063972921016,19.264927
4067310939587047040,267.07438205672184,-24.760840220169783,20.334072
4067310394134910464,267.03928279304165,-24.801239975872992,19.818323
4067304552986298752,266.9964321571846,-24.81345282407227,20.458483
4067310428501558016,267.0406512528918,-24.78317273708343,20.900093
4067310497229852544,267.0335671028045,-24.78605464901618,20.059988
4067310394134926592,267.0319344804455,-24.802959643384074,19.167856
4067310325422054784,267.0718249696715,-24.792672274685646,21.305262
4067310325422054656,267.0713339750674,-24.793037149372353,20.561855
4067310497221142400,267.0335765570239,-24.773244228921744,20.106043
4067310252385154304,267.0852942589138,-24.796967199643447,18.687164
4067310256702471936,267.073688337619,-24.801062518122293,20.92603
4067310114945845248,267.0620570564583,-24.816524536587234,19.840622
4067304243741547520,267.04962192020827,-24.83468398890942,20.195728
4067304587346037760,267.0114224309689,-24.803050593551973,20.715044
4067310497221141504,267.03223379706253,-24.774262993279294,18.89666
4067304175028889856,267.0043865187469,-24.838883569080004,20.27635
4067310252376446080,267.0750090341587,-24.802610309570195,18.095938
4067304209381809408,267.039045905422,-24.843633612869848,20.359333
4067310222352832896,267.0654615357368,-24.79893972118845,19.630667
4067310462854512512,267.0273933637506,-24.787703099109663,20.548265
4067310218016707968,267.0528567215366,-24.803175790625424,16.919031
4067304587346038144,267.0158678834168,-24.79990038760107,20.18734
4067310531580774144,267.0530175390329,-24.774533445980246,20.241154
4067310183656969472,267.05048834357274,-24.804611000125476,12.205771
4067304278118093952,267.02897440455894,-24.831165271155545,19.910404
4067304449900295680,266.9905506922913,-24.819242355284565,20.344917
4067310389815401088,267.030669512567,-24.80235869687867,18.427118
4067304415556157440,266.98560924991426,-24.8321577469475,19.233482
4067310600300358400,267.04030251627876,-24.768353300699744,20.266722
4067310978257372416,267.08385518578956,-24.752755316182128,20.483103
4067310256703779968,267.0801160148484,-24.805988110509347,19.78319
4067310222352833664,267.05874284486225,-24.794895674306883,19.697502
4067304209381859328,267.0337572726458,-24.83638208198799,20.266907
4067310462861298304,267.02858474729913,-24.791256622437814,20.403551
4067311042666262912,267.07552760257784,-24.73994308934617,18.281492
4067304381180712448,266.9978471345961,-24.83204499500573,19.58503
4067304381180712576,266.99526038620655,-24.833723724508108,17.397757
4067310359791788672,267.0682208627869,-24.778636321785232,19.344269
4067304381180691584,267.0052524736292,-24.83115544262307,19.805382
4067304484259932160,267.0061613433179,-24.823819053962257,19.44673
4067310462854512640,267.0241078792921,-24.78979562675011,19.457663
4067310222342841600,267.06183275318597,-24.799372063640124,20.949179
4067310737748910976,267.08043808579777,-24.769168223399323,19.321178
4067310394134973696,267.03173382566706,-24.79332892312088,20.432964
4067310428501538304,267.0355761520843,-24.788734128528123,20.539238
4067310600300290176,267.0433939834588,-24.776304766699436,20.39655
4067310600300290048,267.0432687885257,-24.77598715007935,19.986517
4067310187983036288,267.0484272251629,-24.814873548057896,20.279652
4067310183665309568,267.04790820224133,-24.80728280432781,18.660366
4067310153632426240,267.0635535726948,-24.814597497687632,18.80635
4067310497222053120,267.0314129016325,-24.77466538749887,19.646692
4067309397718939264,267.078928942713,-24.82067425089639,15.576789
4067310462863614208,267.0221188084322,-24.786916577235868,19.278372
4067310737739036544,267.089452997097,-24.768595446776605,21.014503
4067311046977868288,267.07722114188795,-24.742494983220126,19.621304
4067310187976448128,267.0435458820165,-24.804541155941553,20.891048
4067310462863615616,267.0155033915532,-24.78505723385036,19.181223
4067310565940445952,267.0695610942516,-24.770764513276156,20.302128
4067309397708886656,267.07743991111886,-24.809942339067263,18.589893
4067304209388343808,267.03905067273274,-24.840751243594095,20.49875
4067304239430573824,267.04970248996074,-24.82844497076763,18.28105
4067304449900281216,266.995489357404,-24.816976943220826,20.32906
4067304106310608512,267.02595815495556,-24.845556037303147,20.265469
4067304106310785536,267.01875607083696,-24.84530268595901,20.741552
4067304449900281344,266.9957051710995,-24.816601199004722,19.432867
4067310462854559488,267.02173915517733,-24.78543009708494,19.056269
4067304312461179008,267.02837625225334,-24.818593644037463,19.69386
4067303449156587776,267.044552486487,-24.8426015492533,18.15206
4067310286744891520,267.08340383041286,-24.78699654799063,18.03419
4067304175028824064,267.00765480605435,-24.842840449244235,20.75165
4067310153624562944,267.06924820739783,-24.81461060464781,20.069767
4067304312461178880,267.0309228024387,-24.816426458843683,19.874838
4067310600301268992,267.0437407393663,-24.7658741966977,20.328518
4067310256703779456,267.0812593525572,-24.805658608114975,19.730495
4067310218025048960,267.0492190564483,-24.802051199950075,18.287483
4067310531580708352,267.0511884930983,-24.783341568781058,20.08678
4067304587339231232,267.0181947295182,-24.797833355299954,19.772528
4067310737739095168,267.08196551817935,-24.766927271605976,20.546347
4067310183665310464,267.0489631108893,-24.810408233123134,19.261604
4067310561614134016,267.0649825136923,-24.77202503533731,19.197304
4067310497221076224,267.03085028573236,-24.784190909651816,20.443075
4067310183665309824,267.048087083783,-24.81359579213983,18.361074
4067310497214308224,267.025999016402,-24.7789553952298,18.520601
4067310497222055424,267.0329909011216,-24.7727368016377,20.223093
4067304552979493120,267.006000152286,-24.808014470962636,19.767792
4067310497222055808,267.0325354661642,-24.772984606823748,19.918852
4067304415547280896,266.98472820632526,-24.828990005106316,20.801414
4067304552979493248,267.00590378150446,-24.808355450746106,19.720974
4067304239430570880,267.04537689374575,-24.830485791912515,17.73275
4067310634660138624,267.0546528331057,-24.750477426462908,18.907429
4067310531580708096,267.0602547675739,-24.777133026399923,20.842533
4067309530821950208,267.09166664155333,-24.79667394086941,18.795992
4067310359781972352,267.0758059728518,-24.771230849676044,20.626966
4067309500789536256,267.08711206390024,-24.800989108676323,19.977936
4067304209388349696,267.0324996028428,-24.844831899107742,20.704773
4067310187976447104,267.03653017693443,-24.810147206663462,19.48105
4067310943897570048,267.08704676508745,-24.75877085227708,19.605358
4067311012618132096,267.06176829803934,-24.75255298339269,19.806156
4067310428501449472,267.04642337415197,-24.79146651992965,20.979908
4067310325422171392,267.0604223670437,-24.78919046531838,20.09908
4067310218025049472,267.0495197628369,-24.80072682396177,17.738865
4067310462854496000,267.02819734427186,-24.78873260345332,18.720854
4067304278101434624,267.019398631989,-24.827859001446043,18.089603
4067304548668182656,266.99761084934664,-24.80279447879611,19.107044
4067304587339257728,267.010527277249,-24.801019065793483,19.293495
4067304415540540928,266.9844836510146,-24.82651185176133,20.035238
4067311012618131456,267.06886621194474,-24.74773710122959,20.007513
4067310256702408448,267.083080953146,-24.800400622119504,20.159077
4067304518626493312,267.01854978422836,-24.805954121807385,20.099005
4067304346827694336,266.9882022611251,-24.839149621624568,20.434793
4067304278108037248,267.0270578632404,-24.82960237476945,20.265068
4067310187983219584,267.04117177396995,-24.80232301770527,21.137863
4067310600301271424,267.04532537633713,-24.763998562458355,19.082195
4067310531580710528,267.05893287416677,-24.77780194934517,20.525412
4067310325422172928,267.062186719102,-24.78784520095027,20.278856
4067304415540541312,266.9839371731725,-24.826906638813902,19.933323
4067304484266648064,267.01525996510117,-24.820465125313227,20.711031
4067310737738987008,267.09334489718236,-24.770681663419808,20.581177
4067310943897677184,267.0765906349296,-24.753048030699777,18.754204
4067310428501495552,267.0387410311556,-24.79174592753433,20.529026
4067304243741591808,267.04424466726874,-24.829316906550623,19.894981
4067304552986343552,267.00331993694203,-24.803184774763782,20.294846
4067310462871655936,267.0200829073187,-24.781706900777284,18.390827
4067310600301272832,267.0428798370025,-24.764808050604323,19.56316
4067304209381853568,267.03135923671647,-24.840317728075426,19.757303
4067304415547235584,266.98272346112526,-24.835362526176734,20.48456
4067304587339202048,267.02009130634417,-24.800614742199965,19.49379
4067310222342819200,267.06470243879727,-24.799410451089877,20.816652
4067304587339257344,267.01436696221094,-24.79775582095129,19.281853
4067303483516333440,267.0546941624281,-24.830455248228848,19.633558
4067310492894660224,267.0341317116383,-24.769489127575365,17.986221
4067311012618132608,267.0696215489853,-24.746527002076444,20.045666
4067310428501537536,267.0372682890154,-24.787743862086213,20.623281
4067310462871654784,267.0221516491218,-24.78083496164638,16.86194
4067304587339201920,267.0196496525023,-24.80043969025732,19.389042
4067310114945836544,267.0518124861079,-24.816587321944407,19.59038
4067310600301272448,267.04066112647064,-24.76654713571936,20.383944
4067310359781912320,267.07421235988227,-24.779449834018568,20.462076
4067309397718943488,267.0784840116423,-24.814284030611496,17.913496
4067304209389997184,267.03903845927925,-24.838538828205014,20.719069
4067304342509743488,266.98424278751617,-24.836841206527993,17.979496
4067310153624567296,267.0700238276233,-24.81092993044855,19.29316
4067304209388406144,267.0351148197645,-24.837812990111264,21.0233
4067304170702695168,267.0151250716827,-24.83986517594449,19.021175
4067310291062148736,267.09012151935684,-24.795427737371412,19.568928
4067304209388454912,267.03022766620353,-24.83695358712882,20.596523
4067310183665312768,267.05109812984625,-24.80800969985444,18.221321
4067304583019662976,267.00955965130345,-24.791054618233186,17.32271
4067310497222058880,267.0337240170944,-24.770510498864365,20.276402
4067304312467777280,267.03707655905845,-24.82259002633761,20.678284
4067310462854554752,267.01654364600216,-24.790931212074007,19.769402
4067310114945836288,267.0514328152311,-24.81473488317433,19.988272
4067309500798157824,267.0854436708129,-24.81000888820378,19.475348
4067310119265382656,267.0519663576055,-24.821850362468755,20.863712
4067310119256851584,267.0540255027197,-24.821117179282073,19.602415
4067310222336185216,267.0489297508157,-24.79954387227015,20.212145
4067304209381854848,267.0370547732927,-24.835220080743373,19.522158
4067310492894661248,267.03085058709325,-24.78045521144958,16.258026
4067304587339201408,267.0195230961265,-24.80117516899173,19.327108
4067311012618133760,267.06198496599666,-24.751423991292846,19.634066
4067309397718944512,267.07863544073706,-24.813069269324863,16.983501
4067304243741593472,267.0435499507894,-24.82958752021989,19.419945
4067310600300295552,267.054109994619,-24.76824360002818,18.94935
4067310492894661504,267.0287423349529,-24.780763372776686,18.7902
4067309397718944384,267.0765650428047,-24.814904114843806,15.446583
4067310256703783808,267.08372543229814,-24.800621089552006,20.0594
4067310114945837824,267.05340492800656,-24.81618994089227,18.56138
4067304484266761472,267.00839129063934,-24.812242300605675,20.27522
4067310458534923008,267.025829374146,-24.784539290483764,16.647497
4067310394142793600,267.03166580472424,-24.79790828741869,20.075943
4067310497221081728,267.03318854796396,-24.782122806921155,17.241095
4067304175022216448,267.0118766221487,-24.83511470288958,17.95921
4067304587339312512,267.0033815939772,-24.798272135104895,18.60857
4067304587339205376,267.0214500487198,-24.799020637845405,20.155546
4067310497222059776,267.03480024253867,-24.769660120532667,19.826426
4067310222342960768,267.0493561187265,-24.795925859373597,19.565426
4067304243741585920,267.04795927460776,-24.827231845021018,20.701494
4067304518636137216,267.0300127014207,-24.806441626616397,20.096489
4067310325422175744,267.0681409201728,-24.783381396393843,20.718847
4067310462871652608,267.01718204806303,-24.784502828140106,16.994724
4067310943898605824,267.07939497853914,-24.7663888159358,19.79809
4067310497222059008,267.0340419836326,-24.770514424627155,19.700907
4067304381187439872,267.0011009246838,-24.829397162130963,20.491648
4067310943897572736,267.0856952292894,-24.759109206657754,20.91709
4067310565940451968,267.07207903255096,-24.76840108006552,21.10743
4067310291062149120,267.08729291733414,-24.7972670368896,20.04575
4067310458534923776,267.01468608875774,-24.790166467586822,16.685684
4067304449907126912,266.99029562495656,-24.812366818627343,20.198013
4067310222342960896,267.0495233021626,-24.79615614687039,20.746794
4067304552987280768,267.00497998282606,-24.81085826323239,20.459278
4067310531582221696,267.06378642583786,-24.780676922899527,21.00336
4067303483516331136,267.05152274221365,-24.83573664050216,18.34126
4067304243748199168,267.0434197593772,-24.827394800703015,20.88083
4067311012618134912,267.0676296419119,-24.746907113605022,19.953007
4067304312467783040,267.0352608719899,-24.823244601636937,20.14907
4067304205062431360,267.0378563257051,-24.84097356377452,17.63533
4067310600301275776,267.0459028619079,-24.761585126190543,20.304514
4067310458534924032,267.0269529119906,-24.79151751021541,19.798798
4067309500798160256,267.0871308533325,-24.806574026463625,18.268482
4067310497222060544,267.0326268263593,-24.77087714443951,19.642166
4067310943897681408,267.0783728629903,-24.75112090979107,20.848051
4067310222342960512,267.0483752138622,-24.797044838605178,20.23023
4067304243741590784,267.04571630285704,-24.82820457308047,20.247284
4067310222342960384,267.0478288149038,-24.797397322336927,20.81153
4067309397718944896,267.0774885553994,-24.81356838654807,16.83727
4067304587339315712,267.00776832535206,-24.79363997647353,19.445133
4067304449907020544,266.9945654397497,-24.822069425936622,20.570793
4067310114945839744,267.0562065986826,-24.810855522373387,18.487972
4067310497222060032,267.0343466268439,-24.769958559662683,20.352085
4067311012618135680,267.0710210327601,-24.74442249488423,20.189909
4067310153623304704,267.0615923696015,-24.805157692680723,20.90132
4067310114945839616,267.0560027303991,-24.82591513814536,20.31279
4067310531580714624,267.0537142169866,-24.78093306786623,18.29055
4067310497222060416,267.03255432517017,-24.770330772474956,19.453545
4067304106302637952,267.0242025304743,-24.846599006495648,19.821234
4067309397718946432,267.0773545108093,-24.812422785805946,18.994015
4067310153624570752,267.07242032026414,-24.80683610159954,19.76067
4067310737739036800,267.0903343542787,-24.76795766277042,20.605421
4067304106302642304,267.02325670625464,-24.84620668837034,19.500103
4067304587355746560,267.0121006833248,-24.801953053353653,19.868181
4067309397708846464,267.07773955711605,-24.814017127336967,19.519886
4067310600301277056,267.04390482793985,-24.762542857225576,19.914001
4067310565940452480,267.0675242609868,-24.771440224187543,20.920105
4067304484266759680,267.01099985373156,-24.810639926980247,20.584705
4067311046977875712,267.07389439830735,-24.741727969109178,19.955711
4067310256702413312,267.08565534620095,-24.79827198629389,20.27514
4067304205062436864,267.0310633463546,-24.838675008947657,17.875744
4067310114945839488,267.0559620569977,-24.813071415189643,18.169239
4067304209381857664,267.03566048182137,-24.835528115900864,20.19447
4067310634660037504,267.061177978173,-24.762832812513118,20.056353
4067311012617195136,267.06801174918536,-24.752765798657947,18.691425
4067311046977873408,267.0762457774678,-24.740891324993704,20.419468
4067304170702698624,267.00464461808934,-24.838234037924177,20.250362
4067310114945839360,267.0556933627886,-24.809642333382143,19.35614
4067311012617266688,267.0661266818413,-24.741036469723078,18.681837
4067310394134967296,267.0264512115568,-24.79880000393508,19.765203
4067310497222061056,267.0301106048809,-24.771964156002863,19.659874
4067310943897574784,267.08298124494803,-24.760739282384495,20.297413
4067303487843173760,267.0493680575758,-24.83790407434362,18.899315
4067310497222061440,267.03012196148353,-24.772424269450706,19.985699
4067310394141654784,267.03847058292195,-24.80360358950514,20.576025
4067310119263353472,267.0589493145723,-24.826302722066288,20.64245
4067310153623306112,267.0626974765636,-24.804252085771388,20.181583
4067304278108140928,267.021729628802,-24.82307079530741,20.766739
4067310428502543232,267.0448320418701,-24.78166688704786,19.59174
4067310256703786752,267.07842680450557,-24.80232944888577,19.539824
4067310462854550912,267.01712353316657,-24.788483112498028,19.303335
4067304312461171072,267.0288954007453,-24.820347756231033,20.233624
4067310634661016448,267.0554678491252,-24.75425813894301,19.751638
4067311046977876736,267.07492186531965,-24.7408248523673,18.174118
4067311012617266432,267.0662513413053,-24.741358646384953,20.605967
4067310462854550656,267.0189482096566,-24.788065545352808,19.63975
4067310325422178944,267.0587290101556,-24.789517912858127,20.733335
4067310153623199616,267.06649132442027,-24.81143011602523,20.677372
4067311012617266560,267.06630333257345,-24.740740276152255,20.294846
4067304587339195392,267.01871383426516,-24.802345562471274,20.716162
4067309397718946816,267.07885482651926,-24.81119207640049,16.47807
4067310256703786240,267.079029422322,-24.802177155782424,19.818733
4067304205062438144,267.03594540911655,-24.837576512908687,18.895115
4067310943897575808,267.0870382439157,-24.75788290042418,20.590532
4067310256703787648,267.07671222285217,-24.803053186522288,19.667496
4067310497221086592,267.03786995649267,-24.778449328685983,20.21077
4067309500798163712,267.0852533541359,-24.804905353865497,19.946934
4067310600300299264,267.0460508915603,-24.773280851297827,20.243055
4067310187983140992,267.0433715124281,-24.808325970212856,20.05386
4067310256702522240,267.07141940691025,-24.798172183566283,20.198145
4067310600301277440,267.0352699380962,-24.768461895991194,19.96346
4067311012618137984,267.0687619239625,-24.745150062471392,20.06238
4067310256703787904,267.0783600808885,-24.801854207398883,19.220402
4067303487843176064,267.0505481915898,-24.834979746538465,20.204323
4067310497221084416,267.03860800126205,-24.77826485360232,19.120024
4067304484268268032,267.0106173052635,-24.82479883111167,20.910643
4067310634661017088,267.0492442090075,-24.758489721740226,20.048586
4067310600300300928,267.04436177865097,-24.774162239983653,20.703804
4067309363358434560,267.0631897795935,-24.826606010862406,18.00465
4067310634661017472,267.05121460187667,-24.75689780756339,18.498173
4067310595973879808,267.0437941592328,-24.766864538273907,17.693804
4067304209388353024,267.0365365343666,-24.841822142100863,20.58612
4067311046977877760,267.07680526815386,-24.739263643051505,19.659824
4067310497214288000,267.0280815530252,-24.78192294034209,19.905256
4067310325431916928,267.0701468454129,-24.78471570082664,16.735407
4067304583028288256,267.01757615495785,-24.7943363341082,17.751213
4067310114945841408,267.05871814680785,-24.82346782834402,19.351437
4067310634661016704,267.0507683231764,-24.757302114970173,20.178633
4067304205062435072,267.0291774080188,-24.838517419472616,19.941462
4067310114945842816,267.06005871099245,-24.817953296757263,18.998114
4067310634661016576,267.05012392760113,-24.7575416050918,19.768686
4067310600301326080,267.04421812155505,-24.758889405130027,20.451113
4067310256703788672,267.0772605558898,-24.80211359827694,19.296694
4067310153623199872,267.07038489758787,-24.80851654974719,20.657131
4067304209381856000,267.02974271216823,-24.841254349941327,19.32829
4067304583028288640,267.0188777887408,-24.79600887445601,19.16363
4067310497231386624,267.02501444381096,-24.77689342112948,18.58264
4067310462854550144,267.01799598561126,-24.78841657787533,20.26853
4067310634661016832,267.05059055484537,-24.75765646304773,19.460535
4067310561614143360,267.05929558271237,-24.765309502749684,16.991156
4067304106302641024,267.0253692126705,-24.844953221172524,19.860706
4067310256703788928,267.08392319256956,-24.797150829749135,19.414993
4067310153623200000,267.07032581551874,-24.808767191921714,18.713892
4067310394134964480,267.02487867003566,-24.800618155828655,19.589138
4067310218025057280,267.05965743304665,-24.804339243895623,17.381296
4067310149305590784,267.0697303629515,-24.809369718787078,18.523716
4067310222342903168,267.05798010863117,-24.796005706522468,19.872873
4067309359031598208,267.05966405776053,-24.826061283966112,18.887274
4067310497222065024,267.03380716031273,-24.7687527859775,19.756186
4067310497221086720,267.0407945377377,-24.776427846298912,20.219515
4067310497231385344,267.0250100128397,-24.777311105014665,18.567354
4067310359781856384,267.0823740292464,-24.77917164320892,18.119028
4067304209381856896,267.03356930574125,-24.837672940783346,19.924444
4067309359031599872,267.0612947380559,-24.83157391674368,17.216686
4067311046977878144,267.07506533870276,-24.740028094385465,19.979235
4067310149305582464,267.0613760481606,-24.809274111783342,19.035984
4067303487843169920,267.0567228743958,-24.837513332938425,16.631357
4067310634661019136,267.05201865305565,-24.755826267011702,20.176277
4067304106302646400,267.02449515386724,-24.843910761359954,19.757431
4067310291063527552,267.08875537246934,-24.793771967134536,19.718384
4067310497221117824,267.03069637772956,-24.77872864341651,19.561121
4067310119263464064,267.05822973064113,-24.816779379477055,20.74193
4067310458543548544,267.0152698698792,-24.785883073469822,16.962465
4067310149305581568,267.060207524089,-24.808310188164285,19.018
4067310634661019520,267.0498339171849,-24.756836430213866,19.669363
4067310355464363520,267.0775808289884,-24.771357183815862,19.068607
4067310458543548416,267.01453536780974,-24.791362812692675,19.29686
4067310394141658752,267.03579865313685,-24.804943778539634,20.815027
4067304583028286208,267.0037588526122,-24.799562006945177,19.337652
4067304583028286336,267.0040404896927,-24.79620931713243,18.779083
4067310222342966784,267.0564536204111,-24.790687624114945,20.451574
4067310458543548672,267.01594949356644,-24.790658388378304,17.443857
4067310394134963200,267.02670790291086,-24.7994150662898,20.191927
4067311012618140800,267.05946992749483,-24.750821436889044,20.189241
4067304583028286464,267.00567235931226,-24.79862479946468,18.741827
4067310497221087360,267.0312243824516,-24.782966415564463,20.776764
4067309363349005824,267.0621714298974,-24.83374475753742,20.665644
4067310462854547968,267.01720519772414,-24.790954140345686,19.167665
4067304312461167488,267.0265818113294,-24.822724652153997,19.864935
4067304381187442048,267.0064967829521,-24.825441948505432,17.135443
4067310359781920512,267.0739592933967,-24.778588718837376,20.67044
4067310462854548096,267.0174103952323,-24.79079411689125,19.192604
4067310630333622144,267.0590204143487,-24.763407075414786,17.354519
4067310600301280512,267.0431323305255,-24.762065603424247,19.750786
4067310359781855744,267.08412355682356,-24.777758990420296,16.747658
4067310256702417280,267.0862586180025,-24.797489577209493,20.69088
4067309363349113472,267.0670061653869,-24.82036675033436,20.332602
4067310462871666688,267.0216044163051,-24.78184961294267,18.895044
4067310565940564224,267.06579668941606,-24.759095043303684,20.596458
4067310256703790848,267.0794071943686,-24.79944582103624,19.743776
4067310561614144640,267.06536966782744,-24.763799582325277,19.166586
4067304583028286976,267.00938343479095,-24.791425610073585,16.120686
4067310187983162752,267.0413612373829,-24.807582596579024,20.338741
4067304243741579008,267.0483426666826,-24.828093806144295,19.703453
4067310600301282176,267.04207175829515,-24.76149920722594,19.889729
4067304312469586560,267.03107758260506,-24.82325338065436,21.006485
4067304583028287104,267.00960007637536,-24.79286798886148,17.761116
4067310458543549824,267.0193917023489,-24.78765956274488,17.676495
4067304243741549184,267.05081632351704,-24.83319154031122,19.689386
4067310458543549696,267.01926038258296,-24.790817735488382,18.201452
4067304346821012096,266.98940459402667,-24.831334645172554,18.278711
4067310114945845888,267.0625899427685,-24.821933124063147,19.579884
4067310634661019648,267.0468859992223,-24.758649860538142,19.872587
4067311046977880192,267.0743627739172,-24.73952920396196,19.849121
4067310497221088384,267.0417634095872,-24.775598446878252,20.070875
4067310149305584128,267.0622693820788,-24.802988197735946,18.001528
4067304376861134336,267.004109016723,-24.83556062419742,17.964092
4067310256702526336,267.075014313086,-24.795362874225283,20.859095
4067310149305584512,267.0626367431438,-24.81417136531963,18.959518
4067304548668181376,266.9959843171125,-24.808626947221025,19.63169
4067310153633196544,267.0677187563146,-24.81252728015585,18.545614
4067310600301281536,267.04073113196114,-24.762630006045164,19.993021
4067310256703792000,267.07845436217684,-24.799486256729647,19.912516
4067310222342967424,267.0555190614268,-24.79127148591166,20.218288
4067304346827612544,266.9993261357028,-24.839159580638015,20.429777
4067310149305584384,267.0625425449566,-24.815267164010834,18.715405
4067311046977881600,267.0716596134391,-24.740526410764563,20.35172
4067310359781920768,267.07548320358956,-24.777486763178306,20.494396
4067304278108052096,267.0284226481991,-24.827388839499054,20.458178
4067310256712411264,267.08373906457746,-24.802218893157246,17.231314
4067304587339312640,267.00332276332523,-24.798561315484452,20.085127
4067304106302640768,267.02402967035664,-24.846164166294827,19.204676
4067311012618143488,267.0603468558026,-24.748219721705784,19.888582
4067310153633196032,267.0743990901731,-24.80868257482388,16.454527
4067304518619699072,267.0245733794753,-24.80197886257305,19.449541
4067310565941499392,267.0657297714747,-24.765577469432067,19.90219
4067310256702525696,267.0799571133865,-24.79197071352746,20.7884
4067310256703791488,267.075147130116,-24.802049331920998,20.058846
4067310737739044352,267.08481485825655,-24.770907281982716,19.992208
4067311012618181632,267.059864582141,-24.74783799486258,20.739292
4067310634661020800,267.05578597817663,-24.751851207934326,19.48626
4067304381187448064,266.994454226575,-24.833089509936304,20.77779
4067310462854545920,267.02702394961796,-24.782977136360756,19.646233
4067304243748100096,267.0452959776728,-24.83509887526876,20.29446
4067304205062439424,267.03841267511785,-24.836896611143317,15.997789
4067310458543552000,267.02409408674976,-24.789250695779725,17.801794
4067310359783045248,267.0696624281296,-24.779193765013996,19.466438
4067311046977881472,267.07154163709686,-24.740438202188283,20.442787
4067311012618144384,267.0664039816587,-24.743299817882292,20.337366
4067310458543551616,267.0228838217058,-24.787464169163744,17.42443
4067310291062265216,267.0851137415521,-24.78817556508469,20.06118
4067310458543551488,267.0228539737635,-24.791681621251602,17.565632
4067310359783045760,267.0770601241642,-24.773773395600706,19.482227
4067310497214282880,267.0283288133437,-24.78090856685028,19.269222
4067310291062261376,267.08237987758565,-24.79048890560879,20.597473
4067310634661022464,267.04583090077386,-24.757488908524028,19.891996
4067304518626505344,267.01991984405566,-24.803488968746628,20.326302
4067311046977883008,267.07560926894274,-24.73678966590742,19.851788
4067310286733139200,267.0914882739287,-24.78151698825434,12.541919
4067310458543551872,267.0232513356905,-24.79609713666592,19.29293
4067310325423305984,267.06069141879397,-24.786490198947064,19.823761
4067310153624577408,267.06852230181784,-24.806016875019626,19.958202
4067310153633197440,267.0650893085865,-24.814125523983467,20.877352
4067304518626505472,267.02031331549887,-24.80342937224958,21.016384
4067304209388362496,267.0335753227836,-24.84309574044752,20.349075
4067310497221091072,267.0360446128956,-24.779316193693674,20.587902
4067310634660129280,267.04618351138754,-24.758273643312375,18.756584
4067310565940459776,267.07298609202337,-24.766852222316636,20.879953
4067309363342511872,267.06282186762127,-24.833842295887248,20.363281
4067310222342970240,267.04943079313523,-24.795265873660327,20.753153
4067304243741599488,267.04267451158455,-24.828458837099355,19.195557
4067310492903291392,267.0269382838609,-24.778740888330944,18.038286
4067304170702702080,267.0098605430453,-24.836168761526693,17.574215
4067310531580722688,267.05769747696127,-24.77728896033751,20.8301
4067304170702702208,267.00630940852886,-24.836237476977313,17.792278
4067310389824076672,267.02824497976553,-24.79500292145597,17.161802
4067311012618145280,267.06649969832233,-24.742488956070385,20.19903
4067310291063532288,267.0866042324888,-24.79296408212284,19.808208
4067310458543553280,267.02728341956407,-24.78957876690776,17.54073
4067310462871667584,267.022900621202,-24.782112492257347,18.106644
4067310531580722944,267.05064779645915,-24.782103439739235,18.908096
4067310394134960768,267.03253143683867,-24.794902217058073,18.699146
4067304518626506240,267.0243080989466,-24.800550321751206,20.780766
4067310462871667456,267.0210410762638,-24.783627663724175,18.87632
4067310291063531520,267.08984107820726,-24.791078735186705,19.75537
4067310149305586048,267.06411333467196,-24.816176295940796,19.459843
4067310291062266112,267.08705070148324,-24.786965592469222,20.483347
4067310114945847552,267.06384558574905,-24.8174967420913,18.635471
4067304175038724864,267.0155444191623,-24.845337868034516,20.571562
4067309359031605120,267.06611822492255,-24.826243843631424,18.167456
4067311012618144768,267.0632014285238,-24.745386642362856,19.364002
4067310187983134080,267.03971320367015,-24.811396709398203,20.35453
4067310978257429376,267.08030902613933,-24.748623269984115,20.016283
4067310492903291136,267.02628681260273,-24.77683158957087,17.45625
4067303487833781632,267.04926357523595,-24.838985059281633,20.756454
4067304209388466688,267.03435588361396,-24.833067252988382,20.046072
4067310462871667072,267.0216627081106,-24.78253065047881,17.910748
4067310634661023104,267.0468740833282,-24.75623948957939,19.743692
4067304518626399616,267.03113606958135,-24.807971418696475,20.163969
4067309363342512768,267.0651457284998,-24.83208817253952,20.188082
4067310389824077312,267.0298360136318,-24.797747620225824,18.551794
4067310153633199616,267.0686443602845,-24.810334452859607,17.246332
4067309359031604736,267.0658586493971,-24.830600033941295,18.678791
4067304376861137536,266.9957058511919,-24.833864192041585,19.746523
4067310119263361536,267.0546447256606,-24.828380197284705,20.901325
4067310492903292800,267.03029859104026,-24.771470665870382,18.110231
4067310634660045056,267.0595595937113,-24.763052378277575,18.477488
4067304411220876032,266.9782052276826,-24.83367187019864,17.500614
4067310531580724096,267.050025939559,-24.78238603085893,17.429022
4067310462871668608,267.02303469772414,-24.785095110970623,18.731714
4067304312469590656,267.0389084610571,-24.823927796349828,20.918037
4067310634660046720,267.0625384073243,-24.76065725279319,20.281712
4067310531590536832,267.0553489558638,-24.77521338867361,20.95497
4067310153624579456,267.07086051029324,-24.803791638689447,19.129303
4067304449907052544,266.9860345345779,-24.82389100310514,20.632183
4067310531580723584,267.051209356855,-24.78166738232921,20.657251
4067311012618145792,267.0626906262324,-24.745083975209567,19.840277
4067310119263361408,267.0546613888743,-24.828068070387825,20.310236
4067310153624579328,267.0705641273736,-24.803607801533616,19.320738
4067310389824077056,267.02899135843086,-24.799817527828235,18.913841
4067311042659127296,267.0719076136972,-24.739911046359385,19.97458
4067304449900251136,266.9928684425959,-24.82394918094888,20.808125
4067310492903293568,267.03171808523996,-24.77287333459965,18.86298
4067310428501402368,267.0466674611996,-24.796905893201924,20.47288
4067311012618146048,267.06450852516986,-24.74351412893645,19.884062
4067310119256864128,267.0512086398501,-24.819998823481104,19.51698
4067310462871667968,267.01885060749487,-24.783008080371253,18.839235
4067310492903293440,267.031610999782,-24.776981684884056,19.515766
4067310256712415744,267.0822468421429,-24.800010709751508,16.597109
4067304243748099200,267.04951415688106,-24.832276799694288,20.75481
4067310359781924992,267.0797913236779,-24.77418975732446,18.746237
4067310462871669376,267.02070058697313,-24.783190706491386,19.045725
4067310492903293824,267.03177397266626,-24.77109644890461,18.884167
4067310291072154496,267.0882014373411,-24.79487133816664,19.606697
4067310359781924864,267.0799820255939,-24.774547696041086,19.11905
4067310428501510016,267.04648195001135,-24.784654874411025,20.899036
4067310462871669248,267.01908632349927,-24.785474392534145,18.646095
4067310291062268032,267.0845868296974,-24.788592475742835,20.020735
4067310149305587840,267.06647911012055,-24.805704030405415,19.221794
4067310630333626496,267.0594414683665,-24.75834004560041,18.197012
4067310565940463360,267.06853442843135,-24.76944272961943,20.390617
4067310462871669632,267.0210987645626,-24.78332490707062,16.74866
4067310458543554688,267.0304624273239,-24.785792474681774,19.57661
4067310394134983040,267.0293003043012,-24.7932082517754,19.596422
4067310291072153728,267.0887500504867,-24.795927260374746,19.03858
4067310462871669504,267.02073325951983,-24.782757279869895,18.932384
4067309397702251648,267.0734028084274,-24.824937157376947,20.088495
4067310256703795200,267.0728106853647,-24.801961306867934,19.57473
4067310492903292928,267.0305415095867,-24.77884098014435,19.345472
4067310153623150720,267.07023378225995,-24.81301128501666,18.839823
4067310428501509120,267.0459233102758,-24.78520430390613,20.13834
4067310256703795584,267.08227197289176,-24.795085409984132,19.350681
4067310149305587968,267.0667866980283,-24.813916912279293,17.75768
4067310153633200512,267.0616999082592,-24.8142980863327,20.871485
4067310252385145472,267.0725998581137,-24.794018014016743,17.875853
4067310531580724608,267.0585356258263,-24.776409887481428,20.084196
4067310291063533824,267.0901172259724,-24.789719597805224,19.30843
4067310492903293184,267.03108216138236,-24.774093256992316,17.097681
4067304278109322240,267.0251608060137,-24.83362881574128,19.817429
4067310325422188416,267.0661873049015,-24.78336237745243,20.099892
4067310256703796864,267.0813308382029,-24.7951335609848,19.02819
4067310943897692160,267.0675888721671,-24.757094066218432,20.89854
4067304518627517056,267.03060728182857,-24.811467245292167,20.166553
4067309359031606912,267.0682935323551,-24.82536823910524,18.180794
4067310291062269824,267.08885218867533,-24.785345042236038,17.167871
4067311042659126656,267.0703479523512,-24.73673110852655,18.989574
4067304312467795328,267.0344758167061,-24.82294627912197,20.437763
4067304346827714048,266.9893576703206,-24.83598521693979,20.165524
4067310325422187648,267.0612046816192,-24.786865675585588,20.685831
4067310565940464512,267.06450247710455,-24.77205869483519,18.167093
4067310600300308736,267.05313797310146,-24.767060664395473,20.558065
4067310565940464384,267.06433177299897,-24.771701844767104,20.634949
4067311046977886848,267.0725379882959,-24.735543823500574,20.498753
4067304587339297536,267.00557455283956,-24.799692050122328,19.736826
4067310389824078976,267.03243278724324,-24.791230590616983,18.707792
4067303483507938560,267.05913218546215,-24.83339833406706,17.613155
4067310359781926144,267.0774052814561,-24.77565700826494,19.953001
4067310394141771904,267.0270132128612,-24.798044816964854,19.971573
4067310462871669760,267.0245412008702,-24.78573199300201,19.677738
4067310462871669888,267.0246105872843,-24.785437231586812,20.38224
4067310291063534976,267.08792938525664,-24.790625471253907,19.859396
4067311046977016320,267.07335725137676,-24.733490349216183,19.196928
4067304484259979136,267.00948456292895,-24.8112304003867,20.34424
4067310394141666176,267.034571491521,-24.804541832731335,20.306423
4067310291063536256,267.0914052218514,-24.787712660577082,19.721333
4067310153623209088,267.07290752668996,-24.805927728734634,19.991312
4067310256702424064,267.0801919701837,-24.800923780184206,20.21212
4067304278108053760,267.0220580458079,-24.83172825726971,20.88717
4067310359781927680,267.0789631452078,-24.77440066163752,18.100233
4067310428501511808,267.04919177191994,-24.782529006800115,19.90983
4067310462871670016,267.02398639987507,-24.78128933215191,17.957039
4067304273781921280,267.0280125119452,-24.833377553111884,18.575623
4067310492903295488,267.0357449333851,-24.776561756153313,18.010824
4067304548668184192,266.99927484434744,-24.80857522665632,19.33996
4067304552979538944,267.00458156375436,-24.803554713102432,19.443188
4067310462871671424,267.02297346023016,-24.78158708732706,17.106436
4067304449900323712,266.99144055349194,-24.814853167870094,19.830708
4067310462871671296,267.02310607363427,-24.78176710209468,17.265581
4067310424183818368,267.0343685290381,-24.788385460747737,18.292
4067310149305589760,267.06892099177486,-24.80327333899363,18.70476
4067311012618149632,267.06471027665225,-24.740222014362367,19.62438
4067310462871671552,267.0233199853267,-24.782121182263435,18.220692
4067310256703797248,267.0764845244581,-24.798414140926404,19.65325
4067304175022228864,267.0109454563298,-24.832697741383733,19.752977
4067310595982510464,267.0356932862418,-24.76759779709433,16.960272
4067304209381870080,267.0274642450747,-24.8392334515965,19.040184
4067310462871670784,267.01972284947357,-24.78387120530974,18.856049
4067304239422187776,267.0516394147223,-24.82997384219169,17.891739
4067310492903295232,267.0351294218853,-24.785495633677225,17.986977
4067304342501403008,266.98990543109244,-24.830584972991055,18.892742
4067310492903296640,267.0386219827182,-24.783146502072455,18.988428
4067310291072157312,267.0923101484984,-24.78953567428637,20.014465
4067304518626514944,267.020411630373,-24.802134933407913,20.273243
4067310462871671040,267.02043929629053,-24.783908341512447,17.260359
4067311012618149248,267.06602183834036,-24.739520060423978,20.069628
4067310943897694464,267.0704063188392,-24.755113461991677,19.686619
4067310462871672320,267.02049748127354,-24.785822827682388,19.229351
4067310256703799040,267.07181888876465,-24.800779172184374,19.673552
4067310291072157440,267.0846998195156,-24.79474611365247,16.932417
4067309393391346944,267.0698310447215,-24.81861665614315,19.603973
4067310291062165120,267.0878861363007,-24.794686744777614,20.146814
4067310462871672704,267.01803870568654,-24.78308135749567,18.524426
4067310492903296128,267.0381799792699,-24.773474603951502,19.387035
4067309363349013504,267.07067361918143,-24.827056817211083,20.897585
4067310737739050240,267.08238715094717,-24.77187875076116,20.343515
4067309393391346816,267.0698510051468,-24.817174366982677,17.510353
4067311012618150784,267.0638370065968,-24.7399880924191,19.598051
4067310462871671936,267.02290754957795,-24.779554519824305,18.827692
4067310462861358976,267.02611257387986,-24.785249592245027,18.2532
4067310256703798656,267.07847652401836,-24.796230202336695,19.20705
4067304243741609472,267.0379035967983,-24.829514219714454,19.246275
4067310497221094016,267.0316018642989,-24.781863868223372,20.675232
4067310939571275136,267.0705295067005,-24.75487886634526,17.787315
4067310153624583424,267.0662103511078,-24.804903005745487,19.793467
4067310595982512768,267.041823479598,-24.764775914953685,19.712751
4067310595982512640,267.04071658447003,-24.769256534309495,18.553076
4067310630333631360,267.0500574744262,-24.752892133028933,17.445215
4067310462871673472,267.02274165125664,-24.78554492531774,19.59728
4067310462861358464,267.01593700258337,-24.792298604560603,20.339998
4067310222336126336,267.0560927463861,-24.80678462487291,19.894781
4067304243748210560,267.04467707304036,-24.825379586315346,20.761713
4067310462871673344,267.02350730039495,-24.78537728534321,19.692574
4067304243741569920,267.0480637613597,-24.830896074338085,18.938988
4067304552979540736,267.0037016591796,-24.804211563396205,20.067482
4067310565940467456,267.0692707256349,-24.768431066622803,20.88759
4067304381187455744,267.0002842462464,-24.827653744059855,20.661081
4067311046977017984,267.0682467592575,-24.73699210724825,20.471432
4067304175022200192,267.01479199899995,-24.836137711952002,19.883118
4067304381187455872,267.00050196568213,-24.827994089718743,20.864153
4067310424183820288,267.04017421261307,-24.78841477496252,18.682878
4067304312467798912,267.04221936656154,-24.81720972981341,20.796438
4067310256712419328,267.07882165686243,-24.798311038706565,16.488033
4067311046977890176,267.06814563150806,-24.736360868834755,20.44633
4067310462871672960,267.02041158863875,-24.78164946297008,18.298952
4067310153623212928,267.0717840454002,-24.80640482346895,20.6034
4067304170702708864,267.00945265370035,-24.832435817851877,17.71516
4067304587339307008,267.01302231045156,-24.79139939030871,19.534832
4067310424183820672,267.04033682952513,-24.792922172007465,19.092144
4067310256712419712,267.0757114135596,-24.799909637653812,16.858303
4067311046977889280,267.0702826853107,-24.735460293761903,19.563677
4067310256702427904,267.08411284276343,-24.797874160387206,18.707657
4067310325422192128,267.05952041575813,-24.78740872342863,20.15201
4067310424183820544,267.040324825322,-24.79014785676964,18.146484
4067310462871673088,267.0203393376764,-24.781512920732297,17.966202
4067310462854537856,267.0208853802425,-24.790137097718464,20.686388
4067309393391349248,267.0729032740934,-24.821456848928165,19.236666
4067310595982514048,267.04406700104346,-24.765241674452014,18.788633
4067310943897590400,267.0756709284306,-24.763943425604413,20.14979
4067309393391349120,267.07265190168886,-24.823686012775088,18.89883
4067310634660051200,267.0581572153656,-24.763068500390016,20.330753
4067310462871674368,267.0232853215967,-24.78628542515677,19.999348
4067311012617173376,267.0669568521355,-24.756980324412314,20.339312
4067310424183822080,267.0433709753419,-24.79033176901614,18.705841
4067309363349037312,267.06795387933465,-24.826565674119387,20.444637
4067310462871674752,267.02422660363067,-24.78440170465446,19.018066
4067310424183821440,267.0425949982584,-24.783001886802673,19.632425
4067304587346097280,267.00947184553127,-24.796835441424555,20.485289
4067304209388477568,267.0316157509002,-24.833801447043275,20.850985
4067310595982513152,267.0420432940468,-24.768945458341477,19.270802
4067310595982513536,267.04290920863775,-24.772452863794783,20.023523
4067310462871673984,267.0222617170419,-24.78139438212459,18.147038
4067310153623293824,267.0662806190467,-24.802846116380486,20.300508
4067304381180736256,267.00273179169744,-24.82241204864934,20.032812
4067310630333631744,267.06165563257804,-24.75426746421157,19.745243
4067310565941489280,267.07218390564714,-24.767447235159935,19.405098
4067309397708861440,267.0794272584258,-24.811071212827464,20.632296
4067311046977890432,267.0706515842197,-24.73460983582873,20.508522
4067310424183822976,267.0450487030658,-24.785912478921123,19.624794
4067304587339273344,267.0058603775323,-24.802872310584313,19.293015
4067311046977890560,267.06730748327897,-24.736905793092788,19.619959
4067310462871674112,267.0223666060409,-24.78131567086126,18.173326
4067310153633206784,267.06158174833865,-24.807784965147246,20.163849
4067304484266603008,267.01850661257396,-24.822404828173145,20.42149
4067310462871675520,267.02107051508176,-24.781651124118273,18.313343
4067304273781925504,267.02245931388785,-24.830887382994188,17.40982
4067309397708863104,267.06880060016925,-24.818254788917113,20.758492
4067304518626407040,267.0271542712379,-24.80982308488219,20.648172
4067310325422080896,267.0682834156959,-24.79231096082566,20.473316
4067310424183823104,267.0452057906768,-24.78681400715385,19.569136
4067310428501408128,267.0474551148838,-24.79565284930855,20.074432
4067310256702429824,267.0735369395886,-24.804923164471266,20.660042
4067310187976415104,267.04634032801374,-24.809182227241514,19.464813
4067310424183822336,267.0440065290286,-24.7967527520544,19.70272
4067304175038732928,267.0166030858816,-24.837073765355992,20.795687
4067304484267777024,267.0121504391225,-24.82610966762109,20.572191
4067310634660053888,267.064392741514,-24.758413640371582,20.862925
4067310462871675008,267.0249443087274,-24.784045260905003,19.30359
4067310252384809216,267.0740032448356,-24.800393635813244,18.619846
4067310424183822720,267.0448035759105,-24.793779069044444,20.007767
4067309393391351680,267.0761261045498,-24.816040626140623,18.60111
4067310462871674880,267.02462224034224,-24.783878308483786,19.184347
4067310943897591040,267.08132707662804,-24.759971663196044,20.786308
4067304518626514816,267.02010612989505,-24.80200502159682,20.532917
4067310462871675264,267.02062116319746,-24.78204318568169,18.430061
4067310527263039104,267.0472597494145,-24.77978541482045,19.904781
4067310428502535040,267.0422565180198,-24.788675732896603,19.10317
4067310359781932032,267.0786864647618,-24.77401433189425,18.19018
4067310291062169216,267.09189850041685,-24.792158637905395,20.293064
4067310462854509312,267.0219856368781,-24.792596563387974,20.126856
4067310527263038592,267.0464401188846,-24.777253609297002,19.498993
4067310291072160896,267.0873550123202,-24.789851755818326,18.09192
4067310428501516416,267.0362903011375,-24.790939440215467,20.283318
4067310291062169088,267.09180439298416,-24.79176192544123,20.597446
4067310527263038464,267.0456346867514,-24.77856906408179,17.571573
4067310359783035520,267.0816865930106,-24.779445665945822,19.70269
4067304518619691904,267.022042489674,-24.804533280512846,18.660105
4067310424183823744,267.0466046473237,-24.78211703866234,20.0596
4067311008290755968,267.0589728102395,-24.749532188526125,17.402779
4067304484259927936,267.011635817884,-24.8201664958636,19.696299
4067310153625123072,267.0734045687508,-24.806064843858746,21.199205
4067304449900340736,266.9814394779523,-24.82084406717447,18.78065
4067309393391352576,267.07772118447247,-24.818701861392405,17.626135
4067310630342255232,267.05060373956275,-24.758216580263852,18.474113
4067310462871676288,267.0251176230808,-24.78223045308369,18.881561
4067304273781931392,267.02911732642536,-24.828238109476235,18.041048
4067310394141778176,267.0347843037739,-24.791978644423878,20.87754
4067310187976412416,267.0411085127382,-24.813989975473035,19.54595
4067304449908513664,266.9931013112167,-24.81506729992313,20.953503
4067310462871676160,267.02113630312147,-24.782166224903005,18.134705
4067310291062168960,267.0917505420615,-24.791452363351066,20.605587
4067310256702538496,267.0686162975731,-24.79880225816352,18.430502
4067310527263040384,267.0510237398018,-24.775139006745597,20.026657
4067310462871677440,267.0226131503228,-24.78410651531201,16.941494
4067304239422193408,267.0445963531205,-24.82731161393479,18.21497
4067310424183825152,267.0506517550655,-24.785062760687524,19.002525
4067304411220885376,266.98221372977025,-24.82831178733927,17.842228
4067310119263371008,267.0608215969239,-24.823475045622857,20.574642
4067310462871677696,267.0240043553916,-24.784688385233718,18.80975
4067310325422194944,267.0657805502109,-24.782849828002224,17.192759
4067304175028849408,267.0071072231569,-24.841234583902473,20.890305
4067310462871677056,267.02311101549475,-24.783649530316815,19.49688
4067310119263478656,267.04886989106205,-24.821778680367135,20.417353
4067304381180733184,266.9986232977283,-24.82656861352012,19.709803
4067304587339274624,267.0168369210758,-24.793578637418815,20.408731
4067310424183824640,267.0497006786951,-24.79338501867519,19.135715
4067311046978277888,267.0767815271862,-24.74018938755357,20.589186
4067310462871677312,267.0227849856383,-24.78441718082813,19.110518
4067310119263370496,267.06149013896635,-24.82310062029652,20.828857
4067310153623324160,267.06496876532833,-24.801096821029603,21.241705
4067310218025395840,267.0522195704808,-24.793908020499025,19.809372
4067310600300316672,267.05062100601765,-24.76735147442923,19.781021
4067310218025395712,267.0520831654694,-24.7920291245151,19.174318
4067304518619686272,267.017402648126,-24.810590067601858,19.918139
4067309393391353216,267.0794049171932,-24.817138506420566,18.342184
4067304376861143808,266.9997982077141,-24.830081650693632,19.492397
4067304381180756096,266.9980498540878,-24.822452958334157,19.988855
4067304243741611136,267.04499275506305,-24.823902750247953,20.255247
4067309393391353088,267.07906399789994,-24.81817624750604,19.851166
4067304411220882304,266.97636725951065,-24.83032186938453,17.722229
4067310630342255744,267.0515291254822,-24.762508320602333,17.996851
4067310153623217792,267.06140010081856,-24.813093203872064,20.830555
4067304243741611264,267.0394030022428,-24.828663883987527,20.062487
4067310462871678720,267.0176585810121,-24.783549107980722,18.391186
4067310153623217664,267.0700881206588,-24.807090770424974,20.059284
4067310119256874752,267.0472362069583,-24.821508071377796,17.802113
4067310462871678080,267.0242146136155,-24.78221583192918,15.806059
4067310527263040896,267.0517686199384,-24.77404757030496,19.677294
4067304312467889664,267.02686208339424,-24.818866380696672,20.938763
4067310595982517504,267.0512139344678,-24.76688133539551,20.308025
4067304175022194688,267.01071465655224,-24.840555807112857,19.121235
4067309397708759552,267.0790237290439,-24.82036159447669,18.749056
4067304209381873408,267.0315043971342,-24.835398094169847,19.825052
4067310325422197504,267.06818897114425,-24.780661280937373,20.352268
4067304381180731776,267.0026682733423,-24.82356663760162,19.549032
4067304484266672640,267.0157413042698,-24.81722228898442,20.118532
4067310428501519872,267.04455891085695,-24.78402214551268,20.442781
4067310291072164736,267.08869533692854,-24.78567050068728,18.875576
4067310218025397120,267.05479135155497,-24.797199911741263,19.778788
4067310428501411840,267.0506584627259,-24.79292308664801,20.809134
4067310462861364480,267.0187874192845,-24.789551670644958,20.043716
4067309500788082176,267.08226264480015,-24.808508526040946,20.220705
4067310291072164608,267.0854081401721,-24.78824650757683,18.985647
4067310565940401792,267.06948843702236,-24.77561156652069,20.757149
4067310531580735232,267.0574135860099,-24.77599745399587,20.505722
4067310428501412224,267.04934647470134,-24.793673935016493,20.497633
4067310462871679872,267.0207458636261,-24.784303129577403,17.932621
4067310424183826560,267.05281553901824,-24.786531938942296,18.27849
4067304346820993024,266.9900640216588,-24.833970374050917,20.0028
4067310600300319232,267.04288911082114,-24.772848731826986,20.626589
4067304381187457920,267.0051878834646,-24.824409513708144,20.41178
4067310595982518272,267.05271232062773,-24.770503860437906,18.70334
4067310462871679744,267.023431625946,-24.78225256748662,18.93046
4067310222342801792,267.0550905508101,-24.8081591497827,20.17124
4067310153633210368,267.0641057265576,-24.802468786653748,19.793394
4067310462871679104,267.0195872089691,-24.78537317289736,19.424341
4067310737739058688,267.0883350061553,-24.766668275777505,20.74553
4067304243741616640,267.04324928993015,-24.82448189795458,19.183977
4067310218025396608,267.05352070297516,-24.791244401633104,18.07591
4067304243748217216,267.04127952373597,-24.82704595954153,20.651892
4067311042650497408,267.07742599027034,-24.74343500061297,18.044996
4067304273781934336,267.0273468201346,-24.825961312690374,18.394836
4067310394141781376,267.0279450175126,-24.796429180943864,20.768593
4067310325422075264,267.0656083474325,-24.79469192057333,20.234734
4067311042650501504,267.07293953855924,-24.737561930784537,16.267958
4067309500788083584,267.0791930259582,-24.810483745528714,17.852232
4067310462871679232,267.0200573789504,-24.78473858930747,18.573496
4067310428503807104,267.04580726548994,-24.787113642009775,20.84921
4067310256712427008,267.0750635325959,-24.793943882192735,16.965158
4067310291062279936,267.08332071049256,-24.788147285386067,20.439577
4067310527263043456,267.05597410703746,-24.77060874776393,19.609497
4067310187992950656,267.0501892430559,-24.810214092022267,21.110523
4067310428501521280,267.0408350845011,-24.787281307943637,20.229147
4067310462871680512,267.0192104204025,-24.784373972717056,18.388866
4067309397708868096,267.0675710433705,-24.818588153871058,20.906977
4067303487827266432,267.0517913914691,-24.84036982538023,18.653637
4067310630342257792,267.05481521711977,-24.753026326000636,18.397905
4067310462871680896,267.02330020200566,-24.7807483100607,18.420372
4067310153623219840,267.0719830573016,-24.805547418942247,20.756886
4067310291072164992,267.09258835398475,-24.782292620681307,19.848055
4067304346820996096,266.9875799255612,-24.83586483840625,19.973057
4067310462871680000,267.0205244541641,-24.784184110285757,18.866789
4067304587339271808,267.0082843004265,-24.801054195896576,19.602835
4067304445580626944,266.99051317569865,-24.82629765316536,18.079176
4067310462871680768,267.0233603294637,-24.78121489462416,19.182384
4067310325422198016,267.0616497718993,-24.785148606006235,18.454151
4067310256702541184,267.0728950672207,-24.79580345457763,20.48672
4067310737739058560,267.0866548681946,-24.7678564621213,20.728117
4067310428494710400,267.03633453083836,-24.789419323534414,17.04923
4067309496470569984,267.0829131406589,-24.812536580705316,18.668154
4067304209381879168,267.02468219409144,-24.840261275263796,18.561708
4067310462871680128,267.0205735599022,-24.784616832250855,19.216162
4067310462861367168,267.02511290938793,-24.78489562526429,19.884127
4067309496470571904,267.08744005415923,-24.80285570723432,20.441242
4067303487827266816,267.0555147818411,-24.836925383115606,20.12885
4067310492906298880,267.03479569434467,-24.772687739898217,18.599014
4067310527263042816,267.05501703595706,-24.77336887514779,18.715601
4067310187983065728,267.0441010878686,-24.815525815855846,20.974163
4067310527263045760,267.0608613785672,-24.778867158390025,19.428852
4067311008290761216,267.06577326226926,-24.740307316708122,17.621656
4067310462871680384,267.0190195277254,-24.784288695045138,19.255493
4067310737739059968,267.0903864540755,-24.76516251921088,20.820045
4067311046978273664,267.0733957240726,-24.738197672581812,20.54146
4067304415547309056,266.9806576051645,-24.828284329913128,20.554941
4067310462871680256,267.0193945685765,-24.784478169114205,19.291975
4067311008299381376,267.05849608412075,-24.745889008217944,18.55122
4067304484259973888,267.00415308610457,-24.81632677886177,19.48105
4067304312461197952,267.02469365666457,-24.818031552953002,20.41131
4067304445580627712,266.99373044770425,-24.825390140619934,19.26661
4067310187992187648,267.0376354922212,-24.810261695982668,18.517494
4067309363342525824,267.06361757034983,-24.83072264093351,19.76122
4067304449900342528,266.9892200484377,-24.813894962706083,19.169552
4067309397708768512,267.0768162538499,-24.821189344066806,20.350407
4067310187976460672,267.04362083562444,-24.800963710434583,18.634893
4067310359783030272,267.07989157777996,-24.78485737861093,19.322252
4067304449908509056,266.9827642686545,-24.817773043709256,20.684767
4067310256712427648,267.06779186745416,-24.79819268795584,16.510195
4067309496470571136,267.08456692071,-24.812719083415303,17.891796
4067310462871681792,267.02202566012784,-24.78488408864016,19.421803
4067310119263482368,267.05535983360755,-24.81692466315955,20.21452
4067309397708868864,267.0730880157707,-24.814634282962224,20.871717
4067310119272682752,267.0554616572929,-24.82835172011021,17.811575
4067310256702542080,267.0795428594127,-24.791035718660883,20.78102
4067304484259890304,267.0128971966604,-24.82788914466945,20.393984
4067304552979532160,266.9955790568913,-24.81213168602563,19.732685
4067310218025398656,267.0583574474575,-24.797257899018135,19.12036
4067304381187464320,267.00114862004045,-24.82652742221626,20.64219
4067310462871681024,267.02329682684365,-24.78034079849075,18.067858
4067310325422200320,267.062801686616,-24.784153920267006,20.496094
4067310737739060864,267.0893014659551,-24.76583572353123,20.253595
4067304243741614720,267.04246195124773,-24.825554583208106,20.034874
4067310600300320896,267.05167859983345,-24.766534492136916,18.983715
4067304381196405888,267.00767664675766,-24.83176177058718,19.9257
4067310119256877440,267.0494997748966,-24.819123410865515,19.694275
4067310359781938944,267.07029306042847,-24.778954695612285,20.174463
4067310527263045120,267.05972150700217,-24.7730575423849,18.82003
4067304415540578304,266.97699935267946,-24.828596880375326,20.178669
4067310119256878720,267.05130928064773,-24.816293791828066,19.930758
4067310497231420928,267.0254106298071,-24.77767887613426,18.65537
4067310497231421056,267.0254730702256,-24.77744160916963,19.169506
4067310527263045504,267.0604772553383,-24.78111521008745,19.753536
4067310187983066880,267.054501285065,-24.808230261682674,20.20762
4067304278108069376,267.02111696330917,-24.830999960812164,20.885256
4067310222342804608,267.06129832218693,-24.803298502724164,19.195368
4067304209381876864,267.0318412005419,-24.834514223401975,19.566801
4067310119256878592,267.0516078908766,-24.81638101602296,20.663294
4067309363349025024,267.0603369594617,-24.83307564359427,20.637596
4067310321104614528,267.0590433864789,-24.791674007433986,18.37418
4067304106302661888,267.0195539641394,-24.84504416879802,19.257368
4067310527263044608,267.0589050748202,-24.775012241587675,18.039864
4067310222352690176,267.0613554998824,-24.801900065073212,15.4512
4067310119256878848,267.05213090595396,-24.81666572027606,19.904757
4067310462871682176,267.0163742646498,-24.784885340820118,19.1817
4067304273781933184,267.0321649976692,-24.828412036651965,17.732742
4067310222342804736,267.0617935664056,-24.80328496639069,20.093224
4067304518619633792,267.03226354449896,-24.809820891408105,20.182571
4067310218025399680,267.059485009259,-24.796383365945193,19.316076
4067304552986367360,266.9989619457752,-24.803021487618725,20.644072
4067310218025399552,267.0595061145987,-24.7993164919474,19.309227
4067304278108065920,267.02644121786676,-24.827717270032398,20.391607
4067304175037972480,267.0053823397589,-24.83937802366828,18.278189
4067310669020673024,267.0893546895773,-24.778589089423114,19.225538
4067304411220887168,266.97397955989555,-24.827558561343103,16.68575
4067311042650501888,267.07460995642845,-24.736142841061124,18.238853
4067304175037972736,267.0086110926923,-24.836607626105497,19.45886
4067310527263046528,267.0627149650788,-24.779623014799828,19.860271
4067309496470573440,267.0882243930928,-24.80218603292498,19.071733
4067309363342527872,267.0607543983131,-24.83233897174799,20.036486
4067303487827265408,267.05339007568904,-24.838675854553234,17.364048
4067310462871683968,267.0190290983098,-24.78245971347513,17.905603
4067304278117188224,267.023217387013,-24.822715929743897,16.692862
4067304449907045888,266.986610593846,-24.824620170703607,20.80659
4067310497221108224,267.03250923506863,-24.77953946867565,19.963757
4067310527263045632,267.0606764674119,-24.775083304872233,18.836515
4067309496470573056,267.0880297164002,-24.800650749815606,18.93185
4067310222344073472,267.0591725438304,-24.80063162319194,19.730007
4067310291072168320,267.0905063348945,-24.780108022961173,16.082832
4067311008299383168,267.0612889578692,-24.750637271406948,19.257118
4067310291072168192,267.0850774903597,-24.783561594378014,19.61257
4067310321104615680,267.0610367595211,-24.79241574066843,19.275118
4067304278117188608,267.021022576643,-24.82400941552085,20.186792
4067304376861153664,267.00396531295354,-24.82409485424326,17.443668
4067304587339294720,267.0104907455945,-24.79590078306534,19.250067
4067310462871683456,267.02074614312033,-24.780840231378075,18.17303
4067310561622785664,267.0636567076299,-24.77345664539954,18.215904
4067310462854527488,267.0257537111737,-24.786629733682002,19.783636
4067304518619684352,267.0250778231089,-24.804498054894104,20.115812
4067303487827269632,267.0557508188299,-24.836238300488798,20.032967
4067310256702437376,267.07946011186544,-24.800171544367227,20.11668
4067310462871683328,267.0213339221186,-24.78070754362882,17.794361
4067311012617183360,267.07346067637224,-24.75118337522819,20.551134
4067304449907050624,266.99059426768633,-24.821270978502675,20.715242
4067310222352692736,267.05834496057605,-24.801424047948153,17.356634
4067309496470574592,267.08907264381634,-24.80435748436144,18.739025
4067310561622785920,267.0644492741367,-24.773385894434547,18.022049
4067310630342258944,267.0582255941134,-24.753352667601117,19.210886
4067310462854526208,267.0190427176912,-24.792548040589924,17.779984
4067304175028745088,267.0149742639333,-24.844763822124047,21.059622
4067309500788087296,267.0870042925868,-24.804618106025604,19.737576
4067310531580740352,267.05966642669364,-24.7737602065175,19.81126
4067310497231423360,267.0241181408553,-24.777968769293818,18.304409
4067311008299383808,267.0628077487031,-24.741495760383202,18.83411
4067310119256881024,267.0575305727409,-24.811269705651895,19.326973
4067310153623223808,267.06278866002174,-24.811574233351262,20.56548
4067311008299383936,267.06291488545673,-24.754289837527658,18.972614
4067304518626420736,267.026501933325,-24.80873169317516,20.197237
4067310428501418624,267.04747333794825,-24.794460634871843,20.293308
4067311042650502400,267.0693921361909,-24.735475542082966,18.254839
4067304312467806080,267.03101723831804,-24.824420697291746,20.765553
4067310561622785408,267.06363031534664,-24.771227792919472,17.154394
4067310119263485824,267.05787572950004,-24.814880713395524,20.791355
4067304484259893376,267.01206279961957,-24.827645948994604,19.281378
4067304106302668288,267.0169806310327,-24.845767164972667,19.19407
4067309397702268800,267.07202898050105,-24.822331746894626,19.8578
4067304175028856832,267.0077709199328,-24.839957415597407,20.276928
4067310321104616704,267.0633729510437,-24.78741536114162,17.295057
4067310669029291392,267.09066220584566,-24.77912560049096,16.75034
4067310462871684480,267.01969025145144,-24.781794029544923,18.101606
4067311008299385344,267.06521021466233,-24.742541430302072,18.021345
4067310325431908992,267.07284287773194,-24.789725202511587,19.773016
4067304484259893632,267.01442144126173,-24.825557144664565,18.580673
4067309500788067712,267.08519556401086,-24.80774871712299,20.51748
4067311008299385472,267.0656656500231,-24.7562286840517,18.694466
4067304552986266752,266.9983444471855,-24.81574589351126,20.801785
4067310462871685760,267.023387373669,-24.778930146600203,18.677362
4067310119256821376,267.0644082382256,-24.81922351207999,19.58348
4067309363342530048,267.06837472340436,-24.825542168259062,20.329695
4067311008299385600,267.06580343275874,-24.753416065005204,19.112158
4067304381180678784,267.00679786582896,-24.831974956095443,19.797955
4067310222342807680,267.0582180900115,-24.80531963650359,20.795818
4067304518619632384,267.0253658319708,-24.816300956046668,20.808279
4067310497231424384,267.0247603055998,-24.777983209022313,19.337334
4067310153623224960,267.07153385066067,-24.805287736456,20.291725
4067304518619632512,267.02532946642935,-24.816075257273845,20.254168
4067310291072170112,267.08954264856345,-24.779212851140716,18.306253
4067304518626421632,267.02041889566055,-24.812847598843877,20.491886
4067304552979528320,267.003436107543,-24.80576234447579,19.936052
4067304449900300160,266.9878249812777,-24.82078278140439,19.402573
4067310462871009280,267.02574562686084,-24.783859680550314,19.849703
4067304243748128128,267.0523220213646,-24.827606296674684,20.446861
4067310428501538688,267.04045369481287,-24.785410876401077,20.117254
4067304518619671040,267.02713071526324,-24.805019736766532,20.098843
4067304587339254912,267.0089025400378,-24.802506805444303,16.129175
4067304381197181312,267.0066740723451,-24.82613259506988,19.91683
4067304518619671168,267.02756894556524,-24.805408729075083,19.3205
4067310939579920128,267.0830331933295,-24.756205811628075,17.742395
4067304381180717952,266.99905214763015,-24.829802464731696,19.219185
4067310218016711296,267.05989124870285,-24.802716631794652,15.210543
4067304243741546240,267.047221767742,-24.837029088028263,20.264917
4067310462854513664,267.02856077723936,-24.785411788418063,20.010963
4067304175022180864,267.0167283633065,-24.838649771352234,19.161556
4067310394150632704,267.02551736229395,-24.800473437838477,15.924843
4067304548659857536,267.00049445849805,-24.8151832042097,18.832745
4067304518619671936,267.02845164635215,-24.804515467929924,19.51431
4067310256703800192,267.08086853544876,-24.79379223726907,19.670588
4067304175022181120,267.0146396188924,-24.84042560734024,19.024323
4067311046978027520,267.0743830375472,-24.74083216169811,20.600973
4067310119256858880,267.0493907827912,-24.823271771757028,18.9253
4067304243741550848,267.04445016040415,-24.838413701799446,19.580498
4067310394150632576,267.0269076510186,-24.799491832990988,17.755737
4067310737748911488,267.08804367443884,-24.762125551127276,19.034885
4067310187976394368,267.0485590665544,-24.811723492633835,19.76085
4067310462861381760,267.0155913001139,-24.788820290807667,20.053185
4067310187976394240,267.04846050540715,-24.812112471248735,20.52578
4067310291063538048,267.0928026443683,-24.785897096031427,19.23633
4067310462862312064,267.0130708291074,-24.788604393658904,20.07197
4067304278108104448,267.01959246519914,-24.828483647681672,20.128935
4067310359781842304,267.0810191245115,-24.781514162311577,20.557837
4067310153623260672,267.06395871286963,-24.807463282685386,20.125528
4067304484259908480,267.0179132358174,-24.819559634813565,20.866259
4067310252385151616,267.08168746421643,-24.7968414061919,18.080599
4067310187976394496,267.0514760659669,-24.809146256572326,19.862494
4067310256702476032,267.07732654968635,-24.79820925439272,20.575678
4067310531590482048,267.0522354650137,-24.78375043302572,19.678608
4067310462861274880,267.0229214893213,-24.79777533505853,20.02096
4067310531580778112,267.05194517839504,-24.774554621827438,20.684177
4067304278107997824,267.03073517181826,-24.83055663427473,20.621204
4067310394150631424,267.03320324366007,-24.795378534707076,17.06235
4067304518626427520,267.0187733526524,-24.81340465795527,20.59218
4067304243741628160,267.0347973429513,-24.829073172818866,19.86401
4067304278101397376,267.03017864909145,-24.826515061298007,17.822945
4067310325431919360,267.0611206097408,-24.78754315218217,17.017168
4067310531580718464,267.0610809211096,-24.775456857914325,18.368034
4067310462854516608,267.02665242106565,-24.784648456792073,19.8842
4067310252376450432,267.07843096253725,-24.800400884293378,17.560736
4067310462854497280,267.0262880886339,-24.789763217773068,19.707174
4067304484259930880,267.0086485673977,-24.822013622645354,20.19604
4067310153624585216,267.06192292270947,-24.806929983194237,19.7667
4067304445580636544,266.9821316300535,-24.819747424490217,17.368744
4067304175028759936,267.01268757609046,-24.844649558786376,20.679459
4067304278101379328,267.02968355210135,-24.831015313736515,19.808105
4067310978267082624,267.0864707131642,-24.753519973507725,19.20615
4067304583019618560,267.01530749270626,-24.802420053342544,17.324907
4067310222336133248,267.05463784350366,-24.806257850754836,18.782959
4067309397702267904,267.0715828692945,-24.82285640026201,20.038843
4067304479940374528,267.01304175463235,-24.819521866754684,19.234062
4067310359791655936,267.08185388387875,-24.77583576580492,18.424677
4067304484259931520,267.0137997397873,-24.817497615272792,19.702307
4067304518619641344,267.02536895656675,-24.81470230295526,20.095951
4067304243741548800,267.0444286043242,-24.838850846654097,19.660408
4067304484259916544,267.0128275478968,-24.82251811821494,19.44575
4067310943897639552,267.0758505646985,-24.75794740190553,21.012787
4067304484259931776,267.0109074594052,-24.819787832811958,19.486631
4067310737739073408,267.08765369009916,-24.76555217120736,21.202824
4067310153624586368,267.0686918497145,-24.801241498607844,19.597292
4067310462854517632,267.02793729145964,-24.786180485090544,20.026848
4067303487833791360,267.04827078591006,-24.83876540212546,20.038715
4067310497221117952,267.0301598307158,-24.77890801880922,18.924097
4067311012617222528,267.0639892299522,-24.75132301637704,20.223265
4067310462854517504,267.02776216324196,-24.786088396079865,19.852127
4067310531580779264,267.0495841725053,-24.776057545299288,20.714357
4067310187976396288,267.05238295574367,-24.80790710512881,20.136492
4067310531590484480,267.0508997807851,-24.77370012577819,20.157087
4067310252376451328,267.08089196020074,-24.800718043875843,15.947117
4067304518619670400,267.023718776422,-24.80863496511813,20.04601
4067310462854516864,267.02718606570045,-24.78475522262234,18.13915
4067310600300363264,267.0363003359946,-24.770141802150036,19.664917
4067304552996010240,266.99522831169986,-24.80427907772666,19.633799
4067304209381810944,267.03769926579145,-24.844403918739065,19.119467
4067310153624586496,267.06140618133776,-24.806059951228512,19.517439
4067304484259902336,267.01259713777824,-24.82551134564102,18.101334
4067310531580778496,267.0507156550237,-24.77508904960593,18.962393
4067304518619674752,267.0226968143098,-24.80851965161341,20.047863
4067310394134903168,267.04308251913915,-24.79896234077201,19.217302
4067310394150629632,267.0330846899839,-24.79746230254582,14.522213
4067310565940487296,267.0700658760083,-24.76516612341755,18.485823
4067310462854493952,267.03010167885685,-24.78736092878331,19.87062
4067310325422062336,267.0718467952634,-24.792068967413076,20.936932
4067310119256888320,267.0516808899582,-24.814724500045887,20.193203
4067311042659130368,267.07721991862957,-24.739850952401586,18.867737
4067310978267083136,267.0839479081554,-24.75160295444314,20.400818
4067310291063540864,267.08560673997073,-24.78876658631472,19.9685
4067310394134903680,267.0371671541691,-24.80397295257922,20.10932
4067304346820983424,266.9873455081154,-24.838345421243744,19.927855
4067310325431917440,267.0603371987406,-24.791141769838333,17.468613
4067310565940487808,267.069779152507,-24.765769409734055,20.90977
4067304278109324928,267.02038537769886,-24.83526599614736,20.531672
4067304243741550080,267.0471767415382,-24.83616417547731,19.303938
4067304346820983552,266.9873361412575,-24.838765699019564,19.920256
4067310153624587264,267.0663561058312,-24.802218139123454,20.094826
4067310531580748032,267.04789223601017,-24.78100339106234,20.808578
4067310497230747136,267.0337036713726,-24.779774655693355,19.535133
4067304415540567552,266.97693314391523,-24.82987675007457,20.28497
4067310565940518016,267.0597049350967,-24.76898359939853,18.486343
4067310187976397696,267.0528267186163,-24.807294115447114,19.804672
4067310939579915904,267.0779190774693,-24.759456984442263,19.659246
4067310394150630016,267.0322568241126,-24.79727472056827,18.279455
4067304209381812096,267.04073500756414,-24.8416370497001,19.479975
4067310497214256512,267.032029066812,-24.7826464729669,18.45842
4067304346820983936,266.98861803012574,-24.837546850180328,20.359827
4067310943897640192,267.078666921261,-24.755874594503403,20.705687
4067310153623264000,267.05886551337437,-24.810685476486697,20.568876
4067310252376454016,267.087639367287,-24.79815144037679,17.811708
4067310256702478464,267.0774809197878,-24.79720848388036,20.237703
4067310600309961728,267.0484880450808,-24.774192824211973,19.86227
4067310222342848000,267.06049974093065,-24.79980578709589,20.896833
4067310256703804288,267.0760146146888,-24.794382630139353,19.64286
4067304548671285760,266.99106786130653,-24.81046078988527,17.758917
4067310325431915648,267.0714624991364,-24.785360364032197,20.221714
4067304518619643264,267.028710300471,-24.811214788417246,19.949398
4067310256702478720,267.0777698736709,-24.797710311647435,20.75658
4067310187976398464,267.04883729863786,-24.810181471051685,20.738577
4067310462854488704,267.02118402185613,-24.7954527545244,18.932295
4067310256702478592,267.077922462402,-24.79736125971394,18.748425
4067310355464362880,267.0770159094178,-24.77479345603238,19.6031
4067310497230748160,267.03600012056535,-24.774982791551793,20.43126
4067310187976398720,267.0421496525306,-24.81623387799171,20.570364
4067310634669702016,267.0558775628979,-24.757139227271242,20.199121
4067310153623264768,267.06143407409326,-24.808816519913087,20.473116
4067310291063542016,267.08110955941186,-24.791395536742282,19.585854
4067310222342954112,267.05290599929566,-24.79460241157876,20.416914
4067310252376454656,267.07910201179664,-24.798980446957472,17.650225
4067304587339285504,267.0067559497002,-24.800318417936545,19.257603
4067311042659128576,267.073477515906,-24.73451117069822,17.72159
4067310394134900864,267.0353051035076,-24.80619359726884,19.929506
4067304587346046080,267.01195588084886,-24.801329797941953,20.548964
4067310497221043712,267.03299838784403,-24.786996496443365,20.420095
4067310394150627456,267.0387756051475,-24.79445500191997,19.104542
4067310153623264640,267.0657844176004,-24.805813415661103,20.168736
4067311012626823552,267.07212245665585,-24.750017095523443,19.837095
4067310462854520704,267.02572689181227,-24.787514782490295,20.116096
4067310462854487424,267.02063027757754,-24.796391228509787,19.359858
4067310252376454528,267.08399969215986,-24.79799505864833,17.171688
4067304484259934976,267.0074656066365,-24.82218950970714,19.9247
4067304518619641984,267.0301490672412,-24.810294841187673,19.442444
4067310600309964288,267.04182699646304,-24.764161277938783,19.726568
4067311046976996992,267.0721563707044,-24.738953699944055,20.284159
4067310462854519936,267.02475143297215,-24.78854235354062,19.803234
4067304449872237056,266.9850897913766,-24.81404028858047,18.941198
4067304518619673728,267.0191851707234,-24.811493291591947,19.073755
4067304449872236928,266.9848439113583,-24.813742377332243,19.385284
4067310394134937088,267.03865675666134,-24.794166736970023,17.344193
4067310943897642240,267.0748372431662,-24.758151011259123,20.786152
4067310428494675840,267.0413230402897,-24.792266534153462,20.060104
4067310119256816256,267.0622250954004,-24.82143988158621,19.481047
4067304484259935616,267.01320658435117,-24.817349123168004,20.685154
4067310462854521472,267.0209167742615,-24.791586492814364,19.666622
4067310939579912320,267.07205215646826,-24.759258341622445,18.740026
4067304587339262080,267.0152281269468,-24.794810657244266,19.226383
4067304449907052672,266.9859531851875,-24.82420179248159,20.449518
4067304587339262336,267.0159734673795,-24.79486541646393,19.432709
4067304346836675968,266.9884235095823,-24.836602445973337,16.177511
4067310462854521600,267.0202751537997,-24.791844195741124,19.398844
4067310187976400384,267.0447633070135,-24.813497509733455,19.965927
4067310291063544192,267.0820235822583,-24.788989907070476,19.72463
4067304583019623424,267.01478577809337,-24.799270749782256,17.776527
4067310394141791616,267.02686639656315,-24.795859401634175,20.28009
4067310321104622080,267.0725158895035,-24.78425907102612,19.68621
4067304587339262592,267.01630477515516,-24.795401178107472,19.473276
4067304449900315264,266.9834970426898,-24.822758741709396,18.746086
4067310291063545472,267.08428338462784,-24.78652347963107,19.7832
4067304346836675456,266.99086043384926,-24.834909312408172,15.9855995
4067304278109328512,267.0177022170609,-24.834791251628783,20.639286
4067310187976399872,267.0471443781551,-24.811719132228994,18.778461
4067311008299388160,267.0703405314594,-24.743578376845992,19.783176
4067304273782304000,267.0165310898833,-24.832360402480152,17.375853
4067310394134938368,267.0281861484974,-24.803381169680346,19.598652
4067311012618124160,267.0719714144168,-24.7481563517,19.636578
4067310634661415424,267.0491280070062,-24.761293771843366,20.439722
4067310531580784128,267.0500175327713,-24.7750283647542,20.067318
4067311008299388800,267.07142467404805,-24.75267831645277,19.556597
4067310325422065664,267.07692342070015,-24.788082602253198,20.49717
4067304209388381056,267.0363858630278,-24.83932348176564,20.162706
4067304175022188800,267.01579218645026,-24.837372412762317,20.077179
4067310187976401792,267.0496219104117,-24.808899138859868,20.50391
4067304346827732992,266.98891790823376,-24.83421645185644,20.758091
4067310600300328832,267.0408166265114,-24.772645267827095,18.77662
4067310291062327552,267.0888776940824,-24.77982305586828,18.17502
4067311008299388416,267.07054889210394,-24.747296412092783,18.88167
4067310462826451712,267.0137177398568,-24.78700252626132,18.39589
4067310462854522240,267.0218306888931,-24.79062967381481,19.165005
4067311012617229184,267.06346358841904,-24.750829239108356,19.266226
4067310394134939520,267.02962959522773,-24.8022109030962,20.049479
4067310222344069632,267.064221712495,-24.79991622318237,19.492306
4067310462854522112,267.0214327891829,-24.790460553299667,19.157782
4067310153623267456,267.06874215812616,-24.80283584245424,19.130629
4067304587339259904,267.01725916147143,-24.79499596498341,20.546112
4067304243748118912,267.04777835208307,-24.831579965781533,20.711966
4067311012617228416,267.0630963312109,-24.75111121302956,18.506145
4067304587339260032,267.0171731138191,-24.794843693702752,19.246098
4067310291062329088,267.08552436055453,-24.781922387145844,20.5667
4067310497221047168,267.043910214916,-24.778673580621426,19.967186
4067310153623267584,267.06920548884096,-24.803202583441628,20.025982
4067310187976402432,267.0420528671413,-24.81521469535204,19.347475
4067310359781805056,267.0810976031497,-24.78507918307482,18.675718
4067304175028790272,267.0126989733459,-24.84225818834978,20.352083
4067310394134898304,267.03616085763366,-24.806132582318437,19.348698
4067310394134947456,267.0314173491985,-24.798479786381023,19.971636
4067304209381821184,267.035766861747,-24.84401848188474,19.76224
4067304243748122240,267.0456357750891,-24.832697231208627,20.673466
4067304243741559680,267.04867390779975,-24.832929758809083,20.03023
4067311008299386240,267.06671456926506,-24.738133321003446,19.60991
4067310119263450880,267.05129475809554,-24.822712176817504,21.0236
4067304175022190208,267.0112397391324,-24.840999670987788,19.750937
4067311008299386112,267.06628128219353,-24.754511348352096,17.828411
4067304552979522560,266.997000388574,-24.812244088489088,20.192226
4067310497214262912,267.0289933896793,-24.784039927534224,20.171621
4067304175022190336,267.01404405388183,-24.838541809325672,18.124062
4067310256702483456,267.07160580098525,-24.801491738023948,20.758213
4067304243741560064,267.04608253794504,-24.83528112571748,20.54254
4067304381180734208,267.00040306998494,-24.824687432464827,20.10208
4067310462854524416,267.02289051686006,-24.789620528135153,19.21792
4067310256703808640,267.0709654829377,-24.79500280652589,19.794058
4067304243741560192,267.0462053014709,-24.834923891583077,20.365162
4067310497214263168,267.031063998573,-24.78202636616395,20.611164
4067310153616557824,267.06757955020635,-24.81696336511356,20.125872
4067310565940524928,267.06534341853285,-24.763623935970653,18.98372
4067310462871687808,267.0222696357997,-24.779535968398225,16.563562
4067310114937460864,267.05233983398085,-24.82345600274221,16.117983
4067310256703808512,267.0701868494558,-24.795556276577063,19.365335
4067310497214263040,267.0293761400804,-24.784030041480765,20.027285
4067310321104619008,267.06676578811954,-24.778913692185967,19.687756
4067310428501570688,267.0442141244399,-24.778833787363006,20.54132
4067310462871686528,267.02370428532095,-24.78341187217679,19.076994
4067310497221047296,267.0436054005094,-24.77803804316622,20.003633
4067310119263531904,267.0558793555553,-24.81219107271738,20.677746
4067311046978273536,267.07330781886776,-24.738383585490887,20.538153
4067310325423286784,267.07058229821905,-24.79388703443129,19.89363
4067304243741556736,267.0508328059046,-24.83182337500283,19.99704
4067310462854524160,267.0180819303664,-24.793798095544933,19.29051
4067310389815738752,267.0360090179342,-24.79963834739784,17.617392
4067310114937459968,267.0489268472421,-24.823397454781244,18.87552
4067310218025402368,267.06452733839205,-24.798112523725507,17.99007
4067310256702484480,267.08136110372993,-24.794656510494722,18.905502
4067311008299384960,267.064824736632,-24.748372297405457,17.22135
4067310325423287040,267.06827691838544,-24.795403491640943,19.263596
4067310187976408192,267.04750404899653,-24.809292135596188,19.810957
4067310325423286272,267.0728337154723,-24.79283280190167,19.516632
4067304484275625216,267.0181672618639,-24.817506839814516,20.38291
4067310153623271296,267.06060546638076,-24.808779815031563,20.19169
4067311012618531328,267.06036032462885,-24.74555257772513,20.745268
4067304484259894272,267.01626883086755,-24.823795170361915,19.701986
4067304583019953024,267.0104021162205,-24.80703693101008,19.398972
4067310497214263296,267.0313758104011,-24.782311620316886,19.786999
4067310497222456192,267.0286861363606,-24.773123203267254,20.144104
4067310187976404096,267.0462863018338,-24.811234477938658,19.970333
4067310325423288192,267.0766075062008,-24.788760850113444,19.593145
4067310114937829248,267.0538867395171,-24.814896923454842,18.334116
4067304518619683328,267.0202790935879,-24.808776292308323,19.798815
4067304381180698368,267.00723269531574,-24.82814748411879,19.008432
4067310119256854272,267.05271185495417,-24.82179336892881,19.279476
4067310187976404224,267.0460668404619,-24.811305755591547,18.63219
4067310218025402112,267.0638912679935,-24.799371158335447,18.404305
4067310462871684096,267.0193486570367,-24.782207390486676,18.382328
4067304587346048384,267.00790054947873,-24.803847230667326,20.993473
4067310153623116032,267.06844375543307,-24.817567476618244,20.705296
4067310153623272064,267.06145117821717,-24.80814176267801,18.881046
4067304209388376960,267.0295708659186,-24.84455744955558,20.33101
4067310153623271936,267.06150031844317,-24.807467985324017,18.934914
4067311008299384320,267.06377657906967,-24.750468795547654,18.793495
4067304518619683968,267.02384297867417,-24.80565480341598,18.3504
4067304484259945728,267.0067729411388,-24.82070165929045,20.222155
4067304484259945856,267.0063214079643,-24.82065961031037,19.22242
4067304175022193408,267.0119563246213,-24.83980859694177,17.50857
4067304449907050496,266.99018300333086,-24.821436595843583,20.875744
4067310359781835648,267.07906154202504,-24.782810868717974,20.183191
4067310497222456576,267.02762600967776,-24.774680834496312,19.697742
4067304484259946368,267.01454426181573,-24.813458942505147,19.947594
4067310462854527104,267.02810148621484,-24.784157986353474,20.147055
4067310218025400832,267.0614474054747,-24.79479555429772,18.899153
4067304312461147520,267.0399598458385,-24.815659767866492,19.681417
4067310462854526976,267.0241317220707,-24.78814888477469,19.417864
4067310149297568000,267.0704712532963,-24.812611963923946,19.071604
4067304449900311296,266.9904787752676,-24.817098042674544,18.572365
4067304312467884800,267.033854710067,-24.814354980602303,20.56669
4067310389815737856,267.0399216946759,-24.803232860850382,18.99609
4067310462854527232,267.02842567444793,-24.78435704628868,20.120316
4067310497221108352,267.0322597270603,-24.779522029797022,20.535007
4067310256702543872,267.07183642867403,-24.796235642817518,21.071953
4067304209381825664,267.0352013691318,-24.84354078264462,19.537504
4067310462854528640,267.0230395146237,-24.7871590322144,19.213394
4067310359781811072,267.0821690649192,-24.783936556547662,19.94292
4067310600301672448,267.04017212108573,-24.764037528518475,20.399044
4067311012618532992,267.0583564832581,-24.748968586792405,20.643667
4067310394134943872,267.0368871691901,-24.794566822700208,19.688587
4067310462854528512,267.0224220695623,-24.787604272859294,19.464674
4067310119256823552,267.05457663674633,-24.82668810654372,18.588142
4067310291062333568,267.0856778428331,-24.78119310943998,20.652605
4067310462854528896,267.02326036134883,-24.7879301070075,19.353954
4067310669020673152,267.0899845594491,-24.77898824099491,19.90509
4067310634660060288,267.0532456564817,-24.76523063162096,20.086285
4067304312469077760,267.02956629201236,-24.819192965111604,20.50284
4067310359783029248,267.08102771117626,-24.78430253349371,19.653461
4067310733424735744,267.08612699339886,-24.765364905457687,17.519625
4067310497221159424,267.0285278842963,-24.774118598592946,19.403315
4067310634661412352,267.05419704076985,-24.753894920899164,20.607513
4067310325423289600,267.0704132613897,-24.792518856464923,19.722067
4067304243741564160,267.05060906056343,-24.830225480212242,17.827642
4067304346827624064,266.9987650105318,-24.838466755023255,20.210512
4067310359783029376,267.0811845272487,-24.784363963941736,19.556597
4067304518619681920,267.0269787026086,-24.80280758345574,20.43806
4067310462854528384,267.0228874148965,-24.786962479618772,17.892859
4067310497221159680,267.0281652683752,-24.774160269577717,19.82962
4067310669019457024,267.09183304007576,-24.776826525010627,20.32565
4067304381180728576,266.99422993920797,-24.831348990717483,19.723223
4067304312467885952,267.03440101205547,-24.813901493849244,20.88627
4067310291063552896,267.08659938649566,-24.78055084536552,19.58418
4067310394134945536,267.0307360846274,-24.7995244537354,19.812382
4067310218025398272,267.05629019049275,-24.795325258128756,18.486595
4067310218017047424,267.0577183215751,-24.79923295977905,18.626093
4067310497221105920,267.03842211869477,-24.77558957404878,20.176022
4067304312467860736,267.0264840312243,-24.82170708387053,20.14672
4067310497222464640,267.0281343971219,-24.782757863573572,20.33249
4067304415540578432,266.97675697148236,-24.828295366994443,19.350672
4067310256712429312,267.07599770807144,-24.791172862625277,17.16966
4067310527263043712,267.05816465885533,-24.78584978809367,19.805431
4067304312467882240,267.03024615637196,-24.817174542839545,20.339226
4067310462854562176,267.0181262905571,-24.78711078007257,18.089039
4067310630342259456,267.05862202387567,-24.760077750122807,19.096436
4067304278101406848,267.020254512505,-24.832948512436886,20.547068
4067310527263044480,267.0588418219332,-24.784368177647504,18.101933
4067310462854529152,267.0235020051428,-24.78855742552373,19.382427
4067310600300375552,267.04098499496826,-24.765102987752424,20.368538
4067310222344075520,267.0615437105549,-24.798016366989966,19.354836
4067310462854529024,267.0232915056852,-24.788428174642064,18.112003
4067304381187338112,267.0028002820475,-24.83797658522129,20.267965
4067304381196405760,267.00992147713885,-24.830182121620687,17.499258
4067304381187359360,267.0108161290684,-24.830384647946893,20.837942
4067304587347462400,267.0126548807115,-24.792196031747313,20.128626
4067310321096263296,267.06931541398893,-24.795341910528926,19.127977
4067304312461145600,267.0338302747153,-24.82126410424245,20.029375
4067310256702542208,267.0699211717803,-24.797230170789955,20.92094
4067310359781837056,267.08010096945094,-24.782463512788993,20.56382
4067310321096263552,267.0704842847871,-24.793311040967694,18.045326
4067310394141783936,267.032327771907,-24.79310475004817,20.643969
4067310630342257664,267.0548494796149,-24.763276855915542,18.635216
4067310187976408320,267.045787376435,-24.81068239382139,19.733027
4067309363349029888,267.0626689162092,-24.83096807666579,20.978695
4067310497221105408,267.03092326905085,-24.780869628777946,19.981123
4067304346827621888,266.9958761906811,-24.840582132958417,20.61676
4067310359783030016,267.0794603515344,-24.785191958161324,19.704058
4067310630342258176,267.055506791278,-24.76055435419573,18.681488
4067310497214268416,267.02993774564663,-24.782864315382454,19.939983
4067304518626375552,267.02117917468394,-24.81733747007218,20.225887
4067310630342258304,267.0558841433786,-24.753166593695607,19.691841
4067303487827266304,267.0513123795394,-24.840460911611913,20.33795
4067311012617237376,267.06518801126447,-24.748507351700876,19.062826
4067310462854530304,267.01804748055997,-24.793051881415373,17.176596
4067304484259892864,267.022290688864,-24.819019895111186,19.378489
4067304484259950080,267.00502499030443,-24.820646091366708,18.219492
4067304312461151104,267.0337418804831,-24.82033636320988,19.655188
4067310153616565120,267.06664326277064,-24.81589532700415,19.513966
4067310634661414272,267.0482679775985,-24.760597100202094,20.466389
4067304175028905344,267.0053321425522,-24.836486118004107,20.355005
4067310325423292544,267.06369680629314,-24.79530596920334,19.841503
4067304415540576512,266.9815307567698,-24.824516464369488,17.80757
4067310252384813184,267.08010716339527,-24.801697932348056,18.915169
4067310222342859904,267.05677623337203,-24.80086610003804,20.827345
4067310325423292416,267.06942655048584,-24.791386140699316,19.951849
4067310222342886144,267.05881462639263,-24.796991965484334,20.597837
4067310222344077696,267.05942984931215,-24.798024272599637,19.822876
4067310497221104384,267.03196965420904,-24.78030527091881,20.153524
4067310630342257280,267.0540327263238,-24.76018910382183,17.457375
4067310222344078976,267.0541382013553,-24.800593552435892,19.562887
4067310737740154368,267.0901681648668,-24.776056654264266,19.941545
4067304346820993152,266.9903439167432,-24.83414582196308,17.645761
4067311012618537856,267.069355940058,-24.74433820484393,20.437813
4067310462854531328,267.0205699028542,-24.79070171182343,19.768177
4067310222336148480,267.05319770125124,-24.803989212303446,19.982624
4067310497221104256,267.0346600698137,-24.778470479838813,19.903643
4067304312467863808,267.03264520939234,-24.81717994095963,20.307398
4067310325422076800,267.07123257544146,-24.790671774325553,20.89177
4067304312467889152,267.03326838113406,-24.814461008011175,20.59532
4067311008302539392,267.0672652988298,-24.748481535718298,19.035309
4067310462854532992,267.0215403921326,-24.789384204133448,17.369783
4067304514311771136,267.02619633316635,-24.80343068592674,17.015808
4067310119256828544,267.05388070510645,-24.826504219195918,20.291523
4067304346820993792,266.9870929665975,-24.836865847568646,19.479752
4067310462854532864,267.02186599522236,-24.789339222096604,19.164234
4067311012617179008,267.06628978944707,-24.756349803840024,20.465857
4067310359781840000,267.07766224099885,-24.783938955913925,20.723032
4067310187983122816,267.0416074652382,-24.81117665835477,20.707008
4067311046978277120,267.0729439256887,-24.74219343268382,20.486319
4067304587339269888,267.0126543881567,-24.797531847912673,19.117432
4067304209381826560,267.0363145820425,-24.842421038139012,19.784979
4067304415540578176,266.97731583463195,-24.828370344057447,20.551867
4067304312467864704,267.03627261261556,-24.814621643591394,20.16082
4067310600301677696,267.048086355428,-24.762600937553632,20.553913
4067310595982516608,267.0497038675772,-24.768462684062047,17.764803
4067309397708771584,267.0722187088471,-24.82414569679891,20.59048
4067310394134949632,267.0280036889373,-24.800895361399824,20.139069
4067310462854533760,267.0185073145868,-24.791901716949635,19.29217
4067304587339274368,267.01448823582695,-24.79531230458249,20.260923
4067310595982516224,267.04846753256544,-24.77168277565107,19.58947
4067310462854533632,267.01828852085634,-24.791836755513668,18.862034
4067310527263039616,267.0492855691967,-24.777696095939845,17.922459
4067310222342887936,267.05621859839795,-24.79865844172041,20.247284
4067304552986362496,266.99792969415614,-24.804026313692397,19.939882
4067310222342888320,267.05404928762835,-24.800127475218673,20.410242
4067304583031141888,267.009969142063,-24.79233189962901,17.738363
4067310462854533888,267.0189408490976,-24.791781948303438,19.224697
4067304312469078784,267.03338825974896,-24.81571397493122,20.803938
4067304587339274752,267.0170025562867,-24.79385267471636,20.657227
4067310394134949120,267.0367630372541,-24.793635256294852,19.630909
4067304587339274880,267.01676482111577,-24.79330305718604,19.51824
4067309393391352448,267.0776829216868,-24.820506539387953,18.628199
4067310462871676928,267.02098919872986,-24.785813681957997,18.476673
4067304209381869952,267.02748980187636,-24.838844783670943,20.675648
4067310187983149056,267.0492410499129,-24.803499468961935,20.067295
4067309363349034496,267.0600703887275,-24.832380341832533,20.553576
4067310222342887808,267.0565839140645,-24.799077278798123,20.011229
4067310222344080896,267.05998195039524,-24.79571274120967,19.415257
4067311008290755712,267.0673697579363,-24.7495295408019,17.98983
4067310187976412160,267.04036215972314,-24.813903442707375,20.75329
4067310222342887680,267.0562918392486,-24.798910671960595,19.248783
4067304278101411712,267.0245008523341,-24.828361400883647,20.177235
4067310497221100928,267.0388614644968,-24.775946699177318,19.9528
4067304484259940096,267.0134597741671,-24.815689456225144,18.552969
4067310634661417344,267.05715946256265,-24.75682640732739,20.760077
4067310359783033984,267.082284886536,-24.780349274877853,19.090984
4067310462854535040,267.0257184617578,-24.785672425676886,19.77474
4067310497221100544,267.03838248737975,-24.77636190314534,20.515507
4067310119256829696,267.0611935502551,-24.81987156592247,19.91872
4067310325423295488,267.0712773261647,-24.78805116652011,19.37261
4067311012617241088,267.0666478945336,-24.746232735242863,17.763472
4067311008290756096,267.0636353093227,-24.74932280259571,15.499163
4067310424183823872,267.0468835493618,-24.794296380415677,18.508484
4067304587339275904,267.0158232038503,-24.79396160985216,18.801891
4067304552986308864,267.00119875225545,-24.808581518498244,20.326248
4067304518619692160,267.02243553357073,-24.805049973362994,19.259317
4067309363349035520,267.0635699469517,-24.82977631962315,20.912657
4067310222342864512,267.0525028713029,-24.802881110396243,20.141842
4067304278101402368,267.018957688964,-24.83521212163346,20.018782
4067310222344081920,267.06051926912824,-24.794461363423945,20.107641
4067304381180738816,266.99406430201014,-24.8293355808341,19.97109
4067304583031147648,267.01060030672255,-24.807748406547677,18.725048
4067304518626519296,267.02092731429985,-24.801358004275507,20.065735
4067304587339272320,267.00961985434105,-24.799796639236188,19.45847
4067304346827601280,266.99820599064566,-24.84099508907679,20.31146
4067310424183822464,267.04468757957494,-24.78433580543617,20.216002
4067310492894959744,267.03254270337834,-24.769821576785954,18.053415
4067310497222464896,267.03452928424457,-24.777411093193518,20.292336
4067310733413128192,267.0880383068656,-24.771904075253154,18.889154
4067304484259954432,267.0066890790429,-24.818496261301494,20.127172
4067309397708841600,267.0790538261481,-24.81302509450775,19.80045
4067310222342863872,267.06193409701683,-24.796920284475362,20.51608
4067310492894960000,267.0258450336645,-24.779517465757543,17.70901
4067311012618181120,267.065809856781,-24.748357534573298,20.613775
4067304205062825344,267.02614439421575,-24.841454326574443,17.73475
4067310222344081664,267.0538387231947,-24.79938323442307,20.110764
4067310325423298176,267.07241909090914,-24.784914544369368,20.02068
4067310492903298304,267.0426145610687,-24.77818233966137,18.372562
4067304415540581248,266.973474397005,-24.830741177781643,20.246946
4067309363349036416,267.06454073214394,-24.829023218190848,20.289572
4067304312467893120,267.0357942891078,-24.81229364028414,20.373247
4067309397708774656,267.07910552673314,-24.818978902362,20.344482
4067304415540581376,266.97775050718445,-24.82698389982357,19.9993
4067304175022202624,267.0063616402383,-24.843031188931892,19.009916
4067304381187344640,267.0024379707378,-24.837572404180346,20.599585
4067311046977890688,267.0715544799156,-24.73390648800697,20.301016
4067310325423297664,267.0635681389802,-24.791509035310263,19.770462
4067310462854537088,267.02394972666013,-24.786983562787356,18.521149
4067310561614437376,267.05865355134114,-24.767214384349092,17.288008
4067304278108155136,267.0196299493568,-24.82340301075769,20.279955
4067310222344082432,267.05817237833077,-24.794659487927376,19.40943
4067304484259951488,267.00859388444,-24.816848294635292,20.542334
4067310939571559680,267.073932988699,-24.754037668577695,18.729404
4067310462854536320,267.01709075876903,-24.79245055272263,18.556057
4067304484259951616,267.00899515117464,-24.81701734178372,18.229057
4067310595982513664,267.0431409683249,-24.76978583907149,18.00778
4067304552979535488,267.001612824355,-24.806361549815897,18.848366
4067310462854536192,267.02093430066435,-24.789632371369407,19.200365
4067310978257436416,267.0790483403035,-24.74846403306239,20.383774
4067311046978281216,267.0770312503899,-24.744539822518586,20.829538
4067304209381834624,267.0395693292794,-24.837362490080388,17.767878
4067310187983128192,267.0424863875338,-24.810068493871373,20.280798
4067310737740159616,267.08611565292114,-24.775128733994915,19.680305
4067310973931014272,267.0880180374433,-24.753544209812965,17.509825
4067310462854536448,267.01754086887775,-24.792522118213466,19.079378
4067304381187345536,267.00037724145204,-24.838878788424733,20.162064
4067304449907036544,266.9894897654029,-24.823670917262202,20.749815
4067304209388370304,267.0339995972746,-24.842183403107356,20.22795
4067304381180736896,267.00208093457616,-24.822883670713757,20.2858
4067310737740159744,267.09087679916615,-24.771804114425027,19.587025
4067310458543548928,267.01652425755873,-24.78719006028697,18.910213
4067310325422107264,267.07036496658577,-24.78847546878652,20.275536
4067310595982512256,267.0402898757945,-24.771457845695334,18.506573
4067310119273467776,267.04930367564015,-24.816778711345716,20.594578
4067311008290753280,267.0677010045812,-24.75352041032948,17.954859
4067310359783036928,267.08387159545913,-24.776865092893622,20.155878
4067304175022199936,267.0152620088717,-24.835952206256593,17.290043
4067311012617244160,267.0622052038181,-24.74865406856409,18.599573
4067310325423298944,267.06366917781617,-24.79079764512694,19.56137
4067304587339278848,267.0085964529013,-24.799844043246928,19.44429
4067304243741569664,267.0503369631837,-24.829027440395887,19.409641
4067310462854537344,267.02137431313105,-24.788757866560875,19.880808
4067304587339278976,267.00847876204585,-24.800111538659767,19.43918
4067310462854537216,267.0217908245311,-24.788452835158118,18.84521
4067304243748132096,267.05106862694754,-24.828065287239475,20.776247
4067310669019466240,267.09056663013064,-24.7767341368969,20.194618
4067310737740160640,267.088154366871,-24.772407767112995,19.890806
4067304346821003520,266.9849903186796,-24.836556473793063,19.81787
4067304175022200448,267.0078191628034,-24.842272732266323,20.02059
4067310424183819648,267.0376217558637,-24.785508011957187,16.02514
4067304175022200576,267.0160775155875,-24.835179353763984,19.167467
4067310149305591168,267.0698534260539,-24.80511278510959,18.589396
4067304587339279488,267.0104320807518,-24.79837733771199,19.303326
4067310291062164864,267.0885534753231,-24.794951108525115,20.213194
4067304552979541248,266.9999626975119,-24.80725935837998,19.93415
4067304175022204928,267.0077426270596,-24.84066580882283,20.251097
4067310595982511872,267.0391858772619,-24.76957091063983,19.299248
4067310595982512000,267.0393321756924,-24.770724348477042,18.495737
4067304175022205184,267.0081511940593,-24.840953238278278,18.948988
4067304552979541632,267.0012451480736,-24.805938769152387,20.309536
4067304243741570944,267.0427074700349,-24.835278517416835,19.546286
4067304449900326784,266.98284323927015,-24.821663078300265,19.101927
4067310394134955904,267.0366599259936,-24.79237188487671,19.84051
4067311012618150400,267.06338445090256,-24.740374163778192,19.942339
4067304175028913536,267.0061876569497,-24.835089094719848,20.589916
4067310325422109184,267.07243309654217,-24.78683205199264,20.811634
4067310492903295744,267.03597941199183,-24.77046881746506,18.510532
4067304312461159552,267.0299084043113,-24.82217009475308,19.931734
4067310492903295872,267.03763109094314,-24.77923010587184,20.118866
4067310256703797504,267.07955341700205,-24.796148036545897,19.23991
4067304278101421312,267.02554178128844,-24.82570876104281,20.178577
4067304346828827520,266.9896858486917,-24.83775560224009,19.839666
4067310462854539648,267.018954617528,-24.79114503607374,19.352755
4067310325422084736,267.06580399900656,-24.793949248340528,20.68818
4067304587339233920,267.01676369043713,-24.798366984394082,19.894634
4067304449907091072,266.99423216090906,-24.813734039792376,20.689693
4067310394134956928,267.03604275165765,-24.792522747259714,19.92434
4067304484267781376,267.0104463684829,-24.823335236538547,20.437315
4067310325423302528,267.07057582039204,-24.782324201465876,19.634169
4067304243748105600,267.04872891543164,-24.832283942636494,20.923553
4067304312461160192,267.0340057471158,-24.818311057489986,19.65666
4067310291072155776,267.092855016912,-24.79022642014614,17.11437
4067304587339277440,267.01122918089277,-24.798070412039575,20.339773
4067311046976996864,267.07241054853864,-24.7390199628512,20.456007
4067310222342869760,267.0553983845435,-24.80070508220094,19.845863
4067304552987730816,266.9995892496332,-24.812623573255152,20.780243
4067310428494694784,267.03831973949855,-24.79079184908051,19.10314
4067304587339277824,267.01139680164243,-24.797559051749765,18.103777
4067310325422189056,267.05723660960234,-24.789431081542517,20.565273
4067304587339233536,267.016640259783,-24.79881049901452,20.787647
4067310222344086784,267.05691693152187,-24.792590598727365,19.67826
4067310119256866432,267.05290690919077,-24.81864856197768,20.480536
4067304381187426816,267.00236801106564,-24.829968430812812,20.626677
4067310359783041536,267.07504817031247,-24.77894010229332,19.576677
4067310394134957952,267.0269094780296,-24.80031896254709,18.309254
4067310222342947584,267.0563341601105,-24.792820640564294,20.348604
4067304587339282560,267.0117945517625,-24.79655402312194,19.271915
4067310939571272576,267.0700269201199,-24.757213493356787,17.678434
4067310462854541824,267.0277826649809,-24.783117540919008,19.401567
4067309363342514944,267.06724698048845,-24.82956085943491,19.7895
4067309359023199360,267.06301882067953,-24.8340235477788,16.402775
4067304209388365952,267.04090794471034,-24.83778037461577,20.501862
4067310291063535104,267.0873777452348,-24.790960035813992,19.56604
4067304106302648832,267.02087526950754,-24.84648574130597,19.552362
4067310458543555328,267.03163230031186,-24.786716986526432,19.368462
4067310325423302656,267.0590813247263,-24.79025947347961,19.31754
4067304587339282816,267.01325871605366,-24.795245383209917,19.25217
4067310978258808192,267.08064670153567,-24.74672520028215,21.018848
4067304209381835264,267.03145443622,-24.8441785280792,19.431503
4067310119256865664,267.05175332389683,-24.819206186926078,19.73048
4067304587339283072,267.00906261410455,-24.79870207844532,19.583832
4067304175022204288,267.0070885247962,-24.841962220991288,20.152174
4067304312467894912,267.0285610725593,-24.81709339047509,20.290218
4067310428502995840,267.0446978446267,-24.77905267908624,20.76584
4067304346821007488,266.988893042844,-24.832532953214095,18.450172
4067304518619699456,267.01500326777835,-24.80984766590696,20.865664
4067310222342871552,267.05862266226757,-24.798400067677907,20.6102
4067304518619699584,267.01510197995935,-24.80997893856792,19.819996
4067310187983133568,267.04377067866267,-24.808622015926446,20.277367
4067310325423304448,267.06051837276823,-24.787890837232275,19.381712
4067311046977884544,267.07419941417106,-24.73666802898052,20.096508
4067310978258440832,267.0824757485281,-24.747010208957633,20.49749
4067310462854543232,267.016800463178,-24.79147483600943,19.095894
4067311046977917696,267.07038812137586,-24.738092658675082,20.686956
4067310394134958464,267.02987351786044,-24.797583757677824,19.000965
4067310462854543104,267.0173239373428,-24.791410609125663,20.341408
4067311012618179456,267.06997891775575,-24.740392802017766,20.813019
4067310737738973056,267.0881745298588,-24.775662995990196,20.379244
4067310394134958336,267.0302366768606,-24.79820186424565,20.365105
4067310462854542464,267.01945176445,-24.78971345592149,19.53298
4067304243741574912,267.0487056515173,-24.82912415697453,18.4798
4067310428494698112,267.03855949286907,-24.790030029270536,17.895674
4067310428494697984,267.0383938977138,-24.789893366744817,20.092323
4067310187976421504,267.0470055754903,-24.80625349878108,18.705956
4067304312467896064,267.02417956145774,-24.820034061480623,20.78176
4067311046977917184,267.07615599592555,-24.73808492158458,20.620169
4067310153616577152,267.0647962963397,-24.81452432427622,19.341278
4067310153623207552,267.06279020534276,-24.813051383116353,20.899427
4067310978258440576,267.08113595850887,-24.74472893826959,20.564337
4067304312461163264,267.0324506375117,-24.818622841245496,19.691473
4067311012618146304,267.06674731543603,-24.741815247993333,19.845497
4067310497214230144,267.03285081197305,-24.784347280287832,20.060722
4067310325422088064,267.0737874624056,-24.78782445226273,20.069242
4067311012618180096,267.07242755039135,-24.746325910431437,20.604837
4067304312461163392,267.03211310662726,-24.818932090971554,19.293211
4067310462854485632,267.027879561398,-24.79044491181205,19.322311
4067310187976421632,267.04727681113707,-24.80679912473937,19.787888
4067310325422087936,267.0733255226267,-24.78780173218382,20.133648
4067310222344089728,267.0569371925283,-24.790026190122596,19.551868
4067309500788097024,267.0783171565953,-24.8097330337902,20.878225
4067310325422087296,267.07456928589824,-24.78688926205793,20.153988
4067304209381865984,267.0286528088237,-24.839104317209305,19.319435
4067310325423305088,267.06815367313834,-24.781936067881375,19.595045
4067310943899073024,267.07255728443744,-24.75844999632645,20.792784
4067310531580722560,267.05473750348057,-24.779355914291475,20.210165
4067304381188569984,267.00149939369385,-24.826062514445873,20.47465
4067303487833781248,267.05136144937075,-24.83760855213015,20.749628
4067304552979542656,267.0016236800633,-24.8055597267069,19.17575
4067310256703793536,267.08241802320856,-24.79609878247628,19.300945
4067310222344089856,267.0541067576593,-24.79169841129304,19.858936
4067309397708783232,267.0757119311619,-24.82057961436734,20.360165
4067304346821005312,266.98986969760875,-24.832019090286863,19.650103
4067310462854543360,267.01731543136736,-24.79183035233939,19.366426
4067311012618179712,267.0672955223656,-24.739768157316288,20.75304
4067310394134960640,267.03223125659736,-24.794609054403434,18.604677
4067304415540589312,266.9733742914672,-24.829741266298598,18.27603
4067310114945847936,267.06377329763086,-24.81946828091744,19.540201
4067311012618179840,267.07043343194783,-24.74280099948241,20.503952
4067304106302626816,267.0277633009435,-24.84581918533626,19.299334
4067304381188570496,266.9974206934766,-24.828108910086073,19.926983
4067310359781852800,267.08504529802053,-24.777603758186398,20.892435
4067310497221151232,267.02916680331106,-24.775359599603465,18.948778
4067304346821005824,266.9880349527687,-24.83355108302762,19.721687
4067310149305584768,267.0628862640558,-24.809775283628014,19.34258
4067310325422088320,267.07075603665237,-24.789919151297074,18.689388
4067310325422114688,267.07386812765156,-24.785311226396175,20.594917
4067310359783044096,267.07027669232673,-24.78005331082626,20.140568
4067303487843170688,267.05369706899677,-24.838977359009064,15.287485
4067304243748208000,267.0434179031711,-24.826479459287942,20.590427
4067310497214283136,267.02803645327646,-24.78084202578865,19.196812
4067311012618180864,267.068486649967,-24.748552835734383,20.524199
4067310497214283008,267.029252503969,-24.781626227002906,20.131292
4067304243741577344,267.04700789398294,-24.829847530296895,19.25409
4067304415540535296,266.9801083773745,-24.8310737551848,19.1943
4067310943897688320,267.06714564101816,-24.758002289955705,20.59727
4067310222336162048,267.0522378789548,-24.802126931678306,19.388683
4067304449907028096,266.9959474908569,-24.820285602953675,20.797926
4067310119263465856,267.0602949084968,-24.815182295387043,20.99273
4067310531590357120,267.0544184122595,-24.782749070156076,18.762318
4067310943898705536,267.0683870487754,-24.757755439556373,20.582521
4067310428494699520,267.03875803488984,-24.788941485648166,17.513813
4067310634661060480,267.0606829875689,-24.756624820448536,20.58878
4067304273793619968,267.0293413045363,-24.82887070676626,18.176117
4067309363342509056,267.0731124593641,-24.82624985350405,20.04531
4067310462854545536,267.0201010237041,-24.788666070322655,18.945944
4067304346827616000,266.9973960895091,-24.840158848483103,20.566666
4067304484259964928,267.0135625735787,-24.811386565135702,20.422995
4067310222342899712,267.05276874223165,-24.799859773313642,20.427511
4067310737740168704,267.0895247223488,-24.76418540634852,19.229416
4067304209381839744,267.0337271241747,-24.840797359587285,18.897451
4067310462854545792,267.0202820870528,-24.788798544466378,19.613178
4067304312467899136,267.02708468274614,-24.817731097929354,20.658129
4067309496474171904,267.0884022885741,-24.799072030284208,18.171688
4067310462854518912,267.02237455624845,-24.790544888343103,19.367914
4067304583028287360,267.01271264745577,-24.789812988878047,18.02235
4067304243741578240,267.0493043251155,-24.82775544468992,19.940128
4067303483516338432,267.0606527326374,-24.835412079084083,19.781887
4067311012618182016,267.0606770324457,-24.75042683339699,20.507015
4067304552979549184,266.9957134107963,-24.809631316147392,19.808006
4067304346827637760,266.99257590088024,-24.841499003732867,20.389517
4067304415540595840,266.9786274470863,-24.82427721445837,19.72013
4067310595985585152,267.0485987392546,-24.768693930372113,18.185669
4067303487833784576,267.0556017376013,-24.834397125999576,20.625708
4067304312467874432,267.02710709837186,-24.820012799324232,20.295979
4067310531590358400,267.0532384652422,-24.78278854924404,20.108164
4067310291063677696,267.09265492638286,-24.78728481548996,20.676067
4067310359783046400,267.07409666636653,-24.774955204326588,19.81957
4067304583028286592,267.0057024224908,-24.795286737084297,18.551659
4067304449900334720,266.9898068352232,-24.814476316431275,20.160757
4067304587339220864,267.0201562760171,-24.797693181322938,19.508074
4067311042659132160,267.07919072138156,-24.740010018562455,18.9574
4067304243741579136,267.04877066587795,-24.82800614837697,20.00862
4067310462871646848,267.0225943340644,-24.781716570991346,18.303982
4067310394134966144,267.0296585541335,-24.796553995659817,19.871628
4067310978258814848,267.0860424012064,-24.752327216446183,20.833399
4067304209381844992,267.03226844611584,-24.841345453913302,19.735725
4067310394141658496,267.04269213154623,-24.800196849994865,20.687576
4067304209388463104,267.0278710855643,-24.83794070856334,20.911957
4067310737740169984,267.0802913680581,-24.768803429533843,19.263657
4067310531590359808,267.05183912759156,-24.78188235381621,19.090443
4067310394134963328,267.0289165828759,-24.79775221542112,18.766794
4067311046977879424,267.0723821758699,-24.741698098816645,20.162533
4067310428502524032,267.0540554569976,-24.787790262910793,19.769968
4067310737738952576,267.0929682326335,-24.77419350280329,19.039684
4067310943907219456,267.087166666685,-24.758380409075727,18.772793
4067310119256858752,267.05185741505863,-24.821281564625956,19.41829
4067304346821013248,266.983207550264,-24.83637377126003,19.406538
4067310462854548224,267.0178970646464,-24.790709634733624,18.036526
4067310600301280256,267.04621082318766,-24.760090385399465,19.422804
4067310325422165120,267.06183564196124,-24.788892311058223,20.608442
4067310458543549312,267.018132150824,-24.786586575745467,17.250647
4067304243741584000,267.0475968703805,-24.828044099910954,19.356684
4067310634661061760,267.0511745131088,-24.75478155123966,20.71215
4067310462854547456,267.0213105642501,-24.787540012357198,19.239683
4067304346827703296,266.99421436109736,-24.833932053780085,20.362144
4067310634661061632,267.05558933027,-24.75793419832902,20.487467
4067310462854547840,267.02117458466785,-24.7873979752598,20.129778
4067310497231386240,267.02528296834265,-24.77703718407335,18.152397
4067310187976426624,267.0409447007274,-24.81084036802212,20.007294
4067310462871647744,267.0264888991338,-24.782971946547516,19.89486
4067304209381846272,267.0358502244344,-24.83796520452125,19.04592
4067310222342877696,267.0603912137264,-24.79671028788735,18.825163
4067310291063528192,267.0853299864157,-24.79571207137252,19.973852
4067304518619701760,267.0199768935085,-24.805510010263056,18.08177
4067304552979547264,266.99394916213424,-24.81100846703849,20.148987
4067310462854518528,267.0195284756594,-24.793301353525663,19.302464
4067310497231386368,267.02509254241374,-24.776636569765678,18.579338
4067304518626394624,267.02705178430836,-24.81139049117801,20.260778
4067304484276405760,267.0073513279294,-24.814404302278692,20.794546
4067304484259963520,267.0033342926288,-24.820326217255534,20.31197
4067310943907220480,267.0764921546982,-24.76482540615025,17.264738
4067304209381846400,267.0342204059466,-24.839352027432536,19.843424
4067310634661063552,267.0495947461097,-24.76194259723182,20.750105
4067310359783048192,267.07947034771985,-24.769818262699385,19.98839
4067304484259963648,267.0030286470872,-24.819994901123383,19.89668
4067309363358432256,267.06653625076035,-24.826476829402203,18.827414
4067304243741584896,267.04012400170217,-24.83422646309917,20.188513
4067310462871647232,267.0223660037559,-24.77881205610042,18.316147
4067310119256858368,267.0580900240687,-24.81598336739948,19.458456
4067310359783048576,267.072428593647,-24.77454940695194,19.71423
4067304278101426432,267.01920849219084,-24.829779487167926,20.12095
4067310462871647616,267.02638428752755,-24.783187107632113,19.780176
4067310462871647488,267.0265346819018,-24.783527248544715,18.723106
4067304239422173312,267.04442358690045,-24.839375568254695,17.185806
4067304175022211584,267.0113191261912,-24.836418410296695,19.705688
4067310634661063040,267.05416141164676,-24.763841447957507,20.440203
4067310943907222144,267.0844116451841,-24.757660700953654,20.512766
4067310737740171904,267.0856806229884,-24.764820284445474,19.91449
4067310497222064640,267.03328915257845,-24.768964516378492,19.701534
